timestamp,day,phase,temperature_active1,temperature_active2,temperature_curing1,temperature_curing2,moisture_active1,moisture_active2,moisture_curing1,moisture_curing2,oxygen,co2,methane_ppm,aeration_on
2025-01-01 00:00:00,0,active,60.54,58.46,23.06,22.11,59.67,58.17,50.27,47.85,15.92,11.43,13.27,1
2025-01-01 01:00:00,0,active,59.44,57.82,22.37,22.1,59.26,58.39,49.34,47.98,15.46,11.53,27.84,0
2025-01-01 02:00:00,0,active,59.93,59.1,21.62,20.34,60.26,58.49,50.56,48.1,16.06,12.14,17.94,0
2025-01-01 03:00:00,0,active,60.34,59.66,22.16,20.38,59.71,57.79,50.48,46.59,16.66,12.82,7.55,0
2025-01-01 04:00:00,0,active,59.81,58.29,20.55,19.32,59.34,57.8,49.81,46.87,16.61,12.69,33.06,0
2025-01-01 05:00:00,0,active,60.47,59.52,21.69,22.0,60.22,57.98,51.24,48.31,17.38,12.88,23.23,0
2025-01-01 06:00:00,0,active,60.65,60.31,22.61,21.67,59.82,57.68,49.36,48.32,18.32,11.61,20.3,1
2025-01-01 07:00:00,0,active,59.78,58.85,21.71,20.83,60.09,58.74,50.51,48.12,17.66,12.96,14.09,0
2025-01-01 08:00:00,0,active,61.63,60.5,22.06,21.33,59.83,57.35,49.85,48.05,18.5,13.07,31.9,0
2025-01-01 09:00:00,0,active,61.55,60.8,21.41,20.4,59.5,57.06,49.96,48.23,18.18,13.14,9.55,0
2025-01-01 10:00:00,0,active,60.99,60.2,22.37,21.65,59.16,58.16,50.44,47.64,17.92,13.15,16.44,0
2025-01-01 11:00:00,0,active,61.43,60.47,22.04,21.25,60.04,57.7,50.51,47.69,18.21,13.37,28.32,0
2025-01-01 12:00:00,0,active,62.01,60.8,21.98,21.97,59.2,56.96,50.4,48.23,18.87,12.64,18.37,1
2025-01-01 13:00:00,0,active,61.71,60.55,22.45,22.09,60.34,58.21,49.32,47.43,17.84,13.78,15.77,0
2025-01-01 14:00:00,0,active,61.89,60.93,22.8,22.07,59.86,58.22,50.53,48.01,17.3,14.17,26.59,0
2025-01-01 15:00:00,0,active,61.32,60.1,22.38,21.83,59.66,57.25,49.68,48.22,16.09,14.36,24.04,0
2025-01-01 16:00:00,0,active,62.68,62.22,21.11,20.52,59.18,57.03,49.92,47.59,16.11,14.53,18.98,0
2025-01-01 17:00:00,0,active,62.58,61.93,22.18,20.91,60.62,58.19,50.09,48.68,14.95,14.91,11.09,0
2025-01-01 18:00:00,0,active,62.81,62.25,22.11,21.73,59.47,58.12,49.32,48.26,16.6,14.57,20.47,1
2025-01-01 19:00:00,0,active,61.88,61.69,21.4,20.32,59.93,58.14,50.56,48.05,14.55,14.87,14.63,0
2025-01-01 20:00:00,0,active,63.93,63.56,21.17,20.66,59.2,57.48,49.9,47.64,13.82,15.66,26.85,0
2025-01-01 21:00:00,0,active,63.17,62.74,21.77,21.0,60.25,58.15,49.45,48.57,13.53,15.49,16.12,0
2025-01-01 22:00:00,0,active,62.98,62.13,21.83,21.36,59.8,58.61,49.69,47.7,12.67,16.46,32.88,0
2025-01-01 23:00:00,0,active,64.55,63.48,21.94,21.68,60.14,58.05,49.37,48.82,12.77,16.22,41.47,0
2025-01-02 00:00:00,1,active,63.44,63.36,21.61,21.01,60.0,58.0,49.42,48.91,14.03,15.73,39.58,1
2025-01-02 01:00:00,1,active,62.71,61.45,22.05,21.03,59.41,58.26,50.18,47.9,12.01,16.88,21.05,0
2025-01-02 02:00:00,1,active,63.46,62.21,22.12,21.17,58.95,57.86,50.25,48.57,12.14,17.33,16.63,0
2025-01-02 03:00:00,1,active,62.44,61.09,21.83,21.23,59.48,57.56,50.64,49.21,11.96,16.76,11.22,0
2025-01-02 04:00:00,1,active,64.55,63.64,22.16,21.17,59.05,57.75,51.14,48.36,12.32,17.4,14.65,0
2025-01-02 05:00:00,1,active,63.77,62.94,21.68,20.7,59.19,58.09,50.42,48.06,12.66,17.34,18.48,0
2025-01-02 06:00:00,1,active,63.67,63.09,21.18,20.31,60.4,57.69,48.81,48.53,12.58,17.56,0.0,1
2025-01-02 07:00:00,1,active,64.86,63.77,21.97,21.0,59.92,57.89,50.36,47.99,12.67,17.71,12.78,0
2025-01-02 08:00:00,1,active,63.31,61.62,22.41,21.79,59.54,57.23,50.15,48.29,12.65,18.46,9.23,0
2025-01-02 09:00:00,1,active,64.71,63.83,23.32,22.31,59.73,57.39,50.34,47.49,13.15,18.33,9.21,0
2025-01-02 10:00:00,1,active,63.22,62.62,20.91,20.12,59.85,56.56,50.45,47.84,14.28,19.11,15.83,0
2025-01-02 11:00:00,1,active,64.14,63.15,21.72,20.6,59.43,57.93,50.1,48.25,15.09,18.78,40.58,0
2025-01-02 12:00:00,1,active,63.88,62.83,21.53,20.01,59.25,57.59,50.48,48.12,15.75,18.07,13.33,1
2025-01-02 13:00:00,1,active,65.54,64.77,22.1,21.6,59.34,56.76,50.37,47.99,15.88,19.58,43.63,0
2025-01-02 14:00:00,1,active,65.78,65.36,21.53,21.1,59.54,57.62,51.08,47.63,15.49,19.25,13.44,0
2025-01-02 15:00:00,1,active,64.58,63.55,22.03,21.01,60.44,56.86,49.69,47.65,16.59,19.44,12.35,0
2025-01-02 16:00:00,1,active,65.33,63.76,22.46,21.96,58.53,57.61,49.53,48.25,17.07,20.0,24.27,0
2025-01-02 17:00:00,1,active,64.76,63.53,21.6,20.89,59.23,58.42,49.92,48.03,16.92,20.0,22.56,0
2025-01-02 18:00:00,1,active,65.24,64.18,21.93,20.64,58.86,57.35,51.27,48.3,18.9,19.2,35.41,1
2025-01-02 19:00:00,1,active,64.48,62.76,22.78,22.43,60.56,56.82,49.01,47.9,18.14,20.0,20.42,0
2025-01-02 20:00:00,1,active,63.93,63.24,22.41,20.79,58.82,56.96,49.91,47.82,17.81,20.0,24.67,0
2025-01-02 21:00:00,1,active,63.89,62.59,21.16,20.32,59.86,57.35,49.45,47.64,17.76,20.0,16.87,0
2025-01-02 22:00:00,1,active,65.22,64.42,23.01,22.47,59.46,56.94,49.96,48.46,18.29,20.0,8.66,0
2025-01-02 23:00:00,1,active,66.35,65.42,21.63,20.37,59.37,57.55,50.21,47.83,18.14,20.0,21.96,0
2025-01-03 00:00:00,2,active,65.16,64.04,22.12,21.94,59.69,56.04,49.54,47.63,18.81,19.2,37.41,1
2025-01-03 01:00:00,2,active,64.68,64.33,21.77,20.71,59.28,57.94,50.62,48.59,17.8,20.0,27.02,0
2025-01-03 02:00:00,2,active,66.14,64.91,21.75,21.42,58.84,57.02,51.02,47.7,17.03,20.0,20.01,0
2025-01-03 03:00:00,2,active,65.12,63.85,21.63,20.73,60.11,57.06,49.78,48.38,16.61,20.0,17.26,0
2025-01-03 04:00:00,2,active,65.02,64.13,22.28,21.74,58.29,57.82,50.45,48.65,15.86,20.0,13.85,0
2025-01-03 05:00:00,2,active,65.08,64.42,21.59,20.74,57.86,57.61,49.56,48.71,15.68,20.0,39.99,0
2025-01-03 06:00:00,2,active,64.82,63.82,21.34,21.48,58.48,55.97,49.48,47.14,16.12,19.2,21.22,1
2025-01-03 07:00:00,2,active,64.68,63.29,21.69,21.04,59.33,56.18,50.39,47.77,15.23,20.0,18.3,0
2025-01-03 08:00:00,2,active,63.96,63.24,21.97,21.57,58.5,57.5,50.39,48.18,14.44,20.0,8.77,0
2025-01-03 09:00:00,2,active,65.08,64.32,20.97,20.44,58.93,56.72,49.46,47.98,13.33,20.0,12.89,0
2025-01-03 10:00:00,2,active,64.67,64.5,22.37,21.63,59.41,56.4,50.32,47.73,12.62,20.0,16.65,0
2025-01-03 11:00:00,2,active,65.38,64.29,21.62,20.7,59.24,57.38,50.72,48.83,12.27,20.0,26.41,0
2025-01-03 12:00:00,2,active,64.38,63.47,22.34,21.69,59.06,56.82,49.73,47.62,13.38,19.2,24.52,1
2025-01-03 13:00:00,2,active,63.39,62.17,22.67,22.25,59.45,57.11,49.23,47.22,11.84,20.0,0.0,0
2025-01-03 14:00:00,2,active,64.4,62.81,22.13,21.69,58.81,56.36,50.16,47.74,11.7,20.0,13.44,0
2025-01-03 15:00:00,2,active,65.4,64.43,22.24,21.65,59.4,56.56,50.53,47.48,11.72,20.0,30.55,0
2025-01-03 16:00:00,2,active,64.07,63.41,21.75,20.89,58.86,56.7,50.0,47.87,12.01,20.0,30.8,0
2025-01-03 17:00:00,2,active,63.68,62.27,21.64,21.12,59.62,56.95,50.31,47.69,11.68,20.0,36.77,0
2025-01-03 18:00:00,2,active,63.4,62.13,21.03,19.83,59.35,57.37,49.74,47.64,12.91,19.2,31.32,1
2025-01-03 19:00:00,2,active,63.39,61.92,21.88,21.07,58.74,55.8,50.14,47.15,12.93,20.0,25.7,0
2025-01-03 20:00:00,2,active,63.74,63.28,21.7,20.08,59.36,56.26,49.88,49.03,12.98,20.0,17.59,0
2025-01-03 21:00:00,2,active,63.1,61.85,20.79,19.71,59.2,56.27,50.1,47.87,13.52,20.0,23.58,0
2025-01-03 22:00:00,2,active,64.6,63.83,22.11,21.25,59.13,56.75,50.36,47.44,14.59,20.0,25.21,0
2025-01-03 23:00:00,2,active,63.41,62.07,22.74,21.37,58.82,56.24,49.98,47.66,14.15,20.0,21.19,0
2025-01-04 00:00:00,3,active,63.53,62.56,22.18,20.92,57.92,56.69,49.94,47.48,16.0,19.2,21.84,1
2025-01-04 01:00:00,3,active,64.2,62.95,22.56,22.13,58.28,57.28,49.24,48.31,16.35,20.0,21.18,0
2025-01-04 02:00:00,3,active,64.11,62.17,21.84,21.24,59.1,56.69,49.07,47.64,16.7,20.0,22.91,0
2025-01-04 03:00:00,3,active,62.95,61.98,21.47,21.11,59.3,57.31,49.72,47.4,17.01,19.49,23.68,0
2025-01-04 04:00:00,3,active,63.14,62.35,22.01,21.68,57.62,56.56,49.99,48.25,16.31,18.9,23.34,0
2025-01-04 05:00:00,3,active,63.24,61.4,21.8,21.26,57.96,55.49,49.81,47.91,17.04,19.66,16.5,0
2025-01-04 06:00:00,3,active,62.53,61.46,21.41,20.93,57.27,56.51,50.01,49.07,18.65,18.47,16.63,1
2025-01-04 07:00:00,3,active,61.43,60.26,22.49,21.82,57.67,56.69,49.84,47.22,17.36,19.53,26.53,0
2025-01-04 08:00:00,3,active,62.74,61.31,22.06,21.78,58.79,56.12,49.78,46.81,17.55,18.91,10.37,0
2025-01-04 09:00:00,3,active,62.73,61.63,21.65,20.24,58.05,56.39,49.69,48.21,18.57,19.11,17.24,0
2025-01-04 10:00:00,3,active,62.28,60.51,22.08,21.21,58.68,57.21,49.94,47.77,17.21,18.99,23.79,0
2025-01-04 11:00:00,3,active,61.32,60.42,21.9,21.53,59.21,56.71,50.35,48.57,17.46,17.91,36.93,0
2025-01-04 12:00:00,3,active,61.59,61.06,22.29,21.83,57.32,55.78,49.85,47.81,18.32,16.99,15.17,1
2025-01-04 13:00:00,3,active,61.18,59.68,22.78,22.01,58.4,55.66,49.18,48.44,18.32,17.71,3.46,0
2025-01-04 14:00:00,3,active,61.19,60.16,21.67,20.75,58.5,56.77,49.57,47.48,16.88,17.5,12.7,0
2025-01-04 15:00:00,3,active,61.97,61.54,21.38,20.93,58.55,56.71,49.55,48.34,16.22,17.18,32.57,0
2025-01-04 16:00:00,3,active,61.93,60.98,22.67,21.81,58.89,55.64,50.05,47.3,15.64,17.37,14.39,0
2025-01-04 17:00:00,3,active,61.24,60.03,23.18,21.94,58.94,56.21,50.48,46.77,15.28,16.89,31.91,0
2025-01-04 18:00:00,3,active,60.98,59.62,21.68,21.35,58.58,56.35,48.63,47.42,16.53,15.98,0.17,1
2025-01-04 19:00:00,3,active,60.88,59.95,21.53,20.58,57.66,56.87,49.62,47.52,14.38,15.9,5.79,0
2025-01-04 20:00:00,3,active,60.28,59.22,21.38,20.66,58.88,56.75,49.64,48.64,14.19,15.21,15.43,0
2025-01-04 21:00:00,3,active,60.05,59.3,21.98,20.54,59.45,57.63,51.09,47.86,13.17,15.49,22.33,0
2025-01-04 22:00:00,3,active,59.5,57.89,22.04,20.22,57.52,55.84,49.64,48.27,13.58,15.16,33.45,0
2025-01-04 23:00:00,3,active,59.68,59.11,21.85,21.24,58.08,55.17,50.25,48.28,13.51,15.11,5.64,0
2025-01-05 00:00:00,4,active,60.88,59.72,22.4,22.27,58.34,56.14,50.75,46.95,13.48,13.94,19.28,1
2025-01-05 01:00:00,4,active,59.85,59.11,21.57,19.87,57.89,56.78,49.75,48.38,11.99,14.35,27.89,0
2025-01-05 02:00:00,4,active,58.93,57.64,21.69,20.69,58.23,55.5,49.91,47.77,11.53,14.45,28.76,0
2025-01-05 03:00:00,4,active,58.65,57.13,21.36,20.79,58.24,55.52,49.96,48.22,12.24,13.98,20.71,0
2025-01-05 04:00:00,4,active,58.22,56.99,22.68,21.96,58.71,56.26,50.09,48.15,11.81,13.61,23.69,0
2025-01-05 05:00:00,4,active,58.76,57.38,22.52,21.75,57.83,56.12,49.59,47.77,12.86,13.56,15.89,0
2025-01-05 06:00:00,4,active,58.57,57.42,22.64,21.83,57.92,56.85,50.05,48.29,13.64,12.18,27.02,1
2025-01-05 07:00:00,4,active,57.27,56.53,21.56,20.38,59.13,55.79,49.72,47.42,12.22,13.66,29.65,0
2025-01-05 08:00:00,4,active,58.23,57.66,22.65,22.3,58.61,57.6,49.63,47.27,12.71,13.04,19.09,0
2025-01-05 09:00:00,4,active,57.39,56.48,22.13,21.72,57.67,56.56,50.73,48.47,13.08,12.04,32.55,0
2025-01-05 10:00:00,4,active,58.39,57.17,22.34,21.7,57.2,56.54,49.25,47.64,14.28,11.63,20.15,0
2025-01-05 11:00:00,4,active,57.43,56.25,22.28,20.56,57.87,55.22,50.47,47.93,15.15,11.95,12.99,0
2025-01-05 12:00:00,4,active,58.16,57.4,21.83,21.71,58.19,56.26,49.89,48.2,16.15,10.77,26.1,1
2025-01-05 13:00:00,4,active,56.65,56.11,21.9,21.09,57.71,57.04,49.96,48.48,15.26,11.24,31.15,0
2025-01-05 14:00:00,4,active,56.55,55.42,21.22,20.64,57.01,55.79,49.67,47.61,16.54,10.86,18.98,0
2025-01-05 15:00:00,4,active,56.7,55.65,21.71,21.69,57.06,56.98,50.06,47.64,16.45,10.62,23.7,0
2025-01-05 16:00:00,4,active,56.96,55.66,21.87,21.61,57.37,56.38,50.29,48.56,17.07,11.33,15.74,0
2025-01-05 17:00:00,4,active,56.46,55.54,21.41,20.58,57.75,56.61,49.46,47.77,16.79,10.67,25.39,0
2025-01-05 18:00:00,4,active,55.18,54.56,22.04,21.67,57.88,56.13,50.27,48.24,18.65,9.48,12.09,1
2025-01-05 19:00:00,4,active,55.83,53.67,22.63,22.07,58.36,56.46,48.94,48.14,17.99,9.77,10.86,0
2025-01-05 20:00:00,4,active,55.54,54.64,21.74,20.72,57.24,54.79,49.56,47.92,17.47,9.52,35.93,0
2025-01-05 21:00:00,4,active,55.07,53.85,21.51,20.77,57.15,55.73,49.32,48.13,18.34,9.33,25.47,0
2025-01-05 22:00:00,4,active,54.74,52.81,21.56,20.06,56.59,55.52,49.84,48.03,18.25,9.34,8.97,0
2025-01-05 23:00:00,4,active,55.98,55.1,22.08,20.66,56.98,55.83,50.29,47.81,18.12,8.82,17.13,0
2025-01-06 00:00:00,5,active,54.5,53.47,22.86,22.15,57.42,55.51,49.61,48.92,17.16,8.14,12.1,1
2025-01-06 01:00:00,5,active,54.03,53.18,22.07,21.85,57.36,55.0,50.11,48.48,18.04,8.95,26.82,0
2025-01-06 02:00:00,5,active,54.73,53.18,22.02,20.83,57.4,55.96,49.89,47.72,16.76,8.35,14.48,0
2025-01-06 03:00:00,5,active,54.24,54.09,21.37,21.06,57.61,55.88,50.61,47.77,16.44,7.94,8.92,0
2025-01-06 04:00:00,5,active,53.92,52.97,22.16,21.43,57.25,55.67,49.07,47.39,15.5,8.71,16.42,0
2025-01-06 05:00:00,5,active,54.25,53.11,22.3,22.23,56.59,56.21,49.1,47.97,15.37,7.89,0.0,0
2025-01-06 06:00:00,5,active,53.88,53.49,21.79,20.85,57.54,55.42,49.83,47.55,15.89,7.15,16.34,1
2025-01-06 07:00:00,5,active,53.62,52.88,21.98,22.37,57.61,56.17,48.99,48.02,14.94,8.2,4.14,0
2025-01-06 08:00:00,5,active,53.8,53.13,21.66,21.05,56.91,56.06,50.03,47.61,13.52,7.8,11.47,0
2025-01-06 09:00:00,5,active,53.21,52.68,22.36,21.47,59.31,55.06,50.05,47.38,13.61,7.49,26.94,0
2025-01-06 10:00:00,5,active,52.49,50.66,22.66,21.97,55.84,56.05,49.5,47.58,13.26,7.28,33.17,0
2025-01-06 11:00:00,5,active,52.46,52.13,22.18,20.66,56.41,55.38,49.56,48.05,12.61,6.84,27.6,0
2025-01-06 12:00:00,5,active,52.19,51.05,22.24,21.59,56.95,55.74,50.09,48.24,13.39,6.19,27.81,1
2025-01-06 13:00:00,5,active,52.46,51.57,22.02,21.1,56.93,55.27,50.17,48.12,12.33,7.07,0.0,0
2025-01-06 14:00:00,5,active,51.51,50.88,21.67,21.08,56.7,56.27,49.84,47.95,11.39,7.13,11.77,0
2025-01-06 15:00:00,5,active,50.89,49.61,21.6,20.69,57.37,55.75,50.26,48.32,11.84,6.44,27.0,0
2025-01-06 16:00:00,5,active,51.88,51.0,21.79,19.91,57.88,53.88,49.63,48.15,11.81,6.75,27.82,0
2025-01-06 17:00:00,5,active,50.85,50.16,22.05,20.21,57.51,54.87,50.08,49.07,12.25,6.91,16.85,0
2025-01-06 18:00:00,5,active,50.32,49.31,21.99,20.93,57.29,54.66,50.51,48.14,14.25,5.74,12.58,1
2025-01-06 19:00:00,5,active,51.56,50.75,22.5,21.19,58.08,55.23,50.47,47.98,12.34,6.59,27.72,0
2025-01-06 20:00:00,5,active,50.75,49.1,22.36,21.92,56.22,55.78,49.48,48.24,13.83,5.93,9.47,0
2025-01-06 21:00:00,5,active,51.31,49.84,22.73,21.51,56.99,55.4,49.56,48.01,13.26,5.88,14.71,0
2025-01-06 22:00:00,5,active,50.54,49.08,22.38,21.76,57.12,54.3,49.56,48.12,14.0,6.42,8.98,0
2025-01-06 23:00:00,5,active,50.04,49.19,21.87,21.01,56.86,54.05,50.07,47.82,14.68,6.32,0.14,0
2025-01-07 00:00:00,6,active,49.81,50.31,22.04,21.87,56.95,55.3,50.19,47.32,15.26,5.08,21.37,1
2025-01-07 01:00:00,6,active,50.1,49.21,21.18,20.42,56.88,55.11,49.36,48.65,16.19,5.5,30.33,0
2025-01-07 02:00:00,6,active,50.1,49.05,22.82,22.11,56.6,55.75,49.36,47.22,16.11,5.91,25.57,0
2025-01-07 03:00:00,6,active,49.63,48.61,21.7,20.5,56.26,55.57,50.05,47.53,16.6,5.36,12.54,0
2025-01-07 04:00:00,6,active,49.82,49.21,21.79,21.14,56.3,55.37,48.79,48.37,17.7,5.55,26.19,0
2025-01-07 05:00:00,6,active,48.93,48.21,22.9,22.37,56.73,56.04,50.42,48.62,17.19,6.1,9.88,0
2025-01-07 06:00:00,6,active,49.72,48.26,21.46,20.61,57.15,55.39,49.94,48.03,18.76,4.88,0.0,1
2025-01-07 07:00:00,6,active,48.51,47.91,21.68,21.17,57.19,55.59,49.54,47.72,17.25,5.51,15.18,0
2025-01-07 08:00:00,6,active,49.34,48.33,21.96,20.75,57.3,54.87,50.45,47.93,18.24,5.2,24.93,0
2025-01-07 09:00:00,6,active,49.74,49.07,21.7,20.82,55.38,55.37,49.95,47.99,17.95,4.61,3.84,0
2025-01-07 10:00:00,6,active,49.86,48.06,22.04,21.4,56.26,56.13,49.63,47.84,17.86,5.41,16.7,0
2025-01-07 11:00:00,6,active,50.11,48.48,22.12,21.19,56.09,54.43,51.07,47.5,17.74,5.1,20.65,0
2025-01-07 12:00:00,6,active,48.02,47.26,22.31,22.0,56.76,54.33,49.95,47.93,18.97,4.5,22.79,1
2025-01-07 13:00:00,6,active,49.3,47.58,21.94,21.4,56.75,54.78,50.01,47.68,17.09,4.57,35.06,0
2025-01-07 14:00:00,6,active,49.45,48.61,22.34,21.29,56.47,55.7,50.13,48.08,17.24,4.96,10.92,0
2025-01-07 15:00:00,6,active,49.2,48.34,21.83,20.66,57.29,55.05,49.91,47.96,16.61,5.15,12.08,0
2025-01-07 16:00:00,6,active,47.95,47.0,22.3,21.5,56.39,54.56,50.24,47.65,15.21,5.25,22.07,0
2025-01-07 17:00:00,6,active,48.64,47.78,22.58,21.49,56.73,55.33,49.73,48.69,15.68,4.7,30.53,0
2025-01-07 18:00:00,6,active,49.41,48.51,21.13,20.18,56.95,54.93,50.4,47.42,16.15,3.52,21.81,1
2025-01-07 19:00:00,6,active,47.29,46.47,21.88,20.63,56.89,54.94,50.07,47.48,14.21,4.76,15.64,0
2025-01-07 20:00:00,6,active,48.37,47.21,22.08,21.6,56.4,54.13,50.04,48.69,13.71,4.78,17.56,0
2025-01-07 21:00:00,6,active,48.66,47.65,21.05,20.33,57.39,53.79,50.48,48.12,13.48,4.95,34.91,0
2025-01-07 22:00:00,6,active,47.47,47.65,20.47,19.8,56.98,55.15,49.4,48.05,13.27,4.75,27.66,0
2025-01-07 23:00:00,6,active,48.15,47.6,22.15,21.68,57.1,54.54,49.98,47.58,12.88,4.94,26.17,0
2025-01-08 00:00:00,7,active,47.06,46.31,21.67,19.95,56.65,55.27,50.3,47.14,12.81,3.81,22.28,1
2025-01-08 01:00:00,7,active,47.13,46.29,22.39,21.6,56.61,56.03,50.46,47.68,12.18,4.28,30.78,0
2025-01-08 02:00:00,7,active,47.04,45.75,21.99,21.09,56.0,55.31,49.86,46.53,11.47,4.75,26.65,0
2025-01-08 03:00:00,7,active,47.56,46.65,21.99,21.46,55.29,54.08,49.67,48.63,12.06,4.49,23.48,0
2025-01-08 04:00:00,7,active,47.31,46.21,21.82,21.23,55.74,54.93,50.41,48.06,12.18,4.55,16.67,0
2025-01-08 05:00:00,7,active,47.86,47.23,22.05,21.46,55.47,54.41,49.09,47.27,11.85,4.75,18.18,0
2025-01-08 06:00:00,7,active,46.64,45.27,21.54,21.27,56.36,54.92,50.52,47.5,13.26,3.85,23.12,1
2025-01-08 07:00:00,7,active,47.05,45.1,21.74,20.19,55.49,55.26,49.1,48.39,11.76,4.42,3.46,0
2025-01-08 08:00:00,7,active,47.63,46.41,22.39,21.16,56.03,54.52,49.47,47.75,12.89,4.63,12.82,0
2025-01-08 09:00:00,7,active,47.32,46.6,21.87,21.56,55.75,55.02,50.45,48.62,12.62,4.79,9.23,0
2025-01-08 10:00:00,7,active,46.12,46.1,22.25,22.03,56.29,54.75,49.95,48.18,13.89,4.43,24.39,0
2025-01-08 11:00:00,7,active,47.24,46.65,21.99,20.87,56.16,54.94,49.53,48.03,14.58,3.94,35.69,0
2025-01-08 12:00:00,7,active,46.49,45.1,21.83,21.48,57.08,55.13,50.59,48.71,16.03,3.66,28.79,1
2025-01-08 13:00:00,7,active,46.95,45.86,21.51,21.07,56.77,54.58,50.14,48.37,15.9,4.35,21.94,0
2025-01-08 14:00:00,7,active,46.83,45.45,22.41,21.07,57.14,55.27,49.7,48.19,16.12,4.41,6.91,0
2025-01-08 15:00:00,7,active,47.32,46.25,21.58,20.54,56.25,55.35,50.27,47.57,16.61,3.45,38.68,0
2025-01-08 16:00:00,7,active,46.6,45.24,22.18,21.52,55.1,54.04,50.17,49.24,16.83,3.69,25.62,0
2025-01-08 17:00:00,7,active,45.36,43.71,21.22,20.4,56.74,54.45,49.87,48.02,17.6,3.88,31.52,0
2025-01-08 18:00:00,7,active,45.6,44.78,22.13,22.06,57.3,54.5,50.36,47.71,18.38,3.29,23.53,1
2025-01-08 19:00:00,7,active,46.81,45.88,22.19,21.63,55.87,53.35,50.23,48.08,18.5,3.97,27.09,0
2025-01-08 20:00:00,7,active,46.16,45.09,21.68,21.24,56.94,53.94,49.3,48.11,17.87,3.93,32.25,0
2025-01-08 21:00:00,7,active,46.95,46.09,21.19,20.13,55.97,55.22,50.1,48.23,18.21,3.93,15.98,0
2025-01-08 22:00:00,7,active,46.38,46.19,21.92,20.63,56.12,54.8,50.13,48.67,17.93,3.98,27.38,0
2025-01-08 23:00:00,7,active,45.72,44.77,22.05,21.0,55.96,54.47,50.23,48.14,18.18,3.87,0.0,0
2025-01-09 00:00:00,8,active,46.77,45.62,21.73,21.5,55.65,54.53,49.54,48.38,18.3,3.0,29.79,1
2025-01-09 01:00:00,8,active,45.59,44.94,21.66,21.6,55.71,54.96,50.47,48.15,17.47,4.05,27.23,0
2025-01-09 02:00:00,8,active,44.8,43.15,22.45,21.32,54.92,53.67,49.24,48.13,16.6,4.17,20.81,0
2025-01-09 03:00:00,8,active,47.23,46.53,21.94,21.09,56.04,55.24,49.75,48.53,17.16,3.98,29.79,0
2025-01-09 04:00:00,8,active,44.81,43.5,21.79,19.99,56.0,53.99,49.83,47.04,15.79,3.76,49.98,0
2025-01-09 05:00:00,8,active,46.3,44.97,22.41,22.13,56.33,54.09,50.02,46.56,15.45,3.93,25.43,0
2025-01-09 06:00:00,8,active,46.44,45.49,21.98,20.68,55.85,53.68,49.89,48.01,15.48,3.73,21.91,1
2025-01-09 07:00:00,8,active,45.93,45.6,21.65,21.21,56.11,54.46,50.08,47.36,14.2,4.01,13.4,0
2025-01-09 08:00:00,8,active,44.8,43.5,22.43,22.14,57.18,53.74,50.24,47.21,13.49,3.77,21.61,0
2025-01-09 09:00:00,8,active,46.38,45.76,21.82,20.48,56.42,54.18,50.96,48.3,12.91,4.04,14.86,0
2025-01-09 10:00:00,8,active,44.88,44.03,22.45,21.31,55.72,53.68,49.8,47.73,13.45,3.64,30.77,0
2025-01-09 11:00:00,8,active,44.9,43.35,21.66,21.15,55.93,54.88,50.32,47.93,12.24,3.73,18.24,0
2025-01-09 12:00:00,8,active,45.46,44.83,22.15,21.9,55.77,54.95,49.88,48.09,12.99,3.48,23.31,1
2025-01-09 13:00:00,8,active,46.13,44.79,22.61,21.6,56.51,53.7,49.97,47.56,12.28,4.34,25.45,0
2025-01-09 14:00:00,8,active,45.8,44.22,22.22,21.0,55.41,53.33,49.61,48.29,13.02,3.86,23.77,0
2025-01-09 15:00:00,8,active,46.08,44.77,22.24,21.58,56.33,53.35,49.76,47.82,11.04,3.7,21.85,0
2025-01-09 16:00:00,8,active,45.31,44.01,22.22,21.93,55.92,54.56,50.64,47.66,12.33,4.28,22.82,0
2025-01-09 17:00:00,8,active,45.44,44.68,22.42,21.18,54.07,53.29,49.96,47.74,12.18,3.91,16.58,0
2025-01-09 18:00:00,8,active,44.84,43.55,22.04,20.92,55.91,53.52,50.14,48.59,13.69,3.37,25.23,1
2025-01-09 19:00:00,8,active,45.31,44.91,22.22,21.88,55.27,53.98,49.39,47.92,12.62,3.43,23.5,0
2025-01-09 20:00:00,8,active,45.83,44.92,21.88,21.16,55.04,54.89,50.26,48.23,13.31,3.61,18.79,0
2025-01-09 21:00:00,8,active,45.28,43.99,22.95,21.82,55.56,54.03,50.25,47.66,13.93,3.54,15.57,0
2025-01-09 22:00:00,8,active,45.72,44.39,21.56,20.76,55.73,53.81,50.18,47.79,13.73,3.21,39.06,0
2025-01-09 23:00:00,8,active,45.07,44.16,22.4,21.8,56.99,54.36,50.53,47.42,13.64,2.93,19.4,0
2025-01-10 00:00:00,9,active,45.04,43.23,21.51,21.12,55.55,52.93,50.01,48.18,15.42,3.17,36.71,1
2025-01-10 01:00:00,9,active,45.4,43.53,22.26,21.58,54.97,53.27,49.71,47.98,15.43,3.69,31.17,0
2025-01-10 02:00:00,9,active,45.24,43.89,22.65,21.84,55.39,54.48,50.24,47.81,16.16,3.66,13.79,0
2025-01-10 03:00:00,9,active,45.7,44.95,21.45,19.98,55.72,54.54,50.21,48.75,16.74,3.73,23.7,0
2025-01-10 04:00:00,9,active,45.44,44.51,22.87,22.28,54.86,54.2,50.87,47.84,16.5,3.68,17.42,0
2025-01-10 05:00:00,9,active,46.36,45.37,21.52,20.93,55.26,54.09,49.8,48.32,17.25,3.79,20.13,0
2025-01-10 06:00:00,9,active,45.17,44.08,21.59,20.87,54.41,53.66,50.07,48.62,18.42,2.62,23.02,1
2025-01-10 07:00:00,9,active,45.15,43.28,22.16,21.36,54.62,53.67,50.68,47.76,17.94,4.19,37.74,0
2025-01-10 08:00:00,9,active,44.65,43.52,21.45,20.7,55.08,54.84,49.96,48.47,18.02,3.7,17.04,0
2025-01-10 09:00:00,9,active,45.27,43.56,22.48,22.06,55.76,53.19,51.13,48.19,17.65,3.46,33.49,0
2025-01-10 10:00:00,9,active,45.66,44.99,22.24,21.29,54.76,54.51,51.1,48.34,18.34,3.24,12.98,0
2025-01-10 11:00:00,9,active,44.79,43.79,20.65,19.37,54.76,53.71,50.06,48.99,17.37,3.71,22.41,0
2025-01-10 12:00:00,9,active,45.19,44.16,21.29,20.85,55.2,52.8,50.37,47.58,19.33,3.13,25.6,1
2025-01-10 13:00:00,9,active,45.64,44.8,21.64,20.69,54.63,54.03,50.49,47.4,17.26,3.4,22.62,0
2025-01-10 14:00:00,9,active,45.12,44.25,22.2,21.29,54.88,53.21,49.71,48.55,17.14,3.52,2.33,0
2025-01-10 15:00:00,9,active,44.88,43.97,21.47,20.84,54.64,53.91,49.6,47.19,16.39,3.2,17.9,0
2025-01-10 16:00:00,9,active,45.77,44.9,21.64,20.73,56.2,53.86,50.62,47.6,16.4,3.12,8.05,0
2025-01-10 17:00:00,9,active,45.23,44.0,22.3,21.47,54.87,55.01,50.49,47.97,15.14,4.25,23.03,0
2025-01-10 18:00:00,9,active,45.4,43.87,21.5,20.25,55.96,53.26,49.83,48.15,15.41,2.65,21.28,1
2025-01-10 19:00:00,9,active,45.86,44.99,22.14,21.86,55.18,52.42,49.71,48.01,14.76,3.56,13.73,0
2025-01-10 20:00:00,9,active,45.83,45.41,21.32,19.98,56.14,53.82,49.43,47.69,13.02,3.97,31.43,0
2025-01-10 21:00:00,9,active,44.93,44.34,22.49,22.21,54.48,53.94,49.3,47.81,12.82,3.6,29.07,0
2025-01-10 22:00:00,9,active,44.82,43.73,22.69,21.38,55.15,53.39,50.45,48.18,13.39,3.84,16.29,0
2025-01-10 23:00:00,9,active,45.3,44.54,21.43,20.34,53.59,53.08,50.2,47.22,12.85,2.96,47.25,0
2025-01-11 00:00:00,10,active,45.04,43.86,20.82,19.85,55.78,53.79,49.94,48.07,13.7,3.18,21.58,1
2025-01-11 01:00:00,10,active,43.97,43.13,21.16,20.71,55.35,53.9,49.31,46.44,11.69,3.5,31.72,0
2025-01-11 02:00:00,10,active,45.87,44.63,22.47,21.74,54.75,53.22,49.59,47.94,10.69,3.88,18.3,0
2025-01-11 03:00:00,10,active,45.11,44.17,21.71,20.72,56.15,53.94,50.09,48.19,11.22,3.34,6.11,0
2025-01-11 04:00:00,10,active,45.54,45.34,22.51,21.2,56.64,53.46,49.39,47.44,11.56,3.39,32.36,0
2025-01-11 05:00:00,10,active,44.39,43.7,21.33,20.93,55.81,53.36,50.04,47.65,13.28,3.62,26.37,0
2025-01-11 06:00:00,10,active,45.86,45.46,21.52,20.73,55.83,52.67,49.71,48.35,12.7,2.69,2.09,1
2025-01-11 07:00:00,10,active,44.73,43.42,21.93,21.29,54.89,52.98,48.75,48.68,12.59,3.43,21.76,0
2025-01-11 08:00:00,10,active,45.01,43.74,22.51,21.64,54.35,53.75,50.25,47.34,12.96,3.7,19.89,0
2025-01-11 09:00:00,10,active,44.23,43.22,21.88,20.87,53.92,54.08,49.63,48.12,13.98,3.44,27.54,0
2025-01-11 10:00:00,10,active,44.97,44.19,21.48,20.94,55.43,54.0,48.95,48.2,14.13,3.42,23.56,0
2025-01-11 11:00:00,10,active,44.93,43.84,22.13,21.45,53.65,53.24,49.85,47.38,14.5,3.49,23.19,0
2025-01-11 12:00:00,10,active,44.95,44.36,22.03,21.68,54.64,53.18,49.25,48.04,16.44,2.42,34.19,1
2025-01-11 13:00:00,10,active,45.32,44.1,22.23,21.51,55.76,52.75,50.41,48.31,15.25,3.28,13.97,0
2025-01-11 14:00:00,10,active,45.09,44.64,21.9,20.53,54.93,52.77,49.77,48.51,16.24,3.74,16.98,0
2025-01-11 15:00:00,10,active,45.64,45.02,21.68,21.18,53.94,53.01,49.91,48.38,16.7,3.18,17.41,0
2025-01-11 16:00:00,10,active,44.77,43.32,22.0,21.21,54.16,53.78,50.49,48.8,16.39,3.24,22.71,0
2025-01-11 17:00:00,10,active,44.45,43.68,20.76,19.87,55.42,53.89,49.12,49.11,17.04,3.1,17.91,0
2025-01-11 18:00:00,10,active,45.03,43.94,22.12,20.07,54.0,53.38,50.04,47.48,18.26,2.2,17.57,1
2025-01-11 19:00:00,10,active,45.42,44.83,22.59,21.44,54.34,53.48,50.45,48.11,17.62,2.98,12.25,0
2025-01-11 20:00:00,10,active,45.79,44.57,22.26,21.52,53.75,52.57,50.24,47.2,17.9,3.6,12.61,0
2025-01-11 21:00:00,10,active,45.53,44.65,21.52,20.46,54.53,53.0,49.48,47.67,17.68,3.62,22.66,0
2025-01-11 22:00:00,10,active,43.98,43.19,21.23,20.53,54.17,53.5,50.17,47.54,17.85,2.87,14.25,0
2025-01-11 23:00:00,10,active,45.26,43.16,22.64,22.07,55.14,53.11,50.83,48.21,17.42,3.41,20.13,0
2025-01-12 00:00:00,11,active,45.91,44.15,21.73,20.93,53.91,53.4,49.53,49.22,18.29,2.62,30.24,1
2025-01-12 01:00:00,11,active,45.07,44.12,21.88,20.7,54.22,52.26,49.71,47.26,17.57,3.51,25.24,0
2025-01-12 02:00:00,11,active,44.72,43.67,22.1,21.47,53.04,53.91,50.3,48.25,16.89,3.24,31.52,0
2025-01-12 03:00:00,11,active,45.21,44.62,21.69,21.04,55.23,52.81,49.98,47.74,16.45,3.52,3.05,0
2025-01-12 04:00:00,11,active,44.72,43.81,22.01,21.1,55.15,52.6,49.89,48.45,15.74,3.55,14.3,0
2025-01-12 05:00:00,11,active,45.41,43.9,22.73,21.16,54.23,53.02,50.84,48.34,14.78,2.54,17.3,0
2025-01-12 06:00:00,11,active,45.01,44.14,21.74,20.44,54.47,50.73,49.65,47.53,15.35,3.04,22.07,1
2025-01-12 07:00:00,11,active,45.86,44.56,22.93,22.45,54.63,52.72,50.43,47.57,14.65,3.31,21.19,0
2025-01-12 08:00:00,11,active,45.32,44.23,22.18,21.27,54.98,54.09,49.37,47.08,14.93,3.41,14.69,0
2025-01-12 09:00:00,11,active,44.58,43.38,22.14,20.62,53.32,52.54,48.56,47.42,14.07,3.62,26.3,0
2025-01-12 10:00:00,11,active,45.38,44.52,22.45,21.58,53.75,53.42,49.96,48.23,12.91,3.33,23.64,0
2025-01-12 11:00:00,11,active,45.58,44.01,22.44,21.65,55.64,51.84,50.36,48.5,12.66,2.84,9.67,0
2025-01-12 12:00:00,11,active,44.67,43.23,22.51,21.96,54.95,51.98,49.77,48.2,13.33,2.58,24.8,1
2025-01-12 13:00:00,11,active,44.76,42.87,22.26,21.63,54.59,51.86,50.82,47.57,12.19,3.44,9.43,0
2025-01-12 14:00:00,11,active,43.63,43.49,21.7,21.05,54.23,53.6,50.01,48.14,12.03,3.03,37.94,0
2025-01-12 15:00:00,11,active,45.55,44.15,22.79,21.68,54.7,51.64,50.29,47.22,11.62,3.04,18.29,0
2025-01-12 16:00:00,11,active,44.66,43.31,21.91,20.44,54.71,52.92,50.14,47.44,12.25,2.13,20.27,0
2025-01-12 17:00:00,11,active,43.74,42.28,21.58,20.52,54.68,52.24,49.48,48.31,13.07,3.11,29.24,0
2025-01-12 18:00:00,11,active,43.95,42.69,22.43,22.17,53.49,53.1,50.61,48.25,12.99,2.32,11.82,1
2025-01-12 19:00:00,11,active,44.88,43.7,22.31,20.89,54.12,52.05,50.7,47.96,12.5,2.68,4.58,0
2025-01-12 20:00:00,11,active,45.47,44.71,21.97,21.52,54.33,52.26,50.68,48.02,13.25,2.77,15.88,0
2025-01-12 21:00:00,11,active,44.95,44.03,22.02,20.62,54.26,52.88,50.61,47.58,13.11,2.96,34.3,0
2025-01-12 22:00:00,11,active,45.29,44.42,22.28,20.95,53.43,51.6,50.65,48.71,13.99,2.65,27.66,0
2025-01-12 23:00:00,11,active,44.35,43.11,22.94,22.17,53.9,51.4,50.45,48.57,14.28,3.17,9.71,0
2025-01-13 00:00:00,12,active,44.2,43.17,21.95,20.81,53.42,53.8,50.63,47.5,15.37,1.77,14.05,1
2025-01-13 01:00:00,12,active,45.54,45.02,21.37,20.46,53.74,52.63,50.16,48.52,16.14,3.06,32.48,0
2025-01-13 02:00:00,12,active,45.3,44.29,21.71,20.43,54.1,52.86,49.65,46.68,15.25,2.62,38.94,0
2025-01-13 03:00:00,12,active,44.99,44.11,22.24,21.48,54.29,52.55,50.25,48.4,16.73,3.07,9.59,0
2025-01-13 04:00:00,12,active,45.77,43.96,21.89,21.42,54.28,52.74,50.48,48.63,17.02,2.64,18.08,0
2025-01-13 05:00:00,12,active,44.43,43.64,21.66,20.26,54.52,52.51,49.63,47.9,17.45,2.98,19.89,0
2025-01-13 06:00:00,12,active,44.75,43.86,22.35,21.75,53.98,52.73,49.99,48.15,18.67,2.14,2.52,1
2025-01-13 07:00:00,12,active,45.62,45.14,22.35,21.69,53.11,51.73,50.57,47.44,18.45,2.41,25.5,0
2025-01-13 08:00:00,12,active,46.11,44.01,21.89,21.39,53.88,50.89,49.82,47.76,18.33,2.95,28.21,0
2025-01-13 09:00:00,12,active,45.01,44.02,22.13,20.4,53.55,52.03,51.29,48.85,17.93,2.91,22.91,0
2025-01-13 10:00:00,12,active,46.01,44.96,21.67,21.22,52.78,53.34,50.32,48.54,18.08,2.82,13.28,0
2025-01-13 11:00:00,12,active,44.64,43.67,21.69,20.41,53.4,52.01,50.66,48.42,18.27,2.68,19.32,0
2025-01-13 12:00:00,12,active,45.2,43.95,21.82,20.9,54.01,51.28,50.46,47.79,19.33,2.3,25.57,1
2025-01-13 13:00:00,12,active,44.9,43.98,21.32,20.32,54.36,53.27,50.58,47.63,16.92,2.74,15.76,0
2025-01-13 14:00:00,12,active,44.05,43.33,22.15,20.93,53.65,52.96,50.12,48.27,16.91,2.91,16.85,0
2025-01-13 15:00:00,12,active,45.16,44.17,21.95,20.79,52.86,51.97,49.67,47.52,15.95,2.72,18.26,0
2025-01-13 16:00:00,12,active,45.56,44.44,21.73,20.63,53.64,52.76,49.36,47.71,15.85,2.62,30.25,0
2025-01-13 17:00:00,12,active,44.91,43.82,22.04,21.29,53.21,52.6,49.26,48.09,15.54,2.54,33.51,0
2025-01-13 18:00:00,12,active,44.96,43.8,22.05,21.52,54.39,51.52,49.6,49.06,15.65,2.03,27.2,1
2025-01-13 19:00:00,12,active,45.84,44.85,21.61,20.68,52.86,52.97,49.07,47.34,14.4,2.64,20.26,0
2025-01-13 20:00:00,12,active,44.25,42.96,21.69,21.19,54.1,52.62,49.85,48.15,14.39,2.69,23.94,0
2025-01-13 21:00:00,12,active,44.1,42.3,21.59,20.83,53.43,52.49,49.51,47.58,13.41,2.74,23.92,0
2025-01-13 22:00:00,12,active,44.61,44.14,22.65,22.29,53.79,52.86,49.67,48.38,12.92,2.89,12.47,0
2025-01-13 23:00:00,12,active,44.28,42.57,21.15,19.8,53.1,51.02,49.59,48.39,11.99,2.14,32.59,0
2025-01-14 00:00:00,13,active,45.81,44.75,21.94,21.18,53.82,52.09,50.38,47.54,13.41,1.65,13.99,1
2025-01-14 01:00:00,13,active,45.19,43.66,22.39,21.55,53.48,53.07,49.68,48.89,11.99,2.6,21.99,0
2025-01-14 02:00:00,13,active,44.48,43.36,21.44,20.68,53.36,52.89,49.6,47.4,12.41,2.84,10.79,0
2025-01-14 03:00:00,13,active,44.63,43.24,21.5,20.82,52.8,51.22,50.81,47.4,11.5,2.51,15.16,0
2025-01-14 04:00:00,13,active,46.72,45.69,21.49,20.99,53.09,52.47,49.84,47.76,12.13,2.37,28.91,0
2025-01-14 05:00:00,13,active,44.63,43.29,21.08,20.32,52.26,51.68,50.72,48.56,11.94,2.65,15.16,0
2025-01-14 06:00:00,13,active,44.54,43.01,22.54,21.93,53.69,52.28,49.79,48.05,13.74,1.76,6.61,1
2025-01-14 07:00:00,13,active,45.18,44.3,21.84,20.9,53.18,51.57,49.91,48.46,12.78,3.11,0.0,0
2025-01-14 08:00:00,13,active,45.38,44.91,21.4,20.53,54.24,52.83,50.12,48.46,12.55,2.63,10.64,0
2025-01-14 09:00:00,13,active,45.13,44.26,21.63,20.56,52.41,53.26,49.31,47.35,13.15,3.1,14.07,0
2025-01-14 10:00:00,13,active,44.46,43.49,22.03,21.64,54.25,52.62,50.76,47.33,14.75,2.78,19.67,0
2025-01-14 11:00:00,13,active,44.31,42.87,21.77,21.27,53.55,52.62,50.86,48.3,14.84,1.92,8.44,0
2025-01-14 12:00:00,13,active,45.36,44.31,21.49,21.19,52.98,52.08,49.78,47.92,16.09,1.79,18.56,1
2025-01-14 13:00:00,13,active,44.97,44.13,22.18,21.18,53.53,51.84,50.56,48.27,15.41,2.71,12.15,0
2025-01-14 14:00:00,13,active,44.02,42.74,21.49,20.6,52.45,52.83,50.13,48.45,15.94,2.75,23.03,0
2025-01-14 15:00:00,13,active,45.7,45.05,21.73,21.9,52.37,52.43,49.77,48.39,16.26,3.04,20.04,0
2025-01-14 16:00:00,13,active,45.47,44.43,22.01,21.62,53.91,52.08,50.82,48.36,16.69,2.4,13.06,0
2025-01-14 17:00:00,13,active,44.86,43.98,21.57,20.17,51.95,51.5,49.49,48.14,17.26,2.5,12.29,0
2025-01-14 18:00:00,13,active,44.84,43.63,21.96,21.44,53.14,51.19,49.98,47.98,18.73,1.54,18.0,1
2025-01-14 19:00:00,13,active,45.14,43.93,21.61,20.93,53.94,52.36,50.49,48.93,17.14,2.68,21.37,0
2025-01-14 20:00:00,13,active,44.59,43.66,23.24,22.29,53.16,52.34,49.89,48.26,17.27,2.26,13.56,0
2025-01-14 21:00:00,13,active,44.19,43.33,21.72,20.79,53.88,51.82,50.23,48.52,18.01,2.27,26.03,0
2025-01-14 22:00:00,13,active,45.19,44.32,22.26,21.1,52.92,51.85,49.36,48.84,17.77,2.23,14.36,0
2025-01-14 23:00:00,13,active,44.14,42.71,21.5,20.47,52.63,50.91,49.9,48.23,17.54,2.44,8.92,0
2025-01-15 00:00:00,14,active,45.23,43.92,21.37,20.24,53.72,51.32,50.06,48.22,19.02,1.33,25.19,1
2025-01-15 01:00:00,14,active,44.14,43.11,21.86,20.57,53.53,51.15,49.37,47.79,17.48,2.96,6.87,0
2025-01-15 02:00:00,14,active,44.94,43.18,21.75,20.78,52.92,52.04,49.58,47.31,16.68,2.26,33.93,0
2025-01-15 03:00:00,14,active,44.92,44.32,21.75,20.58,53.79,51.58,49.68,47.93,16.05,2.11,16.85,0
2025-01-15 04:00:00,14,active,46.07,45.18,21.9,21.37,52.24,51.67,49.87,48.1,16.12,2.59,18.44,0
2025-01-15 05:00:00,14,active,44.36,43.36,22.35,21.95,53.53,51.21,50.1,47.46,15.73,2.8,36.79,0
2025-01-15 06:00:00,14,active,44.15,42.85,22.86,21.98,52.65,51.68,49.83,48.66,15.01,1.16,9.63,1
2025-01-15 07:00:00,14,active,44.61,43.92,22.91,21.96,53.01,50.63,49.18,48.41,14.65,2.43,31.16,0
2025-01-15 08:00:00,14,active,44.33,43.2,21.94,21.38,52.91,52.65,50.02,48.43,14.66,2.33,21.56,0
2025-01-15 09:00:00,14,active,44.65,44.39,22.82,21.95,52.94,51.6,50.65,47.83,13.65,1.93,22.68,0
2025-01-15 10:00:00,14,active,45.25,44.39,22.75,22.74,53.13,51.86,50.01,48.75,13.43,1.97,31.87,0
2025-01-15 11:00:00,14,active,45.46,43.85,21.6,19.73,53.64,51.81,49.81,49.18,12.36,2.64,36.17,0
2025-01-15 12:00:00,14,active,46.0,45.27,21.67,19.91,53.62,51.02,49.99,47.43,13.51,1.45,25.06,1
2025-01-15 13:00:00,14,active,44.56,43.33,21.86,20.6,52.8,52.33,50.3,48.92,12.39,2.32,24.76,0
2025-01-15 14:00:00,14,active,46.58,45.35,22.87,22.24,52.77,51.59,49.32,48.22,12.69,2.13,18.32,0
2025-01-15 15:00:00,14,active,46.19,45.07,21.83,21.32,52.11,51.38,50.79,48.4,11.84,2.34,9.92,0
2025-01-15 16:00:00,14,active,44.88,43.81,21.78,20.77,53.69,52.07,49.85,47.27,11.97,2.09,8.15,0
2025-01-15 17:00:00,14,active,43.63,42.71,22.58,21.77,53.23,50.9,50.95,48.42,12.87,2.66,29.49,0
2025-01-15 18:00:00,14,active,44.95,44.23,21.81,20.87,52.27,51.81,49.66,47.96,13.12,1.63,20.34,1
2025-01-15 19:00:00,14,active,45.04,44.2,21.82,21.2,52.74,52.46,49.51,47.93,12.8,2.53,11.66,0
2025-01-15 20:00:00,14,active,43.62,42.31,22.19,22.18,53.52,51.09,50.1,47.85,13.06,2.35,17.51,0
2025-01-15 21:00:00,14,active,45.04,43.48,21.98,20.26,52.17,51.63,50.5,47.88,13.05,1.85,24.46,0
2025-01-15 22:00:00,14,active,44.88,43.54,20.7,20.77,52.73,50.55,50.25,47.86,14.19,3.04,17.53,0
2025-01-15 23:00:00,14,active,44.53,43.65,21.27,20.88,52.54,51.47,50.1,48.02,14.39,2.03,23.4,0
2025-01-16 00:00:00,15,active,45.38,44.7,22.24,21.3,52.35,51.48,50.16,48.52,15.9,1.46,26.86,1
2025-01-16 01:00:00,15,active,45.6,45.3,21.18,20.56,52.55,50.31,50.11,47.75,16.15,1.95,32.24,0
2025-01-16 02:00:00,15,active,44.71,43.15,22.49,21.67,51.28,52.24,50.55,49.14,15.05,2.23,9.43,0
2025-01-16 03:00:00,15,active,45.14,44.15,21.85,21.23,53.06,52.48,49.98,47.67,16.59,1.97,16.93,0
2025-01-16 04:00:00,15,active,44.61,43.49,22.01,21.39,52.17,50.11,50.35,48.03,16.88,2.36,21.71,0
2025-01-16 05:00:00,15,active,44.53,43.34,22.03,21.52,52.5,51.47,49.73,48.14,17.4,2.69,20.75,0
2025-01-16 06:00:00,15,active,45.05,44.08,21.0,19.78,51.55,50.95,49.93,47.86,18.49,1.25,25.97,1
2025-01-16 07:00:00,15,active,45.31,44.19,21.53,20.97,53.78,51.03,49.63,47.75,17.57,2.16,3.6,0
2025-01-16 08:00:00,15,active,44.66,43.53,21.37,20.29,52.71,51.4,49.87,46.54,17.96,2.29,9.88,0
2025-01-16 09:00:00,15,active,43.67,42.39,22.0,21.07,51.16,51.17,49.75,48.68,18.18,2.13,30.12,0
2025-01-16 10:00:00,15,active,45.35,44.49,22.64,22.15,51.95,51.0,49.26,47.47,18.22,2.4,37.37,0
2025-01-16 11:00:00,15,active,44.04,43.44,21.78,20.79,52.09,51.27,50.5,47.48,17.62,2.62,19.9,0
2025-01-16 12:00:00,15,active,45.07,44.7,21.92,21.23,51.68,50.85,50.2,47.08,18.79,0.84,8.95,1
2025-01-16 13:00:00,15,active,46.07,44.83,20.92,20.24,51.43,51.19,50.29,47.96,17.23,2.54,4.6,0
2025-01-16 14:00:00,15,active,44.99,43.54,21.7,20.93,51.43,50.64,51.15,47.48,16.67,1.97,26.54,0
2025-01-16 15:00:00,15,active,44.29,43.16,21.77,20.47,51.69,51.55,48.99,47.83,16.77,2.08,37.38,0
2025-01-16 16:00:00,15,active,44.12,42.77,21.79,21.18,52.28,52.21,50.22,48.59,16.17,1.81,29.35,0
2025-01-16 17:00:00,15,active,45.7,45.09,22.18,21.45,52.3,51.0,50.08,48.66,15.81,2.61,15.71,0
2025-01-16 18:00:00,15,active,44.99,43.64,22.58,22.67,52.9,50.78,50.56,48.45,15.92,1.31,24.75,1
2025-01-16 19:00:00,15,active,45.32,44.33,21.88,20.66,52.01,51.76,49.72,48.1,13.9,2.3,4.08,0
2025-01-16 20:00:00,15,active,45.56,43.99,22.08,21.7,50.74,49.75,49.77,48.28,14.35,2.14,12.02,0
2025-01-16 21:00:00,15,active,44.97,43.81,21.12,20.14,51.98,50.8,49.47,47.91,13.48,2.2,17.2,0
2025-01-16 22:00:00,15,active,44.81,43.87,22.19,21.26,52.71,50.21,50.36,48.17,12.72,2.29,12.71,0
2025-01-16 23:00:00,15,active,44.43,44.02,21.91,21.78,51.32,50.53,50.95,47.94,12.23,2.51,5.11,0
2025-01-17 00:00:00,16,active,43.15,41.85,21.02,20.16,52.11,50.21,49.63,47.34,13.65,1.87,31.12,1
2025-01-17 01:00:00,16,active,44.09,43.21,22.06,21.57,52.18,50.66,50.09,48.82,12.29,1.99,26.03,0
2025-01-17 02:00:00,16,active,44.96,43.1,21.56,20.81,51.35,51.54,50.14,47.64,12.41,1.77,6.19,0
2025-01-17 03:00:00,16,active,44.89,43.39,22.39,21.22,51.82,50.28,49.69,47.43,12.04,2.4,43.23,0
2025-01-17 04:00:00,16,active,45.24,43.89,22.12,21.23,51.31,50.64,49.03,47.93,11.76,2.27,37.02,0
2025-01-17 05:00:00,16,active,44.92,43.7,21.93,20.95,52.77,51.43,50.46,48.71,11.98,2.11,21.43,0
2025-01-17 06:00:00,16,active,45.1,44.24,22.74,21.85,52.27,51.04,49.17,48.05,13.58,1.78,21.48,1
2025-01-17 07:00:00,16,active,45.47,44.7,21.81,21.76,51.89,51.15,50.55,47.6,12.3,1.69,3.48,0
2025-01-17 08:00:00,16,active,44.47,42.8,21.74,21.12,52.25,50.61,49.35,47.84,13.0,1.44,32.24,0
2025-01-17 09:00:00,16,active,44.83,44.01,21.91,20.41,52.22,50.36,50.48,48.86,13.3,2.12,17.2,0
2025-01-17 10:00:00,16,active,44.04,42.56,21.95,21.9,51.28,50.38,50.65,47.32,13.8,2.07,30.28,0
2025-01-17 11:00:00,16,active,45.58,45.29,21.47,20.82,50.98,50.4,49.75,47.46,15.69,1.76,23.78,0
2025-01-17 12:00:00,16,active,45.02,44.12,22.18,21.73,50.89,49.82,49.43,47.13,15.21,0.83,18.92,1
2025-01-17 13:00:00,16,active,45.29,44.33,22.11,21.93,50.97,49.18,49.92,48.13,15.63,1.78,16.38,0
2025-01-17 14:00:00,16,active,45.93,44.83,21.64,20.51,52.21,50.25,49.99,47.78,15.6,2.07,5.02,0
2025-01-17 15:00:00,16,active,45.65,44.61,21.13,20.46,52.35,50.68,49.41,48.18,17.32,1.92,21.71,0
2025-01-17 16:00:00,16,active,44.96,43.94,22.5,21.64,52.59,50.19,49.85,48.24,16.81,2.03,19.69,0
2025-01-17 17:00:00,16,active,45.47,44.17,22.56,21.61,50.85,51.16,50.44,47.82,17.22,1.9,13.8,0
2025-01-17 18:00:00,16,active,44.14,43.41,22.35,21.43,51.63,51.18,50.3,48.4,18.76,1.46,0.0,1
2025-01-17 19:00:00,16,active,45.26,44.34,22.4,21.64,52.35,50.52,50.58,47.97,18.07,1.89,7.65,0
2025-01-17 20:00:00,16,active,45.08,44.36,22.81,22.47,52.66,50.25,49.26,47.94,17.9,1.85,22.23,0
2025-01-17 21:00:00,16,active,44.03,42.98,22.09,21.6,51.37,50.69,49.56,48.43,18.5,1.56,25.71,0
2025-01-17 22:00:00,16,active,45.8,45.05,22.74,22.05,51.32,50.1,49.94,48.18,17.96,2.23,39.19,0
2025-01-17 23:00:00,16,active,44.58,43.25,21.86,21.54,51.29,50.26,49.92,47.08,18.24,1.62,8.83,0
2025-01-18 00:00:00,17,active,45.41,45.81,21.51,19.78,51.77,49.87,50.42,46.71,18.46,0.65,12.73,1
2025-01-18 01:00:00,17,active,44.75,43.44,21.95,21.17,51.97,49.96,49.36,48.6,16.93,2.2,21.99,0
2025-01-18 02:00:00,17,active,45.6,44.39,21.79,21.13,52.06,50.68,50.77,47.69,16.73,1.68,16.62,0
2025-01-18 03:00:00,17,active,45.79,45.15,22.19,21.52,51.17,50.07,50.54,47.66,16.16,2.11,7.7,0
2025-01-18 04:00:00,17,active,44.5,43.97,22.85,22.62,52.3,50.59,50.36,48.22,15.4,1.95,26.99,0
2025-01-18 05:00:00,17,active,44.08,42.74,22.16,21.43,50.8,50.28,49.83,48.59,15.22,1.67,27.32,0
2025-01-18 06:00:00,17,active,44.92,43.23,22.47,22.22,51.76,50.3,49.22,47.84,15.53,1.32,14.47,1
2025-01-18 07:00:00,17,active,45.51,43.92,23.01,22.14,52.18,50.44,49.29,48.4,14.71,1.75,13.53,0
2025-01-18 08:00:00,17,active,44.78,43.35,22.85,22.33,52.02,48.91,50.45,47.34,14.58,2.5,35.26,0
2025-01-18 09:00:00,17,active,44.63,43.29,22.0,21.25,51.59,49.95,49.91,47.17,13.08,1.49,16.89,0
2025-01-18 10:00:00,17,active,45.29,44.2,21.63,20.73,51.08,50.36,50.89,46.86,13.12,1.7,5.36,0
2025-01-18 11:00:00,17,active,43.34,42.73,23.02,22.43,51.24,51.03,50.14,48.22,12.34,1.39,21.89,0
2025-01-18 12:00:00,17,active,44.6,44.01,21.43,20.86,50.83,50.46,49.31,47.73,13.78,1.52,0.0,1
2025-01-18 13:00:00,17,active,44.17,42.9,21.06,19.9,50.83,51.65,50.58,47.95,12.7,1.66,19.62,0
2025-01-18 14:00:00,17,active,45.18,44.37,20.97,20.56,50.62,50.89,49.87,48.58,11.82,1.87,17.02,0
2025-01-18 15:00:00,17,active,44.56,43.88,22.55,21.65,51.87,50.18,50.04,47.2,12.28,2.04,17.07,0
2025-01-18 16:00:00,17,active,44.33,43.87,21.23,20.48,50.47,49.31,50.33,49.22,11.34,1.18,16.36,0
2025-01-18 17:00:00,17,active,44.79,43.7,21.84,19.97,50.74,49.88,49.28,48.02,12.32,1.78,33.59,0
2025-01-18 18:00:00,17,active,44.12,42.8,21.9,21.09,51.95,49.91,49.41,46.93,13.75,1.13,11.77,1
2025-01-18 19:00:00,17,active,44.99,44.27,22.61,21.05,51.36,50.08,50.7,48.56,12.81,1.92,13.58,0
2025-01-18 20:00:00,17,active,44.59,44.17,21.28,20.83,52.14,50.23,49.28,49.0,13.34,1.66,19.87,0
2025-01-18 21:00:00,17,active,44.77,43.54,21.99,20.88,52.02,49.2,49.4,47.94,13.97,1.74,19.86,0
2025-01-18 22:00:00,17,active,44.57,44.32,22.12,21.14,51.33,50.27,49.33,47.63,14.92,1.18,19.92,0
2025-01-18 23:00:00,17,active,45.55,45.21,22.67,21.8,51.71,49.78,49.36,48.55,14.53,1.49,22.29,0
2025-01-19 00:00:00,18,active,44.93,43.8,21.85,20.52,50.35,49.53,49.76,48.45,16.0,0.73,17.33,1
2025-01-19 01:00:00,18,active,45.31,43.66,22.1,21.32,51.15,49.14,49.72,46.86,15.8,1.87,9.66,0
2025-01-19 02:00:00,18,active,45.29,44.02,21.83,20.54,52.04,50.01,49.44,47.93,15.73,1.34,16.49,0
2025-01-19 03:00:00,18,active,44.52,43.35,22.51,21.63,51.25,49.56,49.68,48.09,16.85,1.59,31.57,0
2025-01-19 04:00:00,18,active,45.34,44.53,22.44,21.99,51.13,48.5,50.14,47.22,16.58,1.21,24.56,0
2025-01-19 05:00:00,18,active,45.21,43.51,21.78,21.49,52.57,49.87,48.91,47.83,17.35,1.66,29.93,0
2025-01-19 06:00:00,18,active,45.19,45.13,22.24,22.02,51.41,49.69,49.76,47.49,18.28,1.28,13.4,1
2025-01-19 07:00:00,18,active,44.76,44.67,21.23,20.35,50.03,48.8,49.87,47.94,17.35,1.8,38.91,0
2025-01-19 08:00:00,18,active,44.74,43.43,22.0,20.83,51.57,50.14,49.09,48.48,17.98,1.79,35.72,0
2025-01-19 09:00:00,18,active,45.47,43.7,21.53,20.93,49.34,49.58,50.56,48.72,17.64,1.27,21.39,0
2025-01-19 10:00:00,18,active,46.31,45.21,21.76,21.59,51.14,49.96,50.05,47.9,17.49,1.35,21.24,0
2025-01-19 11:00:00,18,active,44.5,43.64,22.48,21.33,51.05,48.97,49.89,47.96,17.71,1.86,29.45,0
2025-01-19 12:00:00,18,active,45.32,44.83,23.05,22.79,50.52,49.37,50.24,47.57,18.22,0.94,53.73,1
2025-01-19 13:00:00,18,active,44.78,44.04,22.08,21.23,50.3,49.89,50.13,47.84,17.38,2.51,56.03,0
2025-01-19 14:00:00,18,active,45.47,44.36,21.91,20.05,50.5,50.05,49.83,48.81,17.12,1.97,24.34,0
2025-01-19 15:00:00,18,active,45.26,43.45,21.81,21.04,52.38,49.22,49.83,47.95,16.67,1.86,66.73,0
2025-01-19 16:00:00,18,active,45.64,44.81,22.35,22.31,50.05,48.03,49.37,47.31,16.75,1.82,77.18,0
2025-01-19 17:00:00,18,active,43.32,42.63,21.89,21.38,50.21,49.72,50.16,47.67,15.5,1.87,66.99,0
2025-01-19 18:00:00,18,active,44.64,43.49,22.47,22.1,50.56,49.44,50.06,47.89,15.85,0.95,92.36,1
2025-01-19 19:00:00,18,active,44.41,43.49,22.75,22.11,50.41,50.38,49.45,48.23,14.56,1.31,98.44,0
2025-01-19 20:00:00,18,active,44.94,43.99,22.29,20.82,51.67,48.92,50.28,47.48,13.76,1.83,122.87,0
2025-01-19 21:00:00,18,active,44.57,43.44,21.79,20.05,50.81,49.79,50.71,48.49,12.96,1.85,147.08,0
2025-01-19 22:00:00,18,active,44.62,43.12,22.36,21.14,50.5,48.61,49.33,48.21,13.27,1.4,158.37,0
2025-01-19 23:00:00,18,active,45.41,44.52,21.64,20.68,51.02,49.65,50.87,47.78,12.37,1.56,172.16,0
2025-01-20 00:00:00,19,active,46.14,44.55,21.1,19.9,50.74,49.24,50.58,48.18,13.06,0.69,233.32,1
2025-01-20 01:00:00,19,active,43.31,42.84,22.55,21.43,50.42,49.57,50.49,48.75,12.03,1.57,262.41,0
2025-01-20 02:00:00,19,active,44.81,43.43,22.94,22.45,50.33,49.38,49.9,47.49,12.06,1.71,281.55,0
2025-01-20 03:00:00,19,active,45.19,44.36,22.64,22.43,50.4,49.29,50.84,47.87,11.8,1.26,355.82,0
2025-01-20 04:00:00,19,active,45.0,43.68,21.8,20.33,50.39,50.31,49.85,48.28,11.16,1.57,405.02,0
2025-01-20 05:00:00,19,active,44.79,43.92,20.29,19.07,50.2,50.06,50.29,48.04,12.18,1.13,434.87,0
2025-01-20 06:00:00,19,active,44.19,43.07,21.61,20.78,50.39,49.35,49.71,47.45,13.49,1.12,511.09,1
2025-01-20 07:00:00,19,active,44.43,43.62,22.29,21.41,51.18,48.77,49.35,47.78,12.83,1.65,563.65,0
2025-01-20 08:00:00,19,active,45.43,44.09,21.78,20.04,49.64,48.82,50.3,48.61,13.74,1.69,636.67,0
2025-01-20 09:00:00,19,active,45.65,43.96,22.67,23.05,50.6,49.92,50.67,48.08,13.11,1.43,718.9,0
2025-01-20 10:00:00,19,active,45.06,43.92,21.57,21.06,50.79,49.29,49.33,47.75,14.7,1.67,783.3,0
2025-01-20 11:00:00,19,active,44.5,43.33,22.22,21.57,50.27,48.82,49.97,47.72,14.63,0.96,857.47,0
2025-01-20 12:00:00,19,active,45.06,43.43,22.09,20.52,50.28,48.83,49.65,47.62,15.72,0.69,926.56,1
2025-01-20 13:00:00,19,active,44.86,43.55,22.1,21.43,50.97,50.03,49.5,47.5,16.23,1.51,1012.64,0
2025-01-20 14:00:00,19,active,45.33,43.63,21.27,20.0,50.01,49.27,49.79,48.68,15.93,1.41,1087.08,0
2025-01-20 15:00:00,19,active,45.07,44.09,21.92,21.33,50.6,48.65,50.49,47.86,16.91,1.21,1164.43,0
2025-01-20 16:00:00,19,active,44.63,43.45,22.1,21.43,50.55,50.06,50.71,48.5,16.48,2.01,1235.9,0
2025-01-20 17:00:00,19,active,45.11,44.09,21.77,20.99,50.32,49.36,50.22,47.92,17.73,1.67,1279.97,0
2025-01-20 18:00:00,19,active,44.29,44.3,21.32,20.69,50.31,48.29,50.05,48.27,18.97,0.79,1346.88,1
2025-01-20 19:00:00,19,active,45.49,44.53,21.73,20.7,50.66,48.35,50.35,48.1,17.72,1.4,1378.23,0
2025-01-20 20:00:00,19,active,45.71,44.83,21.49,20.77,51.02,49.27,49.54,48.43,18.55,2.19,1451.4,0
2025-01-20 21:00:00,19,active,44.29,43.51,22.14,20.38,49.48,48.62,50.09,48.84,17.47,1.58,1460.49,0
2025-01-20 22:00:00,19,active,45.25,44.17,22.45,21.95,50.72,48.78,49.74,48.06,18.84,1.17,1503.87,0
2025-01-20 23:00:00,19,active,44.41,43.14,22.13,21.26,49.67,50.11,50.12,47.3,17.26,1.85,1498.6,0
2025-01-21 00:00:00,20,curing,0.64,-0.04,45.15,45.37,49.52,50.18,49.89,48.37,18.13,1.08,1522.62,1
2025-01-21 01:00:00,20,curing,1.09,0.46,44.69,43.94,50.15,50.07,48.89,47.93,17.22,1.07,1495.85,0
2025-01-21 02:00:00,20,curing,0.96,-1.2,44.69,42.95,50.13,49.26,50.77,48.0,16.14,1.95,1502.36,0
2025-01-21 03:00:00,20,curing,2.2,1.14,43.43,43.25,48.95,49.12,49.42,47.32,17.73,1.51,1478.45,0
2025-01-21 04:00:00,20,curing,1.92,0.74,44.26,43.17,50.95,48.26,50.35,47.95,17.66,1.91,1431.6,0
2025-01-21 05:00:00,20,curing,2.34,1.14,44.48,43.23,49.68,48.21,50.7,47.63,17.57,1.27,1407.54,0
2025-01-21 06:00:00,20,curing,2.93,2.37,43.59,42.78,50.34,48.96,50.01,49.06,17.89,1.85,1351.02,0
2025-01-21 07:00:00,20,curing,3.66,2.44,44.02,43.74,50.15,48.98,50.19,47.61,17.69,1.1,1273.57,0
2025-01-21 08:00:00,20,curing,4.06,3.36,42.74,42.72,50.25,49.44,49.95,48.22,18.88,1.13,1212.0,0
2025-01-21 09:00:00,20,curing,4.79,3.65,43.33,42.38,49.92,49.34,50.17,48.64,18.17,1.34,1166.26,0
2025-01-21 10:00:00,20,curing,4.98,3.79,43.03,42.32,50.03,49.12,49.8,48.31,18.58,1.25,1065.5,0
2025-01-21 11:00:00,20,curing,6.17,5.4,43.18,42.47,49.87,49.19,49.14,47.48,19.36,1.05,1018.52,0
2025-01-21 12:00:00,20,curing,6.8,5.56,42.84,41.78,49.6,48.95,49.75,47.57,20.62,0.43,934.37,1
2025-01-21 13:00:00,20,curing,6.47,5.39,43.71,42.7,50.46,49.57,48.96,48.56,18.34,1.14,841.17,0
2025-01-21 14:00:00,20,curing,6.61,5.16,40.82,39.96,49.86,48.1,50.02,47.21,19.12,1.18,768.15,0
2025-01-21 15:00:00,20,curing,8.08,6.78,41.51,40.69,49.95,49.93,49.87,47.84,19.53,1.28,710.72,0
2025-01-21 16:00:00,20,curing,8.86,7.88,41.72,41.35,49.38,49.08,50.26,48.41,19.42,1.27,638.2,0
2025-01-21 17:00:00,20,curing,8.54,7.72,41.93,40.36,49.32,47.9,49.41,46.94,18.45,1.74,567.76,0
2025-01-21 18:00:00,20,curing,8.58,7.27,41.39,40.78,49.78,48.85,49.1,47.36,18.7,1.13,517.73,0
2025-01-21 19:00:00,20,curing,9.8,8.15,41.2,40.55,48.81,49.7,49.85,47.27,18.92,1.63,457.08,0
2025-01-21 20:00:00,20,curing,10.65,10.41,40.57,40.33,50.5,48.29,49.52,47.46,19.1,1.62,383.63,0
2025-01-21 21:00:00,20,curing,9.65,8.41,40.51,39.56,49.39,48.95,49.5,48.03,18.93,1.66,333.99,0
2025-01-21 22:00:00,20,curing,11.05,9.73,40.58,39.63,49.41,48.57,49.18,47.21,17.94,1.39,290.6,0
2025-01-21 23:00:00,20,curing,11.18,10.31,41.61,40.85,49.28,49.48,49.26,47.37,18.61,1.18,251.14,0
2025-01-22 00:00:00,21,curing,11.5,10.24,40.27,39.24,49.63,48.72,49.96,48.24,19.61,0.21,215.48,1
2025-01-22 01:00:00,21,curing,12.4,11.36,41.89,40.85,49.84,48.19,49.56,48.18,18.61,1.69,196.63,0
2025-01-22 02:00:00,21,curing,12.0,11.25,40.88,39.81,49.94,48.81,49.69,47.47,18.02,1.4,140.76,0
2025-01-22 03:00:00,21,curing,13.41,12.45,40.03,38.96,49.09,48.81,50.52,47.17,17.27,1.22,152.03,0
2025-01-22 04:00:00,21,curing,13.84,13.03,40.42,39.2,48.8,48.57,50.15,47.01,17.55,0.92,124.86,0
2025-01-22 05:00:00,21,curing,14.05,13.24,40.35,39.31,49.37,48.15,49.61,47.78,17.33,1.54,94.49,0
2025-01-22 06:00:00,21,curing,13.95,12.99,39.07,37.96,49.35,47.62,50.1,47.63,16.5,1.55,93.7,0
2025-01-22 07:00:00,21,curing,14.13,13.04,38.69,37.6,48.96,48.42,49.17,47.94,16.27,1.42,77.88,0
2025-01-22 08:00:00,21,curing,14.69,13.7,40.08,38.74,50.12,47.45,49.08,47.7,16.83,0.96,57.74,0
2025-01-22 09:00:00,21,curing,14.94,13.63,38.7,38.28,48.75,47.89,49.59,47.74,16.9,1.54,68.67,0
2025-01-22 10:00:00,21,curing,16.44,15.6,39.45,38.77,48.81,48.43,49.68,46.81,16.21,1.54,45.16,0
2025-01-22 11:00:00,21,curing,16.37,15.24,39.2,38.37,49.88,49.01,49.56,47.89,16.08,0.89,39.63,0
2025-01-22 12:00:00,21,curing,16.16,15.38,37.86,36.62,49.06,48.88,50.38,46.61,16.56,0.73,41.79,1
2025-01-22 13:00:00,21,curing,16.37,15.73,38.86,38.31,49.16,47.28,48.81,48.28,15.52,1.6,25.13,0
2025-01-22 14:00:00,21,curing,16.75,15.77,38.66,37.76,48.74,48.89,49.85,46.81,15.74,1.32,42.79,0
2025-01-22 15:00:00,21,curing,17.26,16.67,38.86,38.01,48.49,47.05,49.65,47.31,15.7,1.01,41.12,0
2025-01-22 16:00:00,21,curing,17.78,16.9,38.04,37.27,48.77,48.4,49.78,46.93,15.23,1.8,16.01,0
2025-01-22 17:00:00,21,curing,18.53,18.18,38.13,37.28,48.17,48.32,49.16,48.11,14.28,0.95,33.04,0
2025-01-22 18:00:00,21,curing,18.28,17.55,37.93,37.52,49.59,48.77,48.96,47.4,15.13,1.45,37.12,0
2025-01-22 19:00:00,21,curing,18.94,18.03,37.46,36.34,49.31,48.32,49.24,47.78,14.48,1.59,23.01,0
2025-01-22 20:00:00,21,curing,19.45,19.0,38.25,37.18,50.25,48.83,49.27,47.73,14.24,1.43,35.32,0
2025-01-22 21:00:00,21,curing,20.11,18.95,37.76,37.01,49.05,47.82,48.67,46.9,14.74,0.52,36.52,0
2025-01-22 22:00:00,21,curing,19.88,19.48,37.89,37.0,48.75,48.09,49.61,47.01,15.62,1.12,24.15,0
2025-01-22 23:00:00,21,curing,20.08,19.26,37.14,36.55,49.65,48.67,48.87,46.79,14.44,1.19,33.14,0
2025-01-23 00:00:00,22,curing,20.51,19.73,37.39,36.96,48.72,47.81,48.54,46.96,16.12,0.24,33.77,1
2025-01-23 01:00:00,22,curing,21.1,20.16,36.18,35.92,49.61,47.78,49.44,47.71,15.27,1.63,19.35,0
2025-01-23 02:00:00,22,curing,21.49,20.59,36.19,35.77,48.7,48.13,49.24,47.58,15.8,1.21,17.02,0
2025-01-23 03:00:00,22,curing,21.84,20.73,36.85,35.94,47.9,47.14,48.58,47.66,15.1,1.72,39.83,0
2025-01-23 04:00:00,22,curing,22.13,20.84,36.08,35.21,48.75,47.91,48.96,46.89,15.51,1.35,13.42,0
2025-01-23 05:00:00,22,curing,22.89,21.24,35.85,34.9,48.74,47.42,48.87,46.82,15.22,0.43,34.89,0
2025-01-23 06:00:00,22,curing,22.54,21.87,35.98,35.64,49.22,48.89,48.76,47.86,15.52,0.83,18.64,0
2025-01-23 07:00:00,22,curing,22.92,21.89,34.95,34.06,48.62,48.75,48.57,47.46,16.21,1.71,26.89,0
2025-01-23 08:00:00,22,curing,23.62,22.66,35.68,34.54,49.01,48.4,49.11,47.39,16.6,0.67,21.08,0
2025-01-23 09:00:00,22,curing,23.5,22.07,35.7,34.48,48.99,49.27,49.37,47.2,15.58,1.54,14.63,0
2025-01-23 10:00:00,22,curing,23.45,22.75,35.14,34.64,48.3,48.06,48.83,47.53,15.74,1.41,26.06,0
2025-01-23 11:00:00,22,curing,24.27,22.83,34.59,33.44,48.14,47.7,49.52,47.82,16.53,1.68,26.37,0
2025-01-23 12:00:00,22,curing,24.55,23.23,35.89,34.03,48.34,48.11,49.22,47.07,18.41,0.69,13.97,1
2025-01-23 13:00:00,22,curing,24.78,23.57,35.08,34.56,47.79,48.07,49.74,46.94,16.85,1.15,24.54,0
2025-01-23 14:00:00,22,curing,24.82,24.35,34.2,33.54,48.78,47.7,49.22,46.49,17.82,1.36,15.69,0
2025-01-23 15:00:00,22,curing,24.51,24.51,34.28,33.78,49.09,48.06,48.8,47.05,17.52,1.27,22.72,0
2025-01-23 16:00:00,22,curing,25.06,24.32,33.62,33.21,48.5,47.11,49.18,46.65,17.55,1.38,10.15,0
2025-01-23 17:00:00,22,curing,26.07,24.74,33.41,32.82,48.29,47.22,49.09,46.38,18.25,0.82,11.52,0
2025-01-23 18:00:00,22,curing,26.3,25.4,33.18,32.54,47.95,47.96,48.38,47.26,18.19,1.3,36.28,0
2025-01-23 19:00:00,22,curing,25.97,25.45,33.58,32.8,49.0,47.03,48.58,47.25,18.45,1.84,31.22,0
2025-01-23 20:00:00,22,curing,26.58,26.1,34.07,32.96,49.23,48.42,49.26,47.16,17.62,1.23,18.69,0
2025-01-23 21:00:00,22,curing,27.11,25.55,34.09,32.44,47.3,47.99,48.6,46.33,18.67,1.17,23.88,0
2025-01-23 22:00:00,22,curing,27.39,26.37,33.52,31.94,49.77,47.35,49.32,46.67,18.76,1.33,21.71,0
2025-01-23 23:00:00,22,curing,26.96,26.11,33.95,33.3,49.45,48.36,48.26,46.84,20.14,1.54,20.93,0
2025-01-24 00:00:00,23,curing,27.42,25.63,33.59,33.11,48.21,47.82,48.99,48.07,19.84,0.08,35.51,1
2025-01-24 01:00:00,23,curing,27.32,26.59,32.58,31.8,48.49,48.65,48.7,47.31,19.01,0.84,23.61,0
2025-01-24 02:00:00,23,curing,26.87,25.94,32.6,31.5,48.57,47.52,48.38,47.53,19.44,1.37,14.94,0
2025-01-24 03:00:00,23,curing,27.57,26.3,33.03,32.49,48.69,47.3,48.6,47.02,19.42,1.21,5.48,0
2025-01-24 04:00:00,23,curing,26.39,25.85,33.09,32.28,48.22,47.87,48.53,46.5,19.21,1.16,5.38,0
2025-01-24 05:00:00,23,curing,26.9,26.18,33.16,32.36,48.65,46.97,49.77,48.01,19.42,1.17,36.4,0
2025-01-24 06:00:00,23,curing,26.94,25.25,31.79,30.84,48.77,48.18,49.2,47.15,18.09,0.66,24.98,0
2025-01-24 07:00:00,23,curing,26.63,25.05,31.37,30.1,49.81,47.77,48.65,47.16,18.73,0.93,29.68,0
2025-01-24 08:00:00,23,curing,26.58,25.84,33.22,32.02,48.31,45.58,49.62,47.42,18.48,1.24,26.13,0
2025-01-24 09:00:00,23,curing,25.55,25.58,31.94,31.29,47.95,47.48,48.82,46.89,18.64,1.47,14.37,0
2025-01-24 10:00:00,23,curing,26.1,25.14,32.44,32.3,48.9,47.6,48.68,47.12,17.79,1.17,15.19,0
2025-01-24 11:00:00,23,curing,26.04,24.49,31.83,31.74,48.27,46.73,49.19,46.3,18.61,1.34,18.34,0
2025-01-24 12:00:00,23,curing,25.9,25.1,30.98,30.11,48.36,47.26,48.9,47.03,19.02,0.47,0.0,1
2025-01-24 13:00:00,23,curing,25.29,25.45,32.25,31.63,48.3,47.22,48.67,46.28,18.23,0.91,2.84,0
2025-01-24 14:00:00,23,curing,25.48,24.46,31.65,30.82,48.02,46.21,48.38,46.15,17.82,0.75,14.68,0
2025-01-24 15:00:00,23,curing,25.17,24.32,32.03,31.29,47.94,47.54,48.56,47.09,17.77,1.39,10.24,0
2025-01-24 16:00:00,23,curing,25.7,24.06,31.46,30.83,47.91,47.33,48.42,46.36,17.86,0.87,16.31,0
2025-01-24 17:00:00,23,curing,24.96,24.31,30.53,30.1,47.72,46.94,48.16,46.6,16.9,0.77,24.46,0
2025-01-24 18:00:00,23,curing,24.99,24.02,30.88,29.63,47.89,47.08,48.38,46.82,16.38,0.98,39.16,0
2025-01-24 19:00:00,23,curing,24.84,23.45,31.27,31.19,49.2,47.33,48.31,46.76,16.76,0.49,33.09,0
2025-01-24 20:00:00,23,curing,24.7,23.57,30.3,29.45,48.06,47.94,48.05,47.49,16.28,0.78,11.6,0
2025-01-24 21:00:00,23,curing,25.14,23.94,30.61,29.43,47.62,47.54,48.19,46.76,16.32,0.74,10.15,0
2025-01-24 22:00:00,23,curing,24.94,23.19,30.98,31.11,47.48,47.09,49.0,47.09,15.93,1.44,24.19,0
2025-01-24 23:00:00,23,curing,24.5,23.47,29.65,28.49,48.74,47.01,49.06,47.18,15.09,0.99,17.79,0
2025-01-25 00:00:00,24,curing,24.16,23.58,29.95,29.14,47.66,46.91,48.63,45.98,16.41,0.34,21.99,1
2025-01-25 01:00:00,24,curing,24.0,23.37,30.1,29.02,48.09,47.77,48.17,46.02,15.32,1.23,21.07,0
2025-01-25 02:00:00,24,curing,23.45,22.48,30.37,30.05,46.96,47.39,48.29,46.93,15.61,1.23,25.42,0
2025-01-25 03:00:00,24,curing,23.9,23.06,29.72,27.85,46.74,46.85,48.55,46.46,15.65,1.52,0.56,0
2025-01-25 04:00:00,24,curing,23.85,22.43,29.28,28.63,48.08,47.94,48.96,46.17,15.81,1.09,21.56,0
2025-01-25 05:00:00,24,curing,23.58,22.04,29.8,28.37,46.93,47.6,48.19,47.1,15.26,1.3,3.26,0
2025-01-25 06:00:00,24,curing,23.23,22.61,29.09,28.92,48.02,46.6,47.92,46.89,15.86,0.8,29.03,0
2025-01-25 07:00:00,24,curing,23.74,21.91,29.49,29.53,48.37,47.4,48.02,46.47,15.7,0.85,15.63,0
2025-01-25 08:00:00,24,curing,23.5,22.2,29.34,28.89,47.36,47.18,48.38,46.97,14.86,1.11,12.88,0
2025-01-25 09:00:00,24,curing,23.2,22.52,28.94,27.83,47.53,47.28,48.63,45.29,14.85,0.87,26.52,0
2025-01-25 10:00:00,24,curing,23.5,22.2,29.35,29.02,47.54,47.46,49.07,46.61,14.57,1.07,27.57,0
2025-01-25 11:00:00,24,curing,22.98,21.87,29.39,29.47,47.37,46.81,47.49,47.12,15.03,0.88,20.14,0
2025-01-25 12:00:00,24,curing,23.33,22.07,28.02,27.33,47.52,46.69,48.08,46.95,15.96,0.39,29.06,1
2025-01-25 13:00:00,24,curing,22.62,21.69,28.82,27.87,47.48,46.32,48.43,46.62,15.37,1.02,8.35,0
2025-01-25 14:00:00,24,curing,22.6,21.79,28.36,28.15,47.58,47.14,47.74,47.2,16.01,0.86,24.12,0
2025-01-25 15:00:00,24,curing,22.26,21.78,28.17,26.84,47.72,46.89,48.07,46.89,16.3,1.01,25.46,0
2025-01-25 16:00:00,24,curing,22.59,21.02,28.25,27.33,47.97,45.88,47.52,46.4,15.79,0.97,17.54,0
2025-01-25 17:00:00,24,curing,22.06,21.7,28.68,27.86,47.92,46.92,48.14,46.66,15.31,1.2,28.35,0
2025-01-25 18:00:00,24,curing,22.21,21.05,27.9,27.15,47.66,47.11,48.72,46.92,15.97,1.24,27.96,0
2025-01-25 19:00:00,24,curing,22.04,21.02,27.69,27.34,47.16,46.96,49.1,46.78,16.2,0.67,36.95,0
2025-01-25 20:00:00,24,curing,21.78,21.05,27.11,26.26,47.88,46.67,47.96,46.26,15.88,1.37,16.58,0
2025-01-25 21:00:00,24,curing,22.66,20.91,27.54,26.3,48.03,47.26,48.21,44.98,16.31,0.96,10.52,0
2025-01-25 22:00:00,24,curing,22.33,20.86,27.51,26.15,47.63,46.47,48.85,47.54,16.93,0.87,13.9,0
2025-01-25 23:00:00,24,curing,21.93,21.16,26.92,26.06,47.31,45.9,48.63,46.32,16.58,1.11,24.33,0
2025-01-26 00:00:00,25,curing,22.26,20.81,27.13,26.52,48.75,47.67,48.5,45.38,17.58,0.44,23.58,1
2025-01-26 01:00:00,25,curing,22.11,21.14,27.41,27.0,46.19,45.89,48.49,45.94,17.12,0.83,21.84,0
2025-01-26 02:00:00,25,curing,21.87,21.22,27.75,27.21,47.82,46.91,48.1,46.58,17.52,0.94,9.73,0
2025-01-26 03:00:00,25,curing,22.55,20.82,26.8,25.46,47.58,47.77,47.72,45.48,18.14,0.62,18.76,0
2025-01-26 04:00:00,25,curing,22.25,20.9,27.83,27.27,48.29,46.41,48.0,46.65,17.5,1.19,31.3,0
2025-01-26 05:00:00,25,curing,22.19,21.15,27.23,26.16,48.47,47.41,48.53,46.32,18.31,1.07,27.96,0
2025-01-26 06:00:00,25,curing,22.16,20.99,27.05,26.78,47.76,46.53,48.14,47.08,18.22,1.05,11.68,0
2025-01-26 07:00:00,25,curing,22.21,21.18,26.8,25.89,47.1,46.49,48.48,45.96,18.53,0.9,24.4,0
2025-01-26 08:00:00,25,curing,22.23,20.98,26.45,25.54,47.67,45.57,48.44,46.41,18.61,1.02,14.85,0
2025-01-26 09:00:00,25,curing,22.08,20.9,25.98,24.96,46.66,47.0,48.23,47.09,18.29,0.43,21.33,0
2025-01-26 10:00:00,25,curing,22.07,20.93,26.15,25.75,47.35,46.21,48.34,46.72,17.72,0.97,13.58,0
2025-01-26 11:00:00,25,curing,22.05,21.09,26.11,25.27,46.84,47.02,47.37,46.1,18.44,1.54,14.9,0
2025-01-26 12:00:00,25,curing,21.56,21.35,26.05,26.36,47.55,46.03,47.79,46.24,20.04,0.0,14.06,1
2025-01-26 13:00:00,25,curing,21.96,20.49,26.63,26.31,46.23,46.61,48.27,46.37,19.0,1.09,16.94,0
2025-01-26 14:00:00,25,curing,22.37,20.85,26.76,25.5,47.03,46.6,47.81,45.39,19.11,0.06,10.95,0
2025-01-26 15:00:00,25,curing,22.47,20.88,25.92,25.11,47.32,47.29,47.47,46.52,18.92,0.96,28.77,0
2025-01-26 16:00:00,25,curing,22.07,20.76,26.05,25.67,47.05,46.97,47.97,46.51,19.02,0.69,17.99,0
2025-01-26 17:00:00,25,curing,21.77,20.85,25.1,24.62,46.96,45.77,47.43,45.9,18.8,1.06,26.57,0
2025-01-26 18:00:00,25,curing,22.31,21.35,24.34,23.79,46.71,47.0,48.46,45.91,19.42,0.43,20.45,0
2025-01-26 19:00:00,25,curing,21.77,21.3,25.18,24.49,46.98,46.35,48.2,46.31,18.25,0.65,18.78,0
2025-01-26 20:00:00,25,curing,21.7,20.82,25.25,23.84,47.94,45.99,47.85,46.82,18.44,0.67,6.18,0
2025-01-26 21:00:00,25,curing,21.59,20.56,25.73,24.33,46.74,46.11,48.17,45.88,18.24,0.92,7.61,0
2025-01-26 22:00:00,25,curing,21.4,21.12,26.13,25.66,46.31,46.94,47.72,46.02,18.41,1.07,17.02,0
2025-01-26 23:00:00,25,curing,22.57,21.14,24.95,23.91,46.44,45.39,48.52,45.93,18.61,0.76,7.61,0
2025-01-27 00:00:00,26,curing,22.02,20.64,25.37,24.59,46.76,46.03,47.52,46.16,19.88,0.01,26.16,1
2025-01-27 01:00:00,26,curing,21.16,21.06,25.17,24.64,47.39,45.65,48.48,46.45,18.42,0.83,15.06,0
2025-01-27 02:00:00,26,curing,21.76,21.12,24.62,23.07,46.82,46.29,47.86,45.64,18.2,1.26,10.08,0
2025-01-27 03:00:00,26,curing,21.5,21.19,24.83,23.28,47.4,46.1,47.92,45.06,18.19,0.81,17.23,0
2025-01-27 04:00:00,26,curing,22.26,20.85,24.5,23.93,47.73,45.55,47.5,46.0,17.83,1.14,22.87,0
2025-01-27 05:00:00,26,curing,21.81,21.15,24.99,23.96,46.4,46.08,47.66,46.81,17.61,0.83,17.24,0
2025-01-27 06:00:00,26,curing,21.78,20.95,23.58,22.65,47.02,46.08,48.06,45.66,16.65,0.84,38.81,0
2025-01-27 07:00:00,26,curing,22.19,21.25,22.85,22.52,46.7,45.97,47.75,46.44,16.55,0.74,30.83,0
2025-01-27 08:00:00,26,curing,22.48,21.07,23.98,23.08,47.38,46.22,47.63,46.15,16.84,0.91,19.46,0
2025-01-27 09:00:00,26,curing,21.77,21.18,24.28,23.46,47.3,46.84,48.68,45.52,16.43,0.57,13.12,0
2025-01-27 10:00:00,26,curing,21.98,21.0,24.24,23.56,47.02,46.11,47.3,46.17,16.06,0.7,5.83,0
2025-01-27 11:00:00,26,curing,21.71,20.92,23.33,21.85,46.14,46.13,47.47,45.69,16.45,0.82,24.43,0
2025-01-27 12:00:00,26,curing,22.27,21.07,23.79,23.69,46.56,46.45,47.14,45.8,16.64,0.04,29.96,1
2025-01-27 13:00:00,26,curing,22.07,21.25,23.1,22.47,46.69,45.92,46.8,45.85,15.81,1.16,18.51,0
2025-01-27 14:00:00,26,curing,22.03,20.89,23.67,22.66,46.67,45.91,47.78,45.42,15.5,0.82,12.39,0
2025-01-27 15:00:00,26,curing,21.75,21.1,22.86,22.52,46.34,45.67,47.81,45.89,15.0,1.05,18.77,0
2025-01-27 16:00:00,26,curing,22.44,21.72,22.6,21.43,46.82,45.61,47.25,46.73,15.98,1.38,12.8,0
2025-01-27 17:00:00,26,curing,21.91,20.8,23.51,22.44,46.91,45.55,47.06,46.15,14.51,0.91,18.84,0
2025-01-27 18:00:00,26,curing,22.34,20.6,22.32,21.03,46.82,46.06,47.88,46.63,14.6,0.71,24.95,0
2025-01-27 19:00:00,26,curing,22.36,20.71,22.11,21.22,46.16,44.54,47.23,45.42,14.87,0.65,17.26,0
2025-01-27 20:00:00,26,curing,21.65,20.91,23.15,22.05,46.37,45.64,48.45,47.24,15.56,1.53,24.53,0
2025-01-27 21:00:00,26,curing,21.94,21.0,22.71,22.02,45.9,46.0,48.26,46.2,15.53,0.37,28.84,0
2025-01-27 22:00:00,26,curing,22.07,20.33,21.41,20.34,46.13,46.48,47.78,46.06,14.73,0.94,9.47,0
2025-01-27 23:00:00,26,curing,21.67,20.41,23.06,22.37,46.88,46.72,47.44,45.58,15.29,0.77,10.08,0
2025-01-28 00:00:00,27,curing,21.96,21.23,21.76,21.14,46.38,44.92,47.82,45.38,16.0,0.46,20.53,1
2025-01-28 01:00:00,27,curing,22.09,20.58,22.06,21.42,46.39,45.42,46.76,45.89,14.77,0.95,0.0,0
2025-01-28 02:00:00,27,curing,21.5,21.2,22.14,21.49,47.08,45.73,47.88,46.55,15.4,0.82,29.3,0
2025-01-28 03:00:00,27,curing,21.9,21.36,23.11,22.34,46.11,44.74,48.24,45.98,15.4,0.57,16.09,0
2025-01-28 04:00:00,27,curing,22.09,20.08,22.02,20.89,46.43,45.33,46.73,47.05,15.28,0.53,20.91,0
2025-01-28 05:00:00,27,curing,21.86,21.16,22.48,20.89,45.56,45.81,47.3,45.64,15.97,0.74,26.7,0
2025-01-28 06:00:00,27,curing,21.82,21.01,21.96,21.3,46.9,45.56,47.83,45.06,16.2,0.52,1.62,0
2025-01-28 07:00:00,27,curing,21.58,20.9,22.29,20.93,46.26,44.6,47.44,45.55,15.61,1.22,30.86,0
2025-01-28 08:00:00,27,curing,22.0,21.11,21.33,20.67,46.79,46.11,47.25,46.44,16.85,0.5,25.39,0
2025-01-28 09:00:00,27,curing,22.05,20.98,22.03,21.21,46.76,45.12,48.09,46.37,16.61,1.26,0.0,0
2025-01-28 10:00:00,27,curing,21.96,21.16,21.73,20.91,46.27,45.65,47.53,45.19,16.53,0.71,9.01,0
2025-01-28 11:00:00,27,curing,22.4,21.54,21.53,20.73,46.59,44.62,47.84,45.34,17.43,1.21,41.09,0
2025-01-28 12:00:00,27,curing,22.0,21.09,22.18,21.61,45.42,45.55,47.16,46.32,18.33,0.09,26.46,1
2025-01-28 13:00:00,27,curing,21.87,20.63,22.55,21.36,45.93,46.1,47.39,44.81,17.58,0.62,31.02,0
2025-01-28 14:00:00,27,curing,22.51,21.41,22.27,21.6,45.12,46.12,46.74,46.01,17.75,0.91,19.4,0
2025-01-28 15:00:00,27,curing,22.2,21.33,21.87,21.51,46.75,46.07,46.53,45.21,17.52,0.91,30.58,0
2025-01-28 16:00:00,27,curing,22.32,21.43,22.4,21.92,46.52,45.83,46.85,45.51,18.04,1.18,3.11,0
2025-01-28 17:00:00,27,curing,22.38,21.11,21.48,21.12,46.97,44.98,47.48,45.4,17.96,0.33,11.33,0
2025-01-28 18:00:00,27,curing,21.84,21.26,22.19,21.28,46.91,44.66,47.78,46.06,17.88,0.84,37.25,0
2025-01-28 19:00:00,27,curing,21.71,21.58,22.29,21.46,47.01,46.3,46.7,46.3,17.97,1.22,29.65,0
2025-01-28 20:00:00,27,curing,22.49,20.98,21.99,21.94,45.98,44.71,47.81,45.34,18.7,1.24,17.55,0
2025-01-28 21:00:00,27,curing,21.43,20.82,21.91,21.31,45.22,44.89,46.9,46.2,19.03,0.43,26.06,0
2025-01-28 22:00:00,27,curing,21.84,21.43,22.09,21.4,45.82,45.85,46.57,45.88,18.15,1.05,13.04,0
2025-01-28 23:00:00,27,curing,22.47,20.9,21.75,21.35,47.23,45.45,47.33,45.1,19.51,1.12,6.52,0
2025-01-29 00:00:00,28,curing,21.8,21.34,21.92,20.77,46.33,46.15,47.37,45.19,20.2,0.4,28.61,1
2025-01-29 01:00:00,28,curing,22.22,20.84,22.4,21.55,46.67,45.1,46.9,45.72,19.34,1.08,16.8,0
2025-01-29 02:00:00,28,curing,21.76,20.86,21.07,20.45,46.42,45.98,47.21,45.37,18.88,0.77,21.83,0
2025-01-29 03:00:00,28,curing,22.71,21.09,22.66,21.83,46.29,47.03,47.35,45.33,19.27,0.51,25.5,0
2025-01-29 04:00:00,28,curing,21.98,21.1,22.26,22.06,45.74,44.95,47.37,45.97,19.29,0.67,24.09,0
2025-01-29 05:00:00,28,curing,22.24,20.78,22.14,21.51,45.26,45.26,46.93,45.7,18.44,0.27,31.78,0
2025-01-29 06:00:00,28,curing,21.6,21.49,21.53,21.08,46.4,44.94,46.79,44.87,19.31,1.1,14.96,0
2025-01-29 07:00:00,28,curing,22.22,20.88,21.83,20.7,45.34,45.16,48.52,46.07,19.73,0.82,15.38,0
2025-01-29 08:00:00,28,curing,22.21,21.21,21.73,20.93,46.8,44.96,47.35,45.81,18.44,0.92,27.6,0
2025-01-29 09:00:00,28,curing,21.86,20.73,22.37,21.56,46.15,45.65,46.61,45.7,17.91,1.3,31.38,0
2025-01-29 10:00:00,28,curing,22.21,20.82,22.34,21.75,46.19,45.75,47.23,45.75,18.19,0.93,8.72,0
2025-01-29 11:00:00,28,curing,21.94,20.84,22.61,22.0,45.8,45.33,47.33,44.74,18.69,0.52,4.73,0
2025-01-29 12:00:00,28,curing,22.12,21.05,22.06,21.26,44.78,45.66,47.36,45.49,19.36,0.0,12.98,1
2025-01-29 13:00:00,28,curing,21.85,21.05,21.02,20.45,45.23,44.57,46.26,45.0,17.64,0.46,21.49,0
2025-01-29 14:00:00,28,curing,21.87,21.07,21.55,21.58,46.27,45.39,46.84,45.2,17.58,0.82,22.54,0
2025-01-29 15:00:00,28,curing,21.63,21.01,21.84,21.06,44.98,44.77,47.21,46.24,16.92,0.66,9.2,0
2025-01-29 16:00:00,28,curing,22.13,21.28,22.19,21.13,44.98,45.74,47.4,45.14,17.48,0.82,22.71,0
2025-01-29 17:00:00,28,curing,21.94,21.28,21.27,20.96,46.52,45.3,47.57,46.12,16.36,0.52,35.89,0
2025-01-29 18:00:00,28,curing,21.79,20.88,21.92,21.72,44.43,43.93,47.02,45.23,16.92,1.02,0.0,0
2025-01-29 19:00:00,28,curing,22.49,21.05,22.05,21.33,45.57,45.03,46.5,45.32,16.25,0.1,22.81,0
2025-01-29 20:00:00,28,curing,22.01,21.14,21.72,21.31,45.81,44.25,47.91,45.75,16.52,0.45,21.48,0
2025-01-29 21:00:00,28,curing,21.96,21.22,21.93,20.31,46.72,44.82,46.39,45.59,16.65,1.41,15.87,0
2025-01-29 22:00:00,28,curing,21.79,21.16,23.15,22.55,46.17,45.59,46.9,44.53,16.13,0.98,25.4,0
2025-01-29 23:00:00,28,curing,22.28,20.91,22.01,21.14,45.79,46.18,47.42,45.5,16.09,1.01,28.09,0
2025-01-30 00:00:00,29,curing,22.05,20.91,23.0,23.09,44.5,45.22,46.8,44.93,16.94,0.03,7.62,1
2025-01-30 01:00:00,29,curing,21.76,21.03,22.14,21.43,45.34,45.22,47.52,45.11,15.55,0.9,21.15,0
2025-01-30 02:00:00,29,curing,21.93,21.15,21.66,21.6,44.48,45.23,47.1,45.41,15.21,0.58,26.55,0
2025-01-30 03:00:00,29,curing,22.18,20.69,22.29,21.42,45.61,44.77,47.18,44.96,14.69,0.49,18.52,0
2025-01-30 04:00:00,29,curing,22.03,20.71,21.81,20.91,44.63,43.76,47.44,44.24,15.39,1.17,24.43,0
2025-01-30 05:00:00,29,curing,22.35,20.89,21.98,20.97,45.99,45.36,46.93,45.2,15.74,0.38,25.94,0
2025-01-30 06:00:00,29,curing,22.31,21.03,20.9,19.64,45.76,44.98,46.1,45.12,15.94,1.08,32.33,0
2025-01-30 07:00:00,29,curing,22.66,20.81,22.19,21.17,45.05,44.83,47.24,44.86,14.31,0.04,26.53,0
2025-01-30 08:00:00,29,curing,21.81,20.88,21.72,21.37,45.59,44.99,47.08,44.61,14.63,0.61,27.08,0
2025-01-30 09:00:00,29,curing,21.99,20.77,22.57,21.17,45.45,45.07,46.85,45.09,15.24,0.63,33.54,0
2025-01-30 10:00:00,29,curing,21.93,21.16,22.07,21.31,45.37,44.84,46.87,45.16,15.77,0.43,21.82,0
2025-01-30 11:00:00,29,curing,21.93,20.42,21.82,21.47,45.29,45.35,46.46,44.95,14.62,0.33,37.11,0
2025-01-30 12:00:00,29,curing,22.02,21.0,21.49,20.8,45.69,44.71,46.31,45.63,16.16,0.0,7.77,1
2025-01-30 13:00:00,29,curing,21.9,20.81,22.02,21.43,45.29,45.39,47.01,45.03,15.27,0.93,23.1,0
2025-01-30 14:00:00,29,curing,22.27,21.01,21.82,21.17,45.01,44.5,46.25,45.16,15.04,0.44,22.99,0
2025-01-30 15:00:00,29,curing,21.64,21.06,21.62,21.04,45.42,44.46,47.04,44.38,15.32,0.82,23.05,0
2025-01-30 16:00:00,29,curing,22.02,20.12,22.94,21.38,44.78,44.03,46.45,44.94,15.35,0.38,13.9,0
2025-01-30 17:00:00,29,curing,22.19,21.33,21.93,21.74,45.87,44.16,46.39,46.2,15.06,0.56,24.05,0
2025-01-30 18:00:00,29,curing,22.3,21.22,22.45,21.8,45.62,43.15,46.12,44.1,16.55,0.67,10.8,0
2025-01-30 19:00:00,29,curing,22.0,21.47,22.73,21.72,43.93,43.86,46.35,45.46,16.11,1.24,15.9,0
2025-01-30 20:00:00,29,curing,22.1,21.24,22.21,21.3,44.93,44.43,46.64,45.14,16.01,0.89,11.03,0
2025-01-30 21:00:00,29,curing,22.02,21.27,22.32,21.47,45.0,45.1,46.61,44.95,16.86,0.42,28.04,0
2025-01-30 22:00:00,29,curing,22.15,21.17,22.26,21.73,45.02,44.03,46.64,44.94,16.49,0.81,21.07,0
2025-01-30 23:00:00,29,curing,21.95,21.47,22.48,21.22,45.32,44.32,46.85,45.04,17.26,0.24,10.03,0
2025-01-31 00:00:00,30,curing,22.22,20.61,22.29,21.0,45.79,44.4,46.33,44.21,17.73,0.0,4.14,1
2025-01-31 01:00:00,30,curing,22.41,20.98,22.25,20.94,45.88,44.45,46.52,45.73,17.67,1.07,17.86,0
2025-01-31 02:00:00,30,curing,22.63,20.73,22.07,21.64,43.89,43.31,46.2,45.14,17.7,0.75,20.76,0
2025-01-31 03:00:00,30,curing,21.91,21.26,21.76,20.61,45.53,44.13,46.91,45.6,17.36,0.91,39.28,0
2025-01-31 04:00:00,30,curing,22.26,21.08,21.79,21.05,43.92,45.68,46.98,45.18,18.14,0.69,29.98,0
2025-01-31 05:00:00,30,curing,22.09,21.49,21.69,20.44,45.62,44.97,46.73,45.27,18.42,0.06,4.7,0
2025-01-31 06:00:00,30,curing,22.13,21.05,22.1,21.28,45.27,44.0,47.25,45.27,18.21,0.61,31.65,0
2025-01-31 07:00:00,30,curing,21.88,20.95,22.65,21.67,44.55,44.49,46.17,45.02,17.89,1.02,26.33,0
2025-01-31 08:00:00,30,curing,22.04,20.95,21.53,20.45,44.73,44.93,46.07,45.68,18.02,0.57,41.9,0
2025-01-31 09:00:00,30,curing,22.18,20.79,21.7,21.36,44.73,44.21,46.37,45.04,18.57,0.85,32.61,0
2025-01-31 10:00:00,30,curing,22.02,20.4,21.51,20.77,45.72,44.67,47.53,45.01,18.84,0.75,33.74,0
2025-01-31 11:00:00,30,curing,21.89,21.0,21.97,20.81,44.68,44.39,46.67,44.52,17.81,0.53,15.32,0
2025-01-31 12:00:00,30,curing,22.37,20.88,22.51,22.67,44.77,43.8,46.62,44.73,20.19,0.0,11.19,1
2025-01-31 13:00:00,30,curing,22.05,20.87,21.84,20.67,45.25,44.3,46.38,45.43,19.16,1.18,24.96,0
2025-01-31 14:00:00,30,curing,21.94,20.67,22.15,20.9,45.97,43.55,46.85,44.57,19.65,0.47,26.2,0
2025-01-31 15:00:00,30,curing,22.02,21.03,20.85,19.4,44.67,44.18,46.58,45.21,18.91,0.92,30.77,0
2025-01-31 16:00:00,30,curing,21.95,20.7,21.93,21.78,45.17,44.4,46.93,44.81,18.87,0.3,0.23,0
2025-01-31 17:00:00,30,curing,21.79,21.08,22.24,21.54,44.59,43.87,46.7,44.03,19.12,0.82,15.25,0
2025-01-31 18:00:00,30,curing,22.16,20.93,21.7,21.04,45.61,44.45,47.04,45.14,18.37,0.15,5.83,0
2025-01-31 19:00:00,30,curing,21.94,20.91,21.19,20.84,44.34,44.29,45.45,44.76,18.86,0.78,29.92,0
2025-01-31 20:00:00,30,curing,21.64,20.54,22.23,21.49,45.24,44.16,46.11,44.7,18.03,0.41,25.63,0
2025-01-31 21:00:00,30,curing,22.31,21.1,21.95,21.45,45.25,43.84,46.28,45.26,18.3,0.32,29.66,0
2025-01-31 22:00:00,30,curing,21.9,21.26,22.9,22.78,44.79,43.62,45.57,44.88,18.54,0.61,20.51,0
2025-01-31 23:00:00,30,curing,21.58,20.96,21.71,21.03,45.68,44.16,45.95,44.18,18.34,0.73,0.0,0
2025-02-01 00:00:00,31,curing,21.98,20.83,21.92,21.46,46.1,44.14,46.7,44.83,18.73,0.33,21.46,1
2025-02-01 01:00:00,31,curing,21.79,21.19,21.81,21.11,45.02,44.61,46.47,44.35,18.17,0.66,24.19,0
2025-02-01 02:00:00,31,curing,22.06,21.24,22.05,21.33,45.21,42.96,46.78,44.24,17.81,0.84,15.12,0
2025-02-01 03:00:00,31,curing,21.65,20.88,21.1,20.89,45.13,44.17,45.72,45.47,17.87,0.28,24.01,0
2025-02-01 04:00:00,31,curing,21.88,21.81,22.67,22.12,45.7,43.83,46.78,43.55,17.13,0.54,18.68,0
2025-02-01 05:00:00,31,curing,21.52,21.37,22.31,21.64,45.49,43.74,45.88,44.4,17.07,0.81,25.86,0
2025-02-01 06:00:00,31,curing,21.59,21.45,21.89,20.35,45.06,43.28,46.51,44.35,17.18,0.94,11.76,0
2025-02-01 07:00:00,31,curing,22.03,21.13,21.82,20.69,44.97,45.32,45.91,45.0,16.33,0.92,5.81,0
2025-02-01 08:00:00,31,curing,21.83,21.12,22.26,21.2,44.57,44.41,46.62,45.17,16.72,0.83,29.07,0
2025-02-01 09:00:00,31,curing,22.45,20.71,22.18,21.39,44.86,44.03,46.22,44.21,16.03,0.34,47.81,0
2025-02-01 10:00:00,31,curing,21.78,20.93,21.79,21.16,45.02,44.29,45.91,43.25,16.86,0.88,6.56,0
2025-02-01 11:00:00,31,curing,22.05,21.02,21.92,21.2,45.99,43.07,45.93,45.48,15.66,0.78,10.78,0
2025-02-01 12:00:00,31,curing,21.62,21.21,22.17,21.33,45.52,43.93,46.17,44.13,17.05,0.0,23.42,1
2025-02-01 13:00:00,31,curing,22.44,20.85,21.79,21.15,43.77,44.13,46.92,44.4,14.84,0.18,16.15,0
2025-02-01 14:00:00,31,curing,22.01,20.75,21.84,21.2,44.71,43.99,45.65,44.35,15.39,0.41,30.74,0
2025-02-01 15:00:00,31,curing,21.54,21.35,21.79,21.37,45.72,43.2,46.51,44.33,15.47,0.57,19.25,0
2025-02-01 16:00:00,31,curing,22.07,21.04,21.82,20.34,45.67,43.8,46.16,44.57,15.16,0.55,27.72,0
2025-02-01 17:00:00,31,curing,21.85,21.28,21.36,20.98,43.98,44.99,46.2,44.0,14.95,0.22,11.29,0
2025-02-01 18:00:00,31,curing,22.63,21.04,21.53,21.53,44.95,44.58,46.33,44.74,14.65,0.24,14.14,0
2025-02-01 19:00:00,31,curing,22.32,20.82,22.18,21.86,45.93,44.25,46.41,44.85,15.03,0.16,22.15,0
2025-02-01 20:00:00,31,curing,21.77,21.0,22.39,21.44,44.6,44.37,45.87,44.07,14.88,0.69,15.09,0
2025-02-01 21:00:00,31,curing,22.21,20.28,21.97,20.84,44.77,45.55,45.79,44.01,14.95,0.98,0.5,0
2025-02-01 22:00:00,31,curing,22.14,21.29,20.23,19.43,45.06,44.32,45.61,44.97,14.72,1.49,28.79,0
2025-02-01 23:00:00,31,curing,21.89,21.17,21.27,21.02,44.41,43.68,46.3,45.11,14.51,0.75,39.3,0
2025-02-02 00:00:00,32,curing,21.9,21.35,22.2,21.53,45.63,43.03,46.49,44.7,16.46,0.0,12.76,1
2025-02-02 01:00:00,32,curing,21.92,20.94,22.83,21.25,45.12,44.08,46.43,44.8,15.71,0.66,4.96,0
2025-02-02 02:00:00,32,curing,21.71,21.59,22.6,20.5,45.12,44.0,46.07,43.36,15.69,0.67,37.5,0
2025-02-02 03:00:00,32,curing,22.08,21.37,21.9,21.2,44.62,42.88,45.89,44.49,15.51,0.38,20.37,0
2025-02-02 04:00:00,32,curing,21.85,20.48,21.83,21.99,45.62,43.73,45.53,44.44,15.61,0.53,31.05,0
2025-02-02 05:00:00,32,curing,21.97,20.48,21.79,20.37,44.81,43.95,46.05,44.3,15.58,0.26,21.45,0
2025-02-02 06:00:00,32,curing,21.89,21.08,22.86,21.82,44.54,43.78,45.63,44.78,15.85,0.85,33.34,0
2025-02-02 07:00:00,32,curing,21.79,20.59,22.12,21.34,44.91,42.68,45.47,44.84,16.01,0.34,12.88,0
2025-02-02 08:00:00,32,curing,22.57,20.96,21.55,20.88,44.23,43.28,45.42,44.3,15.8,0.68,40.54,0
2025-02-02 09:00:00,32,curing,22.09,20.95,22.47,22.03,44.67,43.26,45.15,44.18,15.88,0.79,10.98,0
2025-02-02 10:00:00,32,curing,22.2,20.91,22.41,20.99,46.35,44.7,45.87,45.03,16.7,0.13,28.7,0
2025-02-02 11:00:00,32,curing,22.8,21.45,21.01,20.26,44.54,43.86,45.7,44.04,16.32,0.28,29.13,0
2025-02-02 12:00:00,32,curing,21.99,21.17,21.69,20.64,44.48,43.33,46.35,43.96,18.59,0.0,8.14,1
2025-02-02 13:00:00,32,curing,21.79,21.19,22.5,22.04,45.01,44.35,45.58,44.7,17.07,0.61,27.19,0
2025-02-02 14:00:00,32,curing,21.49,21.07,22.45,21.81,45.19,42.93,46.96,44.16,17.69,0.32,15.63,0
2025-02-02 15:00:00,32,curing,21.58,21.88,21.39,21.04,45.25,43.7,45.82,45.08,17.67,0.72,25.2,0
2025-02-02 16:00:00,32,curing,22.19,21.4,22.0,20.72,45.15,44.28,45.47,45.04,17.7,0.87,26.97,0
2025-02-02 17:00:00,32,curing,21.59,20.8,22.44,21.2,44.03,43.4,46.02,44.69,18.07,0.61,0.48,0
2025-02-02 18:00:00,32,curing,21.39,21.17,22.17,21.09,44.73,43.38,45.46,44.3,18.19,0.37,28.86,0
2025-02-02 19:00:00,32,curing,22.01,20.78,21.49,20.5,43.71,42.96,46.17,44.24,18.61,0.94,7.96,0
2025-02-02 20:00:00,32,curing,21.98,20.95,21.91,20.83,45.41,43.47,45.19,43.98,18.69,0.36,28.51,0
2025-02-02 21:00:00,32,curing,22.5,20.98,22.33,21.03,45.24,44.41,44.98,45.23,19.17,0.38,32.82,0
2025-02-02 22:00:00,32,curing,21.57,20.59,22.25,21.21,45.49,44.17,46.71,44.28,18.74,0.83,12.15,0
2025-02-02 23:00:00,32,curing,22.3,20.45,21.53,20.08,44.1,44.54,45.84,44.36,19.05,0.65,2.58,0
2025-02-03 00:00:00,33,curing,21.31,20.64,23.16,22.75,43.81,43.6,45.74,44.25,19.6,0.0,25.08,1
2025-02-03 01:00:00,33,curing,22.38,21.16,22.12,21.12,45.04,45.44,45.25,44.12,19.44,0.57,30.32,0
2025-02-03 02:00:00,33,curing,22.08,20.18,21.27,19.96,44.42,42.95,45.2,43.45,18.9,1.17,13.54,0
2025-02-03 03:00:00,33,curing,21.72,21.18,21.85,21.11,44.31,43.37,45.34,44.32,19.05,0.2,16.98,0
2025-02-03 04:00:00,33,curing,22.37,20.37,20.66,19.21,44.51,42.63,45.62,44.57,18.7,0.6,22.78,0
2025-02-03 05:00:00,33,curing,22.05,20.77,21.67,21.01,44.1,44.22,45.59,43.51,18.48,0.0,32.81,0
2025-02-03 06:00:00,33,curing,22.18,20.84,21.99,21.04,43.92,44.1,44.62,43.04,17.93,0.26,11.17,0
2025-02-03 07:00:00,33,curing,22.01,21.22,23.2,23.08,45.2,45.21,46.02,43.77,19.84,0.54,16.01,0
2025-02-03 08:00:00,33,curing,22.34,21.0,22.11,21.51,45.17,43.66,45.71,43.94,19.26,0.68,15.94,0
2025-02-03 09:00:00,33,curing,22.2,20.67,22.19,21.07,45.44,43.7,45.91,44.28,18.29,1.3,7.79,0
2025-02-03 10:00:00,33,curing,21.72,20.83,22.39,21.93,45.17,41.95,44.77,43.64,18.36,0.72,14.15,0
2025-02-03 11:00:00,33,curing,21.74,21.07,22.12,21.36,45.05,42.57,45.22,44.17,17.71,0.48,21.49,0
2025-02-03 12:00:00,33,curing,21.75,21.32,21.72,21.17,45.25,43.96,45.08,43.52,19.47,0.26,23.09,1
2025-02-03 13:00:00,33,curing,22.23,21.08,22.68,20.64,44.81,43.5,45.3,42.99,18.16,0.46,36.05,0
2025-02-03 14:00:00,33,curing,22.18,20.97,22.27,21.28,45.06,44.26,44.43,44.49,18.1,0.58,27.89,0
2025-02-03 15:00:00,33,curing,22.09,20.92,22.77,21.79,44.89,43.33,45.71,43.91,17.37,0.81,13.51,0
2025-02-03 16:00:00,33,curing,21.93,21.47,22.52,22.22,43.66,44.12,45.02,43.64,17.66,0.6,18.07,0
2025-02-03 17:00:00,33,curing,21.83,20.76,21.55,20.31,45.21,44.05,43.98,43.52,17.19,0.27,16.58,0
2025-02-03 18:00:00,33,curing,22.1,20.86,21.79,21.12,46.0,42.93,45.52,44.19,16.45,0.81,0.0,0
2025-02-03 19:00:00,33,curing,22.25,21.1,21.82,20.94,45.89,44.31,44.77,43.2,17.29,0.42,27.79,0
2025-02-03 20:00:00,33,curing,22.23,21.38,21.83,20.46,44.86,44.62,45.71,43.95,16.36,0.49,26.77,0
2025-02-03 21:00:00,33,curing,22.49,20.49,22.24,21.2,45.2,44.0,44.31,44.44,16.65,0.6,17.03,0
2025-02-03 22:00:00,33,curing,22.51,21.29,21.93,21.34,45.12,44.41,44.93,43.62,16.48,0.25,36.99,0
2025-02-03 23:00:00,33,curing,21.89,21.34,21.63,20.74,46.01,44.32,44.46,44.19,16.37,0.5,14.84,0
2025-02-04 00:00:00,34,curing,22.75,21.08,22.74,21.86,45.97,43.8,45.39,44.54,17.17,0.0,11.17,1
2025-02-04 01:00:00,34,curing,22.45,20.43,22.69,21.85,44.55,44.35,44.56,44.95,15.64,1.04,10.47,0
2025-02-04 02:00:00,34,curing,22.09,20.79,22.04,21.26,44.54,45.04,44.51,44.3,14.81,0.36,24.78,0
2025-02-04 03:00:00,34,curing,22.11,20.96,21.5,20.81,44.72,43.32,44.72,43.31,15.55,0.41,32.89,0
2025-02-04 04:00:00,34,curing,22.17,21.08,21.72,20.87,44.65,44.18,44.67,43.07,16.3,0.8,31.63,0
2025-02-04 05:00:00,34,curing,21.85,20.63,21.65,20.25,45.9,43.71,45.58,43.64,15.04,0.47,5.46,0
2025-02-04 06:00:00,34,curing,21.81,20.93,21.58,20.68,43.87,43.94,44.82,44.71,15.39,0.32,25.71,0
2025-02-04 07:00:00,34,curing,22.02,21.21,21.54,20.76,44.34,43.73,44.82,43.64,15.08,0.57,0.0,0
2025-02-04 08:00:00,34,curing,21.9,20.84,22.14,21.98,44.17,43.73,45.04,44.18,14.86,0.21,20.0,0
2025-02-04 09:00:00,34,curing,21.16,20.91,22.17,20.95,44.6,44.02,45.05,43.98,15.04,0.34,0.15,0
2025-02-04 10:00:00,34,curing,22.19,20.86,22.23,22.04,45.36,43.63,45.04,44.77,15.59,0.42,22.63,0
2025-02-04 11:00:00,34,curing,21.44,20.57,21.56,20.53,44.36,44.15,44.74,43.68,15.4,0.27,25.38,0
2025-02-04 12:00:00,34,curing,22.1,20.89,22.17,21.99,45.47,42.72,44.76,43.59,16.13,0.0,36.53,1
2025-02-04 13:00:00,34,curing,21.9,20.93,23.0,21.36,45.97,44.46,44.72,43.34,15.3,0.86,16.18,0
2025-02-04 14:00:00,34,curing,21.82,21.22,22.14,21.21,45.1,43.6,44.91,43.81,14.36,0.0,28.13,0
2025-02-04 15:00:00,34,curing,22.23,20.76,21.83,20.08,45.71,43.57,44.86,43.87,14.73,0.42,18.42,0
2025-02-04 16:00:00,34,curing,21.76,20.61,23.36,21.96,44.86,44.61,45.49,43.71,14.56,0.36,20.47,0
2025-02-04 17:00:00,34,curing,21.72,20.85,22.18,21.18,45.21,44.42,44.3,43.96,15.57,0.79,5.36,0
2025-02-04 18:00:00,34,curing,22.09,20.73,21.72,21.09,44.84,44.35,44.26,43.74,16.36,0.54,2.2,0
2025-02-04 19:00:00,34,curing,22.07,21.17,22.46,21.33,45.65,44.33,44.84,43.38,16.46,0.61,39.27,0
2025-02-04 20:00:00,34,curing,21.8,20.83,21.67,20.95,45.2,44.11,44.92,43.56,15.94,0.76,10.37,0
2025-02-04 21:00:00,34,curing,21.78,20.53,21.85,20.7,45.39,43.39,45.27,43.42,16.58,0.66,17.28,0
2025-02-04 22:00:00,34,curing,21.79,21.18,22.52,22.34,45.53,44.32,45.06,43.72,16.7,0.12,20.22,0
2025-02-04 23:00:00,34,curing,22.1,20.98,21.73,20.67,45.61,44.21,44.98,43.6,17.38,0.21,15.75,0
2025-02-05 00:00:00,35,curing,22.13,21.05,21.3,21.26,44.44,44.34,45.71,44.45,17.36,0.0,24.15,1
2025-02-05 01:00:00,35,curing,22.24,21.12,22.37,22.27,45.16,43.86,45.25,43.63,16.62,0.72,29.49,0
2025-02-05 02:00:00,35,curing,21.97,21.31,22.43,21.25,44.58,43.85,44.37,43.05,17.43,0.37,26.36,0
2025-02-05 03:00:00,35,curing,21.73,20.72,21.35,20.74,44.77,43.54,44.93,43.37,17.36,0.34,32.82,0
2025-02-05 04:00:00,35,curing,22.21,21.18,21.85,20.85,45.0,44.79,44.31,42.67,17.17,0.58,54.46,0
2025-02-05 05:00:00,35,curing,22.78,21.02,22.56,22.32,45.35,43.54,44.76,43.37,17.88,0.84,22.74,0
2025-02-05 06:00:00,35,curing,22.48,21.01,22.15,21.46,44.99,44.29,44.44,43.65,18.96,0.47,29.47,0
2025-02-05 07:00:00,35,curing,21.7,20.97,22.44,22.34,44.87,43.7,44.44,43.2,18.43,0.71,26.99,0
2025-02-05 08:00:00,35,curing,22.23,20.86,21.97,21.07,45.77,43.29,44.23,44.08,18.14,0.85,17.48,0
2025-02-05 09:00:00,35,curing,21.97,21.06,21.72,20.78,45.27,43.82,44.65,43.49,19.01,0.68,29.89,0
2025-02-05 10:00:00,35,curing,21.97,21.01,21.75,20.62,43.76,43.12,44.81,43.05,18.23,0.55,15.23,0
2025-02-05 11:00:00,35,curing,21.92,21.2,21.88,21.11,45.24,43.78,44.84,43.8,18.81,0.62,7.9,0
2025-02-05 12:00:00,35,curing,21.76,21.44,22.12,21.46,44.74,43.94,44.68,43.72,19.78,0.0,26.17,1
2025-02-05 13:00:00,35,curing,21.55,20.7,20.71,19.92,45.39,43.45,44.53,43.29,19.1,1.22,35.28,0
2025-02-05 14:00:00,35,curing,22.13,21.58,21.09,20.39,45.45,43.75,44.71,43.55,19.0,0.34,8.3,0
2025-02-05 15:00:00,35,curing,21.7,21.32,22.04,21.52,45.99,44.04,45.11,42.9,19.22,0.25,28.6,0
2025-02-05 16:00:00,35,curing,21.84,20.66,22.36,21.51,44.8,43.96,44.12,43.88,18.69,0.4,27.36,0
2025-02-05 17:00:00,35,curing,21.89,20.96,21.71,20.63,45.51,43.27,43.8,42.53,18.98,0.36,13.58,0
2025-02-05 18:00:00,35,curing,22.03,21.0,22.04,20.82,44.9,44.04,44.41,43.15,19.25,0.32,12.05,0
2025-02-05 19:00:00,35,curing,21.87,21.35,21.51,20.46,44.61,43.54,44.33,42.69,18.41,0.96,0.0,0
2025-02-05 20:00:00,35,curing,21.96,20.71,21.36,20.4,44.09,43.43,44.97,43.23,19.14,0.82,16.24,0
2025-02-05 21:00:00,35,curing,21.88,21.51,22.11,21.7,45.17,43.82,45.0,42.39,18.72,0.13,28.43,0
2025-02-05 22:00:00,35,curing,22.08,20.67,22.0,21.55,45.86,43.72,45.13,43.35,17.91,0.41,32.24,0
2025-02-05 23:00:00,35,curing,22.11,20.89,21.79,20.68,44.88,44.43,43.79,43.22,18.63,0.4,43.68,0
2025-02-06 00:00:00,36,curing,22.44,20.81,21.4,20.82,45.63,44.06,44.86,42.57,19.25,0.0,24.77,1
2025-02-06 01:00:00,36,curing,22.17,20.63,22.07,20.89,45.05,43.68,45.14,43.37,17.57,0.3,15.95,0
2025-02-06 02:00:00,36,curing,21.83,20.66,22.0,21.52,45.49,45.21,44.76,42.34,17.98,0.45,31.83,0
2025-02-06 03:00:00,36,curing,22.17,20.82,21.91,20.45,44.91,44.69,45.14,42.9,17.04,0.45,31.5,0
2025-02-06 04:00:00,36,curing,22.28,20.92,21.97,21.55,45.33,42.72,44.87,43.18,17.0,0.23,0.0,0
2025-02-06 05:00:00,36,curing,21.84,20.81,21.85,20.97,44.42,43.09,44.36,42.96,16.86,0.56,23.25,0
2025-02-06 06:00:00,36,curing,21.84,20.72,22.29,21.57,45.44,43.34,44.99,43.44,17.18,0.0,15.14,0
2025-02-06 07:00:00,36,curing,21.34,20.23,22.23,21.37,46.11,44.65,44.57,42.45,17.5,0.2,41.09,0
2025-02-06 08:00:00,36,curing,22.45,20.91,22.9,21.67,45.64,43.29,43.67,42.29,16.52,0.9,24.48,0
2025-02-06 09:00:00,36,curing,22.05,21.56,22.72,21.95,44.69,43.93,44.66,43.79,16.54,0.08,29.58,0
2025-02-06 10:00:00,36,curing,22.41,21.49,22.01,21.2,43.91,43.79,43.83,42.39,16.3,0.29,14.76,0
2025-02-06 11:00:00,36,curing,21.55,21.34,21.43,20.92,45.12,44.66,44.19,43.89,16.15,1.0,19.24,0
2025-02-06 12:00:00,36,curing,21.31,20.88,22.33,21.77,44.35,43.73,43.32,43.34,17.19,0.0,0.53,1
2025-02-06 13:00:00,36,curing,22.1,21.15,21.73,21.41,44.94,44.24,43.96,43.47,15.56,0.12,17.36,0
2025-02-06 14:00:00,36,curing,21.76,20.84,22.77,22.18,45.59,43.87,44.58,42.96,15.73,0.8,40.68,0
2025-02-06 15:00:00,36,curing,22.06,20.86,21.3,20.03,43.68,44.76,44.08,42.56,15.62,0.67,25.53,0
2025-02-06 16:00:00,36,curing,21.78,21.05,21.81,21.31,44.85,44.28,43.35,42.97,14.99,0.83,13.92,0
2025-02-06 17:00:00,36,curing,22.25,21.3,22.77,21.48,44.91,44.42,43.66,43.01,15.34,0.42,10.98,0
2025-02-06 18:00:00,36,curing,21.91,20.85,22.02,20.93,45.44,43.81,44.81,42.71,15.7,0.41,28.99,0
2025-02-06 19:00:00,36,curing,21.96,20.8,22.37,21.59,45.25,43.91,44.03,42.39,14.17,0.0,23.15,0
2025-02-06 20:00:00,36,curing,22.15,20.99,22.34,21.2,46.01,44.6,44.47,43.24,14.79,0.27,18.37,0
2025-02-06 21:00:00,36,curing,21.88,20.56,21.78,20.82,45.27,45.11,45.05,42.61,15.46,0.83,14.82,0
2025-02-06 22:00:00,36,curing,21.89,21.25,22.43,22.02,45.42,43.93,44.31,43.3,15.32,0.61,29.3,0
2025-02-06 23:00:00,36,curing,22.38,21.3,21.6,20.54,43.83,44.28,44.27,43.11,15.09,0.26,2.39,0
2025-02-07 00:00:00,37,curing,21.98,21.35,21.86,20.69,45.01,43.4,44.93,43.64,16.25,0.0,13.93,1
2025-02-07 01:00:00,37,curing,22.08,21.23,23.05,21.72,44.82,44.9,43.11,43.35,14.88,0.96,15.4,0
2025-02-07 02:00:00,37,curing,22.16,20.82,21.93,22.25,44.98,43.34,44.28,41.75,15.45,0.47,14.35,0
2025-02-07 03:00:00,37,curing,22.04,20.93,22.2,21.21,45.62,44.26,44.24,43.06,15.49,0.36,30.21,0
2025-02-07 04:00:00,37,curing,22.16,20.72,21.5,20.7,44.29,44.27,44.38,42.91,15.67,0.61,29.74,0
2025-02-07 05:00:00,37,curing,22.58,21.09,22.67,21.88,43.5,43.54,44.29,44.06,15.43,0.54,13.4,0
2025-02-07 06:00:00,37,curing,22.33,21.65,21.57,21.21,46.09,43.31,43.87,42.73,15.87,0.29,26.8,0
2025-02-07 07:00:00,37,curing,21.59,20.71,21.66,20.62,44.91,43.92,43.54,42.68,15.29,0.0,16.11,0
2025-02-07 08:00:00,37,curing,21.36,21.2,21.72,20.56,44.78,44.58,44.7,42.66,16.46,0.69,11.97,0
2025-02-07 09:00:00,37,curing,21.75,21.41,21.56,20.6,45.85,43.17,44.38,42.73,16.98,0.39,13.54,0
2025-02-07 10:00:00,37,curing,21.31,20.69,21.32,20.2,45.49,43.75,43.17,42.45,16.13,0.0,14.3,0
2025-02-07 11:00:00,37,curing,21.21,21.64,21.87,20.49,45.13,42.4,43.54,43.66,16.75,1.03,23.48,0
2025-02-07 12:00:00,37,curing,21.7,20.8,21.78,20.22,45.2,43.88,44.34,42.95,17.26,0.0,18.45,1
2025-02-07 13:00:00,37,curing,21.72,20.97,21.96,21.17,45.45,43.29,44.2,43.02,17.52,0.01,9.0,0
2025-02-07 14:00:00,37,curing,22.06,21.12,21.53,20.56,44.48,43.66,43.74,43.37,17.19,0.56,1.48,0
2025-02-07 15:00:00,37,curing,22.14,21.28,21.57,21.32,45.09,43.97,43.78,42.06,17.58,0.18,22.86,0
2025-02-07 16:00:00,37,curing,22.65,21.24,21.86,20.84,46.24,43.56,43.78,43.5,17.49,0.27,29.46,0
2025-02-07 17:00:00,37,curing,21.8,20.93,22.01,21.06,45.36,44.43,44.05,42.55,17.56,0.21,11.93,0
2025-02-07 18:00:00,37,curing,21.83,20.8,21.56,21.24,45.21,44.66,43.69,42.87,18.37,0.3,25.49,0
2025-02-07 19:00:00,37,curing,22.07,20.3,21.99,20.51,46.21,44.7,43.74,42.4,18.41,0.25,32.26,0
2025-02-07 20:00:00,37,curing,22.33,20.85,21.89,21.4,45.17,43.92,43.27,42.34,18.83,1.1,14.87,0
2025-02-07 21:00:00,37,curing,21.93,21.38,22.52,21.38,46.0,43.7,44.36,42.42,18.88,0.81,30.92,0
2025-02-07 22:00:00,37,curing,21.74,20.77,22.32,21.05,45.23,44.43,43.35,42.86,18.35,0.0,15.79,0
2025-02-07 23:00:00,37,curing,21.21,21.18,22.25,21.59,44.91,44.6,43.63,42.86,19.5,0.67,17.4,0
2025-02-08 00:00:00,38,curing,22.26,21.21,22.5,21.74,45.28,43.67,43.73,42.72,19.05,0.0,9.29,1
2025-02-08 01:00:00,38,curing,21.94,21.05,21.7,20.44,45.22,43.96,43.56,43.15,19.19,0.18,12.92,0
2025-02-08 02:00:00,38,curing,22.47,20.84,22.66,21.96,44.23,43.84,43.1,42.39,19.25,0.21,15.72,0
2025-02-08 03:00:00,38,curing,22.55,20.84,22.1,21.91,46.26,44.44,43.32,41.9,19.57,0.58,41.1,0
2025-02-08 04:00:00,38,curing,22.57,20.99,21.77,21.29,45.35,43.68,43.5,42.09,18.43,0.01,11.98,0
2025-02-08 05:00:00,38,curing,22.14,20.48,22.2,21.44,46.33,42.61,42.6,42.37,19.08,0.65,21.47,0
2025-02-08 06:00:00,38,curing,22.27,21.42,21.49,20.46,44.61,44.34,43.74,43.06,18.42,0.36,18.92,0
2025-02-08 07:00:00,38,curing,21.61,20.69,22.87,22.03,44.82,44.54,44.8,42.91,19.68,0.82,16.09,0
2025-02-08 08:00:00,38,curing,22.13,20.81,22.13,21.51,44.3,44.11,43.26,42.94,17.79,0.39,14.28,0
2025-02-08 09:00:00,38,curing,21.9,20.82,21.28,20.39,44.94,44.49,43.24,42.8,18.69,0.66,16.26,0
2025-02-08 10:00:00,38,curing,22.31,20.91,21.46,20.84,45.42,43.96,43.64,42.13,18.68,0.0,10.28,0
2025-02-08 11:00:00,38,curing,21.85,21.11,21.76,21.34,46.27,43.24,43.26,42.22,18.02,0.36,6.38,0
2025-02-08 12:00:00,38,curing,21.94,21.36,21.74,20.34,44.77,44.21,42.98,41.46,18.8,0.0,13.39,1
2025-02-08 13:00:00,38,curing,21.76,21.07,22.23,21.49,44.85,43.71,43.48,42.51,19.14,0.08,32.21,0
2025-02-08 14:00:00,38,curing,22.55,21.47,22.43,21.83,45.62,43.24,43.23,42.06,17.59,0.55,19.63,0
2025-02-08 15:00:00,38,curing,22.04,20.89,22.5,21.59,45.34,44.64,43.22,42.53,17.45,0.89,13.06,0
2025-02-08 16:00:00,38,curing,21.71,21.21,22.27,21.21,44.65,43.95,43.83,42.55,17.54,0.0,32.67,0
2025-02-08 17:00:00,38,curing,21.89,21.24,21.55,21.35,44.77,42.29,43.57,42.08,17.19,0.0,20.19,0
2025-02-08 18:00:00,38,curing,21.62,21.05,22.55,21.71,44.65,44.32,43.67,43.38,16.31,0.53,19.6,0
2025-02-08 19:00:00,38,curing,22.36,21.2,22.6,21.76,45.75,44.02,44.04,42.21,16.3,0.22,13.36,0
2025-02-08 20:00:00,38,curing,22.37,20.7,21.07,20.04,44.7,43.69,43.66,41.89,16.24,0.88,28.92,0
2025-02-08 21:00:00,38,curing,22.05,21.4,21.73,20.8,44.84,43.72,43.8,42.97,16.17,0.39,15.13,0
2025-02-08 22:00:00,38,curing,22.09,21.25,21.83,20.91,45.73,44.28,43.38,41.98,16.31,0.64,8.47,0
2025-02-08 23:00:00,38,curing,21.57,21.05,21.63,20.78,44.69,44.37,43.76,43.21,15.85,0.0,0.0,0
2025-02-09 00:00:00,39,curing,22.47,20.9,22.51,21.11,45.65,44.4,44.09,42.71,16.71,0.0,7.65,1
2025-02-09 01:00:00,39,curing,21.99,21.26,22.23,20.78,44.2,44.67,43.12,41.65,15.86,0.25,20.33,0
2025-02-09 02:00:00,39,curing,22.61,20.68,22.03,20.98,44.66,43.61,43.47,42.18,15.37,0.52,14.46,0
2025-02-09 03:00:00,39,curing,21.83,21.22,21.41,20.47,45.85,44.95,42.81,42.78,15.47,0.62,10.21,0
2025-02-09 04:00:00,39,curing,22.14,21.28,21.01,19.97,45.39,45.6,43.19,42.56,15.48,0.17,20.33,0
2025-02-09 05:00:00,39,curing,22.26,21.75,21.55,21.03,44.49,44.08,43.26,42.7,15.1,0.01,17.3,0
2025-02-09 06:00:00,39,curing,22.24,20.98,21.6,20.78,44.34,44.28,43.55,42.58,15.01,0.0,7.73,0
2025-02-09 07:00:00,39,curing,21.97,21.41,21.56,21.04,44.06,44.31,43.08,42.49,15.48,0.69,16.66,0
2025-02-09 08:00:00,39,curing,22.33,21.19,20.97,20.25,45.23,44.76,43.95,42.04,15.33,0.06,18.85,0
2025-02-09 09:00:00,39,curing,22.12,20.52,21.26,19.56,44.88,43.24,43.98,42.06,16.23,0.6,9.15,0
2025-02-09 10:00:00,39,curing,22.01,20.62,21.79,21.17,45.21,44.66,43.62,42.35,15.25,0.2,22.15,0
2025-02-09 11:00:00,39,curing,21.7,20.85,22.16,21.93,44.98,43.69,44.27,42.54,15.14,0.4,41.97,0
2025-02-09 12:00:00,39,curing,22.38,21.35,21.74,20.99,46.68,44.03,42.77,42.53,16.45,0.0,16.35,1
2025-02-09 13:00:00,39,curing,22.01,21.44,21.88,21.05,45.77,44.26,42.3,41.77,15.35,0.35,30.69,0
2025-02-09 14:00:00,39,curing,22.15,20.93,21.96,20.69,44.12,44.39,42.95,41.89,15.64,0.02,20.77,0
2025-02-09 15:00:00,39,curing,21.98,21.14,21.96,21.25,45.18,43.9,42.74,43.29,15.27,0.0,13.71,0
2025-02-09 16:00:00,39,curing,22.11,21.07,22.58,21.36,44.3,44.29,42.69,42.45,15.22,0.69,23.93,0
2025-02-09 17:00:00,39,curing,21.89,20.26,21.61,20.1,45.16,44.7,42.88,41.95,14.9,0.45,25.54,0
2025-02-09 18:00:00,39,curing,22.77,21.33,22.09,21.37,44.86,44.17,43.37,41.49,16.22,0.0,31.55,0
2025-02-09 19:00:00,39,curing,22.54,21.43,21.35,20.87,45.17,44.78,43.68,42.15,15.45,0.12,32.51,0
2025-02-09 20:00:00,39,curing,22.2,20.34,22.57,21.64,44.82,43.87,42.94,42.28,16.79,0.26,33.28,0
2025-02-09 21:00:00,39,curing,22.09,20.72,22.35,21.47,43.78,42.83,43.49,41.9,16.09,0.13,15.66,0
2025-02-09 22:00:00,39,curing,22.2,20.98,22.48,21.4,45.38,43.93,43.04,41.49,16.16,0.45,13.48,0
2025-02-09 23:00:00,39,curing,21.75,20.98,22.05,21.87,43.93,43.97,43.11,42.74,16.44,0.58,29.74,0
2025-02-10 00:00:00,40,curing,22.18,21.32,21.94,21.28,44.47,43.97,43.71,41.88,17.78,0.0,2.52,1
2025-02-10 01:00:00,40,curing,21.98,21.36,21.37,20.43,44.58,43.05,43.02,42.18,17.45,0.0,26.48,0
2025-02-10 02:00:00,40,curing,21.88,20.84,22.15,21.22,45.12,43.18,43.18,42.18,17.45,0.0,25.96,0
2025-02-10 03:00:00,40,curing,21.8,21.21,22.66,21.9,44.3,43.72,43.08,41.73,17.4,0.29,23.42,0
2025-02-10 04:00:00,40,curing,21.8,20.81,20.65,20.28,44.92,43.99,42.55,42.33,18.71,0.37,2.18,0
2025-02-10 05:00:00,40,curing,22.15,20.91,22.85,21.82,45.06,43.84,43.39,41.62,17.19,0.38,10.0,0
2025-02-10 06:00:00,40,curing,22.01,21.08,21.6,20.44,46.17,44.7,44.1,41.61,18.27,0.2,0.55,0
2025-02-10 07:00:00,40,curing,21.77,21.17,22.23,21.54,44.63,44.29,42.95,42.83,18.54,0.01,28.71,0
2025-02-10 08:00:00,40,curing,22.13,20.82,21.6,20.74,45.18,44.14,43.4,41.98,18.75,0.14,11.27,0
2025-02-10 09:00:00,40,curing,22.04,21.58,21.92,20.53,45.41,43.84,43.58,42.06,19.41,0.1,15.97,0
2025-02-10 10:00:00,40,curing,21.97,21.07,22.39,21.53,44.92,43.07,43.03,41.5,18.83,0.55,24.52,0
2025-02-10 11:00:00,40,curing,22.43,21.01,21.91,20.97,45.14,44.2,43.0,42.25,18.15,0.27,29.17,0
2025-02-10 12:00:00,40,curing,21.93,21.24,22.88,21.9,45.6,43.81,42.74,42.08,20.46,0.0,10.62,1
2025-02-10 13:00:00,40,curing,21.61,20.82,22.02,21.26,44.63,44.2,42.26,41.89,18.63,0.17,14.85,0
2025-02-10 14:00:00,40,curing,22.05,21.1,22.31,21.6,43.31,45.1,42.63,42.19,18.63,0.52,18.54,0
2025-02-10 15:00:00,40,curing,21.71,20.27,21.7,21.55,44.85,43.99,43.14,42.03,19.15,0.62,26.97,0
2025-02-10 16:00:00,40,curing,22.25,20.49,21.75,21.19,45.2,45.2,43.2,41.24,18.65,0.11,25.26,0
2025-02-10 17:00:00,40,curing,22.17,20.89,21.8,21.33,45.33,43.65,42.37,41.75,18.81,0.06,35.85,0
2025-02-10 18:00:00,40,curing,21.91,20.86,22.24,21.25,45.32,43.64,43.58,41.48,19.07,0.22,13.87,0
2025-02-10 19:00:00,40,curing,22.15,20.9,22.81,22.0,45.73,43.39,41.97,41.27,18.35,0.3,8.85,0
2025-02-10 20:00:00,40,curing,21.88,20.81,22.02,20.94,45.07,44.07,42.25,42.04,18.97,0.5,8.27,0
2025-02-10 21:00:00,40,curing,21.87,21.18,21.37,20.28,44.67,42.75,42.83,40.64,18.09,0.21,23.1,0
2025-02-10 22:00:00,40,curing,21.48,21.37,21.7,21.22,44.35,44.13,42.2,41.91,18.18,0.24,21.02,0
2025-02-10 23:00:00,40,curing,21.39,20.85,21.33,21.38,44.25,44.25,42.54,41.59,17.64,0.89,28.02,0
2025-02-11 00:00:00,41,curing,21.88,21.32,22.24,21.7,45.59,44.44,42.94,42.38,19.42,0.0,10.34,1
2025-02-11 01:00:00,41,curing,22.52,21.12,22.01,21.36,44.66,44.19,42.19,42.11,18.41,1.15,2.21,0
2025-02-11 02:00:00,41,curing,21.65,20.64,21.48,20.88,44.54,44.45,42.06,42.05,17.86,0.07,10.27,0
2025-02-11 03:00:00,41,curing,21.98,20.6,21.82,21.33,45.91,44.4,42.96,41.9,17.63,0.33,13.18,0
2025-02-11 04:00:00,41,curing,21.81,21.02,22.46,21.61,44.23,44.03,43.38,40.78,17.02,0.17,29.18,0
2025-02-11 05:00:00,41,curing,22.15,21.33,22.22,21.39,45.53,44.16,42.6,41.39,17.96,0.24,15.85,0
2025-02-11 06:00:00,41,curing,21.76,20.73,21.72,21.16,44.42,43.69,43.18,41.1,16.8,0.0,24.8,0
2025-02-11 07:00:00,41,curing,21.97,20.38,22.37,22.19,44.7,43.87,41.78,41.67,16.65,0.0,21.94,0
2025-02-11 08:00:00,41,curing,22.12,21.3,22.19,21.41,44.7,44.87,42.2,41.75,16.75,0.24,18.01,0
2025-02-11 09:00:00,41,curing,21.85,21.35,21.73,20.26,45.24,43.3,43.1,41.4,16.08,0.17,18.7,0
2025-02-11 10:00:00,41,curing,21.96,20.94,22.09,21.59,44.8,44.66,42.85,41.24,15.67,0.11,6.31,0
2025-02-11 11:00:00,41,curing,21.94,21.33,22.91,22.18,45.57,44.47,42.5,41.61,16.82,0.25,25.74,0
2025-02-11 12:00:00,41,curing,22.15,21.61,21.46,20.34,44.64,43.07,41.98,41.37,16.8,0.0,34.09,1
2025-02-11 13:00:00,41,curing,22.18,20.75,22.5,21.35,46.13,43.02,41.66,41.3,15.35,0.01,22.25,0
2025-02-11 14:00:00,41,curing,22.22,20.89,21.93,19.86,44.78,43.65,42.9,42.63,15.65,0.34,8.6,0
2025-02-11 15:00:00,41,curing,22.13,20.89,22.31,21.19,43.92,44.21,42.91,41.29,14.94,0.3,14.52,0
2025-02-11 16:00:00,41,curing,21.71,21.33,22.19,21.3,44.43,43.75,42.5,41.17,14.65,0.08,8.44,0
2025-02-11 17:00:00,41,curing,21.88,20.75,22.14,21.53,44.44,44.42,42.7,41.49,14.19,1.27,22.11,0
2025-02-11 18:00:00,41,curing,22.15,20.91,21.92,21.09,45.18,43.87,42.39,41.46,15.19,0.8,11.79,0
2025-02-11 19:00:00,41,curing,22.01,21.39,22.0,20.8,44.18,43.18,42.16,41.89,15.75,0.34,21.88,0
2025-02-11 20:00:00,41,curing,22.25,21.31,22.33,21.35,45.7,44.28,42.07,42.41,14.37,0.0,30.65,0
2025-02-11 21:00:00,41,curing,21.63,21.33,22.22,21.43,44.46,44.45,42.08,40.85,15.13,0.0,13.55,0
2025-02-11 22:00:00,41,curing,21.74,20.73,21.29,20.71,44.7,43.83,41.97,42.32,14.41,0.01,0.0,0
2025-02-11 23:00:00,41,curing,21.75,21.14,22.22,21.52,45.65,43.84,42.99,41.62,15.58,0.42,30.54,0
2025-02-12 00:00:00,42,curing,22.08,20.83,22.64,22.16,43.72,43.16,42.52,41.14,16.1,0.0,19.14,1
2025-02-12 01:00:00,42,curing,21.81,21.28,22.44,20.86,46.27,44.47,42.34,40.98,15.51,0.53,20.41,0
2025-02-12 02:00:00,42,curing,21.74,21.16,22.1,21.37,44.48,44.98,42.98,42.07,15.06,0.28,47.59,0
2025-02-12 03:00:00,42,curing,22.1,21.22,21.11,20.41,43.84,44.04,42.59,40.65,15.04,0.19,9.55,0
2025-02-12 04:00:00,42,curing,21.88,20.96,22.29,21.1,45.91,43.16,42.34,40.98,15.35,0.13,20.36,0
2025-02-12 05:00:00,42,curing,21.68,21.05,22.32,21.59,44.87,43.18,42.38,42.01,15.93,0.23,9.58,0
2025-02-12 06:00:00,42,curing,22.12,21.12,22.71,21.7,43.92,43.94,42.53,40.22,15.84,0.0,23.47,0
2025-02-12 07:00:00,42,curing,21.97,20.95,21.53,20.24,45.38,43.21,41.91,40.94,15.58,0.0,35.13,0
2025-02-12 08:00:00,42,curing,22.14,21.11,21.89,20.56,45.98,43.65,42.31,41.93,16.89,0.41,14.3,0
2025-02-12 09:00:00,42,curing,22.16,20.72,21.74,21.15,45.98,43.27,41.73,41.36,16.53,0.07,23.22,0
2025-02-12 10:00:00,42,curing,21.82,20.66,21.87,21.29,45.37,44.06,41.91,41.1,16.66,0.0,14.56,0
2025-02-12 11:00:00,42,curing,21.91,20.5,21.16,20.78,44.4,43.28,42.12,41.62,16.67,0.0,11.57,0
2025-02-12 12:00:00,42,curing,21.96,20.97,21.77,21.26,44.68,44.54,41.87,40.32,17.97,0.0,31.39,1
2025-02-12 13:00:00,42,curing,22.19,21.26,21.79,21.17,45.51,44.9,42.34,40.67,17.39,0.4,13.95,0
2025-02-12 14:00:00,42,curing,21.99,21.14,21.81,20.58,45.27,44.88,42.32,41.5,17.09,0.02,11.06,0
2025-02-12 15:00:00,42,curing,22.3,20.42,22.78,21.89,44.83,43.06,43.06,40.92,18.91,0.72,25.37,0
2025-02-12 16:00:00,42,curing,21.84,21.13,21.69,20.78,45.89,44.73,42.19,40.23,17.7,0.25,27.13,0
2025-02-12 17:00:00,42,curing,22.0,21.02,21.78,21.77,44.23,44.23,42.35,42.32,17.54,0.47,26.04,0
2025-02-12 18:00:00,42,curing,22.37,20.96,22.54,21.39,46.0,44.36,41.81,41.12,18.5,0.26,7.2,0
2025-02-12 19:00:00,42,curing,21.59,21.08,21.72,20.4,44.34,44.3,42.06,41.53,18.14,0.29,5.25,0
2025-02-12 20:00:00,42,curing,21.63,21.18,22.58,21.38,44.7,44.42,42.1,41.38,18.2,0.12,25.44,0
2025-02-12 21:00:00,42,curing,22.2,21.42,22.21,21.81,44.95,44.27,42.54,41.15,17.98,0.01,36.76,0
2025-02-12 22:00:00,42,curing,22.21,21.38,21.69,20.63,45.49,44.13,42.14,40.81,18.47,0.05,8.73,0
2025-02-12 23:00:00,42,curing,22.28,21.58,21.65,21.14,45.74,43.96,41.94,41.07,18.81,0.11,21.79,0
2025-02-13 00:00:00,43,curing,22.24,21.19,22.06,21.06,44.05,43.63,41.67,40.09,19.27,0.0,18.48,1
2025-02-13 01:00:00,43,curing,22.29,20.84,21.9,21.5,44.44,44.65,42.04,40.64,18.95,0.34,22.51,0
2025-02-13 02:00:00,43,curing,21.85,21.41,22.04,20.63,44.58,43.94,42.41,41.54,19.57,0.0,36.01,0
2025-02-13 03:00:00,43,curing,22.0,20.65,21.71,20.73,44.92,43.79,41.33,40.93,19.16,0.21,15.71,0
2025-02-13 04:00:00,43,curing,22.16,21.26,22.28,21.71,44.51,44.52,42.55,40.82,18.92,0.0,23.2,0
2025-02-13 05:00:00,43,curing,21.65,20.71,21.67,20.77,44.33,44.29,41.96,41.07,18.53,0.94,22.52,0
2025-02-13 06:00:00,43,curing,21.63,20.84,21.76,20.6,45.93,43.93,41.36,41.24,19.35,0.14,15.55,0
2025-02-13 07:00:00,43,curing,21.83,21.38,21.9,21.67,45.44,43.99,41.78,41.41,18.78,0.18,27.38,0
2025-02-13 08:00:00,43,curing,22.28,20.83,21.38,20.02,45.02,42.87,42.33,40.93,19.43,0.56,27.67,0
2025-02-13 09:00:00,43,curing,22.21,21.33,21.84,20.7,45.57,43.32,42.34,40.66,17.91,0.14,20.48,0
2025-02-13 10:00:00,43,curing,21.62,21.2,21.89,21.54,44.87,43.76,41.46,40.42,18.35,0.01,29.92,0
2025-02-13 11:00:00,43,curing,21.83,20.98,21.29,21.16,44.06,44.15,41.72,40.72,18.41,0.29,12.36,0
2025-02-13 12:00:00,43,curing,21.84,21.24,21.12,20.31,43.86,44.22,42.54,40.18,19.2,0.0,18.05,1
2025-02-13 13:00:00,43,curing,22.02,21.2,22.6,21.3,45.38,43.25,42.19,41.03,18.16,0.45,12.39,0
2025-02-13 14:00:00,43,curing,22.05,21.06,21.86,20.55,44.97,43.69,42.67,40.65,18.07,0.5,24.35,0
2025-02-13 15:00:00,43,curing,22.0,20.83,21.92,20.78,44.95,44.11,42.3,41.16,16.71,0.19,20.46,0
2025-02-13 16:00:00,43,curing,21.73,21.26,21.68,20.84,44.39,44.5,41.64,40.79,18.05,0.5,28.96,0
2025-02-13 17:00:00,43,curing,22.31,20.92,22.76,22.49,45.1,43.54,41.89,40.57,17.47,0.02,30.79,0
2025-02-13 18:00:00,43,curing,22.29,21.0,21.89,21.45,45.16,43.47,41.44,40.5,17.64,0.43,27.53,0
2025-02-13 19:00:00,43,curing,21.69,21.15,21.12,20.7,45.86,43.21,41.87,41.1,16.96,0.42,25.74,0
2025-02-13 20:00:00,43,curing,21.95,20.99,22.23,21.23,45.8,43.94,42.23,40.4,16.64,0.84,25.63,0
2025-02-13 21:00:00,43,curing,22.3,21.09,21.51,21.01,44.63,44.16,42.01,40.81,15.3,0.0,36.55,0
2025-02-13 22:00:00,43,curing,22.09,21.11,22.2,21.72,46.14,44.57,41.46,41.56,16.33,0.73,3.49,0
2025-02-13 23:00:00,43,curing,22.13,21.1,21.93,21.46,45.59,43.83,41.07,41.44,15.48,0.44,27.34,0
2025-02-14 00:00:00,44,curing,21.87,21.06,22.61,21.8,45.96,44.54,41.72,40.83,17.36,0.0,20.65,1
2025-02-14 01:00:00,44,curing,22.4,21.43,22.22,21.26,44.92,44.03,40.52,40.92,15.32,0.22,7.25,0
2025-02-14 02:00:00,44,curing,21.68,20.88,21.81,21.45,45.65,44.12,41.56,41.04,15.68,0.66,15.52,0
2025-02-14 03:00:00,44,curing,22.26,20.89,22.69,22.51,44.05,43.25,42.3,41.02,15.63,0.0,10.49,0
2025-02-14 04:00:00,44,curing,22.5,20.65,23.33,22.44,45.76,45.01,41.59,40.58,15.24,0.34,22.24,0
2025-02-14 05:00:00,44,curing,21.78,20.33,21.73,21.07,44.57,43.87,40.71,40.35,14.88,0.82,24.83,0
2025-02-14 06:00:00,44,curing,22.38,21.21,22.53,22.16,45.28,44.7,41.5,39.93,16.25,0.0,21.93,0
2025-02-14 07:00:00,44,curing,22.23,21.16,22.18,21.98,44.61,44.38,41.25,41.34,14.49,0.0,9.08,0
2025-02-14 08:00:00,44,curing,21.81,21.44,22.22,22.11,45.03,43.8,41.91,41.29,14.77,0.0,12.94,0
2025-02-14 09:00:00,44,curing,22.04,20.59,21.39,20.6,45.07,43.63,40.69,41.47,14.58,0.33,19.18,0
2025-02-14 10:00:00,44,curing,22.4,20.79,21.52,21.23,44.22,44.43,41.55,40.65,15.5,0.0,12.77,0
2025-02-14 11:00:00,44,curing,21.87,20.85,22.69,21.42,45.11,43.64,41.15,41.1,15.35,0.79,9.97,0
2025-02-14 12:00:00,44,curing,21.87,21.59,22.07,20.4,45.62,43.51,41.95,41.17,15.99,0.0,3.2,1
2025-02-14 13:00:00,44,curing,21.18,21.29,21.74,20.77,45.09,43.51,41.64,40.97,14.87,0.63,17.66,0
2025-02-14 14:00:00,44,curing,21.52,20.96,22.88,22.22,45.73,43.5,41.03,41.35,15.13,0.18,28.22,0
2025-02-14 15:00:00,44,curing,21.89,21.01,22.6,21.21,46.45,43.57,41.8,40.74,15.7,0.17,16.11,0
2025-02-14 16:00:00,44,curing,21.96,21.11,22.36,21.5,45.11,44.84,41.27,40.26,16.13,0.0,21.65,0
2025-02-14 17:00:00,44,curing,22.17,20.68,21.52,20.79,45.88,44.03,41.94,41.5,15.48,0.29,6.37,0
2025-02-14 18:00:00,44,curing,22.25,21.12,22.0,21.19,45.15,44.65,41.63,39.99,15.8,0.19,13.08,0
2025-02-14 19:00:00,44,curing,22.56,20.7,22.72,22.03,44.33,44.24,41.77,40.92,16.91,0.3,35.5,0
2025-02-14 20:00:00,44,curing,22.2,21.04,21.0,20.65,45.52,43.9,41.23,40.38,16.86,0.0,6.25,0
2025-02-14 21:00:00,44,curing,22.83,21.22,21.22,20.32,44.28,43.77,41.17,41.04,16.51,0.0,43.07,0
2025-02-14 22:00:00,44,curing,22.22,21.1,21.61,20.63,45.06,43.36,41.1,40.14,16.47,0.24,14.71,0
2025-02-14 23:00:00,44,curing,22.39,20.81,22.48,21.9,46.44,44.16,41.38,40.42,16.98,0.17,3.23,0
2025-02-15 00:00:00,45,curing,21.77,20.93,22.11,21.74,44.6,44.0,40.25,40.14,17.83,0.0,18.86,1
2025-02-15 01:00:00,45,curing,22.13,21.25,22.23,21.26,44.34,43.99,42.03,41.01,17.35,0.22,20.38,0
2025-02-15 02:00:00,45,curing,22.28,20.86,22.1,21.84,44.8,43.91,41.3,40.17,17.62,0.0,25.67,0
2025-02-15 03:00:00,45,curing,22.28,20.61,22.05,21.55,45.3,44.3,41.28,39.8,17.87,0.31,29.46,0
2025-02-15 04:00:00,45,curing,21.87,20.93,22.6,21.65,45.55,43.66,40.51,39.96,17.94,0.0,16.22,0
2025-02-15 05:00:00,45,curing,21.99,20.86,23.78,22.97,44.67,43.23,40.63,40.37,18.44,0.6,25.14,0
2025-02-15 06:00:00,45,curing,21.64,20.95,22.23,21.12,44.64,43.61,40.66,40.39,18.52,0.21,25.7,0
2025-02-15 07:00:00,45,curing,22.1,21.01,22.65,22.12,45.4,42.93,41.5,39.86,18.35,0.5,29.12,0
2025-02-15 08:00:00,45,curing,21.7,20.91,21.79,21.03,44.98,44.11,40.77,41.22,18.17,0.14,37.05,0
2025-02-15 09:00:00,45,curing,22.28,20.9,22.79,22.78,45.66,44.91,40.74,39.45,18.48,0.28,28.39,0
2025-02-15 10:00:00,45,curing,22.08,21.27,22.05,20.23,44.52,43.7,41.48,40.22,19.47,0.06,21.06,0
2025-02-15 11:00:00,45,curing,22.21,21.18,22.09,20.81,45.9,44.55,40.73,40.02,19.05,0.04,22.78,0
2025-02-15 12:00:00,45,curing,22.17,21.29,21.78,20.78,45.2,45.16,40.21,40.08,20.53,0.0,27.6,1
2025-02-15 13:00:00,45,curing,22.13,21.03,21.63,21.04,45.0,43.84,39.77,40.25,18.63,0.16,7.09,0
2025-02-15 14:00:00,45,curing,22.24,20.89,21.74,20.79,44.03,44.29,41.04,39.63,19.45,0.48,28.38,0
2025-02-15 15:00:00,45,curing,22.02,21.09,21.52,20.44,44.83,44.41,41.87,39.84,20.03,0.29,18.88,0
2025-02-15 16:00:00,45,curing,21.54,20.58,21.37,20.73,44.96,44.93,41.35,40.04,18.65,0.0,14.13,0
2025-02-15 17:00:00,45,curing,22.37,20.67,22.92,21.95,45.73,44.22,41.28,39.75,19.55,0.1,30.89,0
2025-02-15 18:00:00,45,curing,21.79,21.25,22.23,21.52,45.13,43.57,40.48,40.5,18.73,0.13,30.55,0
2025-02-15 19:00:00,45,curing,22.27,20.86,22.5,22.05,44.4,43.65,41.79,39.76,18.86,0.0,8.33,0
2025-02-15 20:00:00,45,curing,22.16,20.81,22.26,21.84,44.17,43.42,40.69,40.89,18.54,0.09,16.36,0
2025-02-15 21:00:00,45,curing,22.11,20.68,21.3,19.89,45.57,43.87,41.54,39.59,18.58,0.0,13.8,0
2025-02-15 22:00:00,45,curing,22.05,21.13,22.02,20.93,44.31,44.37,42.12,41.04,18.54,0.93,0.95,0
2025-02-15 23:00:00,45,curing,22.08,20.65,21.57,20.94,46.1,44.34,41.27,40.04,17.86,0.04,27.77,0
2025-02-16 00:00:00,46,curing,22.06,21.36,21.61,20.74,45.18,43.68,40.22,41.25,19.43,0.0,20.72,1
2025-02-16 01:00:00,46,curing,22.01,21.06,21.95,20.85,44.71,44.32,41.0,40.28,17.87,0.01,3.13,0
2025-02-16 02:00:00,46,curing,21.97,20.49,22.09,21.53,44.51,42.98,40.58,40.23,17.58,0.02,27.22,0
2025-02-16 03:00:00,46,curing,22.09,20.85,22.05,21.29,45.88,43.94,40.85,40.47,18.4,0.15,34.73,0
2025-02-16 04:00:00,46,curing,22.18,20.7,22.07,21.45,44.93,44.76,41.32,38.46,17.69,0.12,14.51,0
2025-02-16 05:00:00,46,curing,21.88,21.16,21.86,21.42,45.13,43.92,41.71,39.55,16.92,0.0,16.48,0
2025-02-16 06:00:00,46,curing,22.07,21.15,22.02,21.08,43.78,43.74,41.38,39.75,17.04,0.0,21.15,0
2025-02-16 07:00:00,46,curing,21.62,20.86,22.63,22.23,45.11,44.73,40.78,39.4,16.61,0.39,34.88,0
2025-02-16 08:00:00,46,curing,21.77,20.81,23.09,22.37,44.39,44.79,41.04,40.44,15.9,0.0,11.01,0
2025-02-16 09:00:00,46,curing,21.51,21.13,22.56,21.87,43.61,44.03,40.47,41.47,16.72,0.47,26.23,0
2025-02-16 10:00:00,46,curing,21.93,20.81,21.9,21.5,44.87,42.77,40.95,38.75,15.6,0.0,31.13,0
2025-02-16 11:00:00,46,curing,22.11,21.39,22.2,20.77,44.94,44.42,40.66,39.59,15.93,0.15,20.62,0
2025-02-16 12:00:00,46,curing,22.2,20.8,22.48,21.04,44.25,45.1,41.22,40.12,15.98,0.0,19.49,1
2025-02-16 13:00:00,46,curing,21.62,21.1,22.51,21.26,46.76,43.48,41.2,39.67,15.87,0.07,13.2,0
2025-02-16 14:00:00,46,curing,22.23,20.42,22.61,22.16,44.29,45.38,40.89,40.39,15.38,0.0,13.89,0
2025-02-16 15:00:00,46,curing,21.71,21.11,22.62,21.88,44.46,43.48,40.74,39.87,15.52,0.52,17.99,0
2025-02-16 16:00:00,46,curing,21.88,20.81,22.21,21.19,45.18,44.65,40.56,40.33,15.28,0.68,8.57,0
2025-02-16 17:00:00,46,curing,21.86,21.07,21.87,20.66,45.21,44.59,41.33,40.78,15.27,0.29,23.52,0
2025-02-16 18:00:00,46,curing,22.45,21.32,21.24,19.78,45.18,44.49,41.06,40.03,15.09,0.0,43.89,0
2025-02-16 19:00:00,46,curing,22.05,20.94,22.54,21.86,44.85,43.56,41.16,40.29,14.75,0.29,28.22,0
2025-02-16 20:00:00,46,curing,22.6,20.26,22.31,21.51,45.96,44.49,40.44,39.78,14.22,0.0,12.53,0
2025-02-16 21:00:00,46,curing,22.28,20.39,21.58,20.93,44.51,43.17,40.93,39.41,15.76,0.0,18.64,0
2025-02-16 22:00:00,46,curing,21.93,21.02,22.01,21.57,43.87,44.01,40.67,40.16,14.82,0.29,15.98,0
2025-02-16 23:00:00,46,curing,22.12,20.73,21.81,21.12,44.36,43.99,41.02,39.91,15.66,0.25,4.34,0
2025-02-17 00:00:00,47,curing,22.39,20.65,21.79,21.52,44.92,44.05,41.77,39.72,16.45,0.0,41.67,1
2025-02-17 01:00:00,47,curing,21.76,21.29,22.87,21.92,45.06,43.34,40.98,39.59,15.08,0.41,0.0,0
2025-02-17 02:00:00,47,curing,21.86,20.92,21.83,21.62,46.25,43.57,40.84,39.49,15.03,0.3,15.24,0
2025-02-17 03:00:00,47,curing,21.99,21.26,23.21,22.58,44.96,42.95,39.68,40.04,15.59,0.0,17.45,0
2025-02-17 04:00:00,47,curing,21.91,21.26,21.94,20.93,44.73,45.07,40.29,39.8,15.75,0.15,10.86,0
2025-02-17 05:00:00,47,curing,21.93,20.87,21.65,20.92,44.67,44.16,39.68,39.11,15.73,0.0,30.68,0
2025-02-17 06:00:00,47,curing,22.49,21.03,22.07,22.12,44.5,43.61,40.22,39.7,15.89,0.25,11.9,0
2025-02-17 07:00:00,47,curing,22.05,20.64,23.2,21.91,45.46,44.18,40.98,40.41,16.21,0.46,9.07,0
2025-02-17 08:00:00,47,curing,21.91,21.1,21.93,20.89,44.27,44.0,41.31,40.28,16.01,0.56,22.94,0
2025-02-17 09:00:00,47,curing,21.89,20.98,22.26,21.29,45.87,44.96,40.41,39.68,15.86,0.22,19.77,0
2025-02-17 10:00:00,47,curing,21.62,21.45,20.87,20.14,44.42,43.67,39.47,39.92,16.83,0.0,0.0,0
2025-02-17 11:00:00,47,curing,22.23,21.23,22.29,21.52,44.6,44.7,41.05,39.56,16.45,0.04,13.91,0
2025-02-17 12:00:00,47,curing,21.82,20.94,21.32,21.25,45.04,43.15,40.88,40.79,18.19,0.0,16.73,1
2025-02-17 13:00:00,47,curing,23.02,20.78,21.94,21.06,43.99,43.94,40.25,40.04,17.1,0.03,43.66,0
2025-02-17 14:00:00,47,curing,22.13,20.92,22.68,22.14,45.09,44.3,39.35,39.57,16.97,0.27,20.49,0
2025-02-17 15:00:00,47,curing,21.84,20.98,21.88,20.88,45.0,43.87,40.91,40.23,17.12,0.26,47.37,0
2025-02-17 16:00:00,47,curing,21.66,21.2,22.36,21.12,45.84,44.6,40.28,39.49,17.43,0.27,11.82,0
2025-02-17 17:00:00,47,curing,21.87,21.28,21.89,21.03,45.46,44.11,40.41,39.48,17.87,0.0,11.84,0
2025-02-17 18:00:00,47,curing,22.12,20.63,21.83,20.94,43.5,43.66,39.32,38.94,18.12,0.0,26.17,0
2025-02-17 19:00:00,47,curing,21.84,20.68,22.14,21.6,45.24,43.72,39.89,39.22,18.64,0.0,35.44,0
2025-02-17 20:00:00,47,curing,22.18,21.08,22.54,22.26,44.39,44.8,41.0,39.29,18.33,0.12,0.8,0
2025-02-17 21:00:00,47,curing,22.2,20.63,22.05,21.07,44.4,44.01,39.78,39.3,18.43,0.04,22.2,0
2025-02-17 22:00:00,47,curing,22.16,20.95,21.99,21.61,44.48,43.82,40.55,39.15,18.32,0.31,7.31,0
2025-02-17 23:00:00,47,curing,22.15,20.46,21.52,20.32,46.25,43.07,40.16,39.63,18.97,0.08,24.61,0
2025-02-18 00:00:00,48,curing,22.01,20.88,21.16,21.04,44.74,43.16,40.27,39.18,19.47,0.0,10.59,1
2025-02-18 01:00:00,48,curing,21.82,20.85,22.06,20.69,45.01,43.45,40.52,40.39,18.77,0.0,24.0,0
2025-02-18 02:00:00,48,curing,21.65,20.88,21.91,20.91,45.57,44.38,39.78,39.36,19.19,0.12,19.97,0
2025-02-18 03:00:00,48,curing,21.54,20.79,22.13,21.43,46.14,44.7,40.23,38.93,19.35,0.28,10.56,0
2025-02-18 04:00:00,48,curing,21.87,21.12,22.52,21.57,44.77,43.61,40.19,39.84,19.34,0.0,35.78,0
2025-02-18 05:00:00,48,curing,22.19,21.24,22.41,21.16,45.1,45.23,39.75,39.52,19.25,0.0,28.41,0
2025-02-18 06:00:00,48,curing,22.0,21.19,21.56,21.03,45.17,44.13,40.27,39.52,19.04,0.22,12.9,0
2025-02-18 07:00:00,48,curing,21.71,20.9,22.13,20.93,45.06,44.1,39.96,39.31,18.81,0.09,8.15,0
2025-02-18 08:00:00,48,curing,22.26,20.89,22.14,21.71,44.88,44.15,39.47,40.21,19.24,0.63,14.28,0
2025-02-18 09:00:00,48,curing,21.72,20.78,21.88,20.5,44.3,43.53,40.86,39.13,18.56,0.04,10.09,0
2025-02-18 10:00:00,48,curing,21.67,20.77,20.87,20.47,44.68,44.61,40.49,39.97,17.87,0.32,15.0,0
2025-02-18 11:00:00,48,curing,21.72,20.93,21.6,21.11,44.51,44.11,39.93,39.49,18.49,0.0,33.68,0
2025-02-18 12:00:00,48,curing,21.81,20.93,21.95,21.35,44.39,44.41,40.27,39.86,19.02,0.0,5.49,1
2025-02-18 13:00:00,48,curing,21.98,20.92,22.37,21.97,44.67,43.05,39.27,39.48,18.27,0.21,25.13,0
2025-02-18 14:00:00,48,curing,21.65,21.05,21.84,20.95,44.96,43.21,39.94,40.43,17.75,0.09,30.78,0
2025-02-18 15:00:00,48,curing,21.54,21.23,21.3,20.47,44.58,44.49,40.09,39.19,17.33,0.37,14.48,0
2025-02-18 16:00:00,48,curing,22.12,20.79,22.67,22.32,44.75,44.87,40.18,39.57,17.65,0.28,27.94,0
2025-02-18 17:00:00,48,curing,22.07,20.91,21.98,20.76,45.56,43.89,39.39,39.27,17.21,0.0,30.77,0
2025-02-18 18:00:00,48,curing,22.13,21.14,21.77,20.85,45.46,43.86,39.87,39.44,16.68,0.17,45.89,0
2025-02-18 19:00:00,48,curing,22.21,21.04,22.26,21.37,44.4,43.98,40.08,38.9,16.19,0.0,14.92,0
2025-02-18 20:00:00,48,curing,22.01,20.75,22.34,21.44,43.88,43.73,39.4,39.1,16.2,0.07,23.69,0
2025-02-18 21:00:00,48,curing,22.5,20.64,21.95,21.04,46.57,43.35,40.87,38.81,16.78,0.05,15.21,0
2025-02-18 22:00:00,48,curing,21.94,21.17,21.7,19.94,44.88,43.36,39.63,38.91,16.85,0.0,8.26,0
2025-02-18 23:00:00,48,curing,21.98,20.67,21.71,20.89,46.09,44.81,38.96,39.53,16.32,0.45,28.81,0
2025-02-19 00:00:00,49,curing,22.37,21.1,22.39,21.68,44.97,43.68,39.67,39.52,16.4,0.0,34.96,1
2025-02-19 01:00:00,49,curing,22.11,20.69,21.92,21.59,46.1,44.47,40.49,39.44,15.46,0.09,10.0,0
2025-02-19 02:00:00,49,curing,21.95,21.49,22.24,21.73,45.27,43.11,39.04,39.25,15.48,0.0,13.56,0
2025-02-19 03:00:00,49,curing,21.99,20.68,21.04,19.99,44.96,44.36,40.71,38.84,15.57,0.0,0.85,0
2025-02-19 04:00:00,49,curing,21.67,21.51,21.74,20.82,44.65,44.77,40.23,39.37,14.91,0.0,21.09,0
2025-02-19 05:00:00,49,curing,22.19,21.2,21.8,20.62,44.9,43.84,39.86,38.78,15.52,0.0,29.2,0
2025-02-19 06:00:00,49,curing,21.94,21.39,21.75,20.8,44.44,44.64,39.93,38.56,15.46,0.0,14.1,0
2025-02-19 07:00:00,49,curing,22.12,21.35,21.02,19.96,45.19,44.21,40.48,39.75,14.77,0.01,22.82,0
2025-02-19 08:00:00,49,curing,22.37,21.14,21.76,21.37,44.97,45.48,39.21,39.33,14.75,0.04,15.54,0
2025-02-19 09:00:00,49,curing,22.22,20.9,22.77,22.1,45.33,43.9,39.56,39.17,15.26,0.0,10.7,0
2025-02-19 10:00:00,49,curing,22.07,21.7,22.14,21.56,45.34,43.9,39.45,40.06,15.41,0.0,14.96,0
2025-02-19 11:00:00,49,curing,22.11,20.87,21.72,20.76,44.33,43.41,40.0,39.09,15.3,0.14,33.57,0
2025-02-19 12:00:00,49,curing,22.04,21.05,21.63,20.75,45.19,43.97,39.4,39.87,15.66,0.0,35.05,1
2025-02-19 13:00:00,49,curing,22.48,20.6,21.31,20.69,45.03,44.47,39.42,38.69,14.51,0.0,19.33,0
2025-02-19 14:00:00,49,curing,21.46,20.99,22.1,20.97,45.66,43.58,39.49,38.44,15.35,0.21,14.05,0
2025-02-19 15:00:00,49,curing,21.87,21.16,21.59,20.98,46.02,44.83,39.78,38.52,15.79,0.17,2.16,0
2025-02-19 16:00:00,49,curing,21.77,20.79,21.79,21.31,44.76,43.7,40.02,39.49,15.82,0.0,29.14,0
2025-02-19 17:00:00,49,curing,22.12,21.03,22.43,21.39,43.7,44.17,39.22,39.4,15.26,0.42,30.52,0
2025-02-19 18:00:00,49,curing,21.95,20.91,22.45,21.64,44.97,44.84,39.57,39.01,16.01,0.16,11.54,0
2025-02-19 19:00:00,49,curing,22.03,20.9,22.29,21.15,44.96,43.69,39.58,38.3,16.23,0.3,23.09,0
2025-02-19 20:00:00,49,curing,22.55,21.18,21.16,20.99,44.39,44.13,39.86,38.68,15.92,0.06,23.1,0
2025-02-19 21:00:00,49,curing,22.08,21.25,21.7,21.06,45.25,43.88,40.3,39.37,15.85,0.41,23.88,0
2025-02-19 22:00:00,49,curing,22.24,20.78,22.57,22.19,44.85,43.58,39.24,39.21,17.44,0.17,39.54,0
2025-02-19 23:00:00,49,curing,21.89,20.49,21.39,20.5,45.4,44.37,39.1,38.56,16.98,0.0,17.39,0
2025-02-20 00:00:00,50,curing,21.81,21.13,22.61,21.46,44.22,42.75,39.34,39.06,18.35,0.0,31.67,1
2025-02-20 01:00:00,50,curing,21.71,20.68,21.97,21.12,45.16,43.41,39.48,40.16,18.12,0.0,34.43,0
2025-02-20 02:00:00,50,curing,22.41,20.86,22.46,22.19,44.87,43.96,39.95,38.87,17.66,0.0,30.86,0
2025-02-20 03:00:00,50,curing,21.69,20.76,21.77,21.6,44.86,44.2,39.43,38.25,17.34,0.0,22.26,0
2025-02-20 04:00:00,50,curing,21.87,21.29,21.4,20.9,45.59,43.52,39.84,38.91,17.69,0.28,26.89,0
2025-02-20 05:00:00,50,curing,22.65,21.63,21.47,20.66,44.62,43.24,39.54,39.17,18.56,0.47,21.26,0
2025-02-20 06:00:00,50,curing,22.11,20.83,22.71,22.06,44.75,44.98,40.23,39.69,18.25,0.3,36.42,0
2025-02-20 07:00:00,50,curing,22.01,21.63,21.82,21.44,45.46,44.38,39.56,39.0,18.15,0.39,38.72,0
2025-02-20 08:00:00,50,curing,21.94,21.04,21.37,20.17,44.05,44.38,40.2,38.32,19.25,0.0,12.2,0
2025-02-20 09:00:00,50,curing,21.68,20.9,22.39,21.93,45.42,44.11,39.92,38.78,18.74,0.38,25.82,0
2025-02-20 10:00:00,50,curing,22.11,21.32,21.21,20.09,44.55,44.71,38.69,39.45,18.94,0.0,19.94,0
2025-02-20 11:00:00,50,curing,22.29,21.55,21.9,21.2,43.57,44.22,39.36,38.55,19.25,0.0,14.5,0
2025-02-20 12:00:00,50,curing,21.75,20.93,22.15,21.64,45.86,43.25,39.06,39.42,19.27,0.0,10.89,1
2025-02-20 13:00:00,50,curing,21.87,20.9,22.13,21.44,46.0,44.03,39.0,38.21,18.83,0.0,48.77,0
2025-02-20 14:00:00,50,curing,22.47,21.54,22.19,21.43,45.04,44.62,39.38,38.84,19.11,0.18,26.96,0
2025-02-20 15:00:00,50,curing,21.9,21.25,21.93,21.64,44.36,43.05,38.71,38.8,18.95,0.21,16.37,0
2025-02-20 16:00:00,50,curing,22.21,20.18,20.75,19.8,43.89,43.67,39.63,38.3,19.32,0.1,29.01,0
2025-02-20 17:00:00,50,curing,22.65,20.95,22.1,21.17,45.17,44.07,40.22,38.87,18.59,0.28,18.07,0
2025-02-20 18:00:00,50,curing,21.76,20.76,21.96,20.8,45.92,44.03,40.2,39.21,18.52,0.0,32.09,0
2025-02-20 19:00:00,50,curing,21.98,20.82,21.88,21.16,44.05,43.66,39.38,38.61,18.85,0.0,20.36,0
2025-02-20 20:00:00,50,curing,21.75,21.03,22.22,21.72,44.94,44.14,39.54,38.51,18.74,0.2,4.94,0
2025-02-20 21:00:00,50,curing,21.37,20.85,22.36,21.53,45.94,44.24,38.85,38.97,18.07,0.48,28.15,0
2025-02-20 22:00:00,50,curing,22.37,20.87,22.08,20.55,45.47,45.13,39.42,39.23,18.6,0.27,27.31,0
2025-02-20 23:00:00,50,curing,22.17,21.6,22.73,22.1,44.86,43.55,38.97,39.27,18.88,0.0,2.4,0
2025-02-21 00:00:00,51,curing,21.92,20.52,23.08,22.53,46.24,44.0,39.12,38.59,19.06,0.0,27.55,1
2025-02-21 01:00:00,51,curing,22.13,21.04,22.12,21.0,44.18,43.38,39.21,38.47,17.63,0.05,25.25,0
2025-02-21 02:00:00,51,curing,21.84,21.17,21.8,20.92,45.29,44.68,39.43,39.16,18.6,0.05,23.46,0
2025-02-21 03:00:00,51,curing,21.59,20.57,21.33,20.55,45.62,44.25,39.06,39.12,18.46,0.06,19.3,0
2025-02-21 04:00:00,51,curing,21.82,20.66,22.27,21.17,44.13,44.37,39.88,39.61,17.35,0.02,39.75,0
2025-02-21 05:00:00,51,curing,21.79,20.66,21.09,20.4,44.66,44.3,38.91,38.69,17.57,0.49,24.83,0
2025-02-21 06:00:00,51,curing,21.72,21.24,22.82,22.06,44.71,45.09,39.58,38.83,16.77,0.36,0.0,0
2025-02-21 07:00:00,51,curing,22.3,20.68,22.47,21.22,46.69,43.82,39.24,38.56,16.8,0.35,21.08,0
2025-02-21 08:00:00,51,curing,21.76,21.14,21.71,19.85,44.93,44.18,38.92,38.34,16.11,0.0,24.49,0
2025-02-21 09:00:00,51,curing,21.69,20.64,22.32,21.16,44.9,44.34,39.64,40.07,16.36,0.62,21.89,0
2025-02-21 10:00:00,51,curing,22.05,20.62,21.54,21.29,44.63,43.37,39.19,38.78,16.83,0.0,29.18,0
2025-02-21 11:00:00,51,curing,22.13,21.12,21.43,21.1,46.57,43.08,38.69,38.37,16.12,0.34,18.23,0
2025-02-21 12:00:00,51,curing,22.47,21.23,22.36,21.44,46.22,44.51,39.45,38.59,17.18,0.0,15.18,1
2025-02-21 13:00:00,51,curing,22.08,20.6,21.47,20.26,44.44,44.09,38.6,38.6,15.07,0.15,6.22,0
2025-02-21 14:00:00,51,curing,21.61,20.69,22.1,21.86,44.51,44.49,39.04,38.14,15.75,0.34,24.7,0
2025-02-21 15:00:00,51,curing,21.74,21.06,21.91,21.39,45.35,44.0,38.37,37.75,15.39,0.09,31.81,0
2025-02-21 16:00:00,51,curing,22.27,20.7,22.76,22.45,45.11,43.89,39.16,38.1,15.64,0.0,19.8,0
2025-02-21 17:00:00,51,curing,21.81,20.65,22.13,22.06,45.21,43.88,37.69,38.17,14.83,0.0,13.41,0
2025-02-21 18:00:00,51,curing,22.13,20.67,22.77,22.14,44.53,44.15,38.31,38.63,15.16,0.18,15.2,0
2025-02-21 19:00:00,51,curing,22.53,21.07,22.41,21.65,43.86,43.81,38.67,38.65,14.32,0.37,21.23,0
2025-02-21 20:00:00,51,curing,21.58,20.22,21.59,20.5,45.08,43.78,39.11,37.29,14.76,0.37,5.59,0
2025-02-21 21:00:00,51,curing,21.57,21.5,21.39,20.65,44.4,44.78,38.41,37.79,15.53,0.01,20.02,0
2025-02-21 22:00:00,51,curing,21.94,21.45,20.92,19.74,46.6,44.65,39.42,37.9,15.09,0.51,0.0,0
2025-02-21 23:00:00,51,curing,21.99,21.35,21.99,21.61,45.11,44.01,38.7,39.2,14.64,0.36,11.72,0
2025-02-22 00:00:00,52,curing,22.25,20.92,20.59,19.7,45.16,44.99,38.66,38.64,16.59,0.0,29.85,1
2025-02-22 01:00:00,52,curing,21.54,20.79,21.57,21.38,45.26,43.73,37.92,38.14,15.41,0.24,27.41,0
2025-02-22 02:00:00,52,curing,22.17,21.14,20.77,19.84,44.61,44.58,39.27,38.2,15.24,0.44,19.3,0
2025-02-22 03:00:00,52,curing,21.93,20.66,21.66,21.04,45.13,44.67,38.52,38.26,15.54,0.12,25.05,0
2025-02-22 04:00:00,52,curing,21.51,21.62,22.33,21.23,44.31,43.88,38.6,37.54,15.43,0.18,24.17,0
2025-02-22 05:00:00,52,curing,21.93,20.81,21.54,21.08,45.0,45.02,38.93,38.86,15.95,0.0,4.44,0
2025-02-22 06:00:00,52,curing,22.14,21.33,21.7,20.58,45.3,43.37,39.27,38.66,16.59,0.0,14.22,0
2025-02-22 07:00:00,52,curing,22.51,21.22,21.75,21.45,45.02,44.01,38.7,38.41,15.26,0.07,37.92,0
2025-02-22 08:00:00,52,curing,21.82,20.85,22.11,21.52,43.27,43.71,39.25,38.31,16.34,0.03,18.22,0
2025-02-22 09:00:00,52,curing,22.2,20.92,21.23,19.72,45.36,44.89,38.69,38.14,15.37,0.0,23.06,0
2025-02-22 10:00:00,52,curing,21.62,20.74,22.03,20.69,44.52,44.24,38.5,38.05,16.59,0.0,14.29,0
2025-02-22 11:00:00,52,curing,22.3,21.01,21.92,21.22,45.6,43.59,38.84,37.55,16.47,0.0,16.23,0
2025-02-22 12:00:00,52,curing,22.02,21.16,21.46,20.63,45.05,43.95,39.67,38.56,18.26,0.0,20.69,1
2025-02-22 13:00:00,52,curing,22.45,20.99,21.48,21.46,44.99,43.6,38.97,37.71,17.32,0.0,16.26,0
2025-02-22 14:00:00,52,curing,21.61,20.88,22.58,21.43,45.3,44.67,38.32,38.21,17.83,0.09,16.5,0
2025-02-22 15:00:00,52,curing,21.67,20.99,22.33,21.45,44.6,43.57,39.0,38.01,17.72,0.83,41.89,0
2025-02-22 16:00:00,52,curing,21.51,21.35,22.18,21.39,45.03,43.57,38.99,37.98,18.26,0.0,12.11,0
2025-02-22 17:00:00,52,curing,22.51,21.25,21.55,20.85,44.78,44.26,38.43,38.41,17.43,0.0,54.64,0
2025-02-22 18:00:00,52,curing,21.86,21.13,21.8,21.67,45.35,43.74,38.85,38.08,17.62,0.64,35.06,0
2025-02-22 19:00:00,52,curing,21.48,20.8,21.32,20.49,45.56,44.17,38.79,37.64,17.59,0.0,0.0,0
2025-02-22 20:00:00,52,curing,21.78,20.85,21.09,19.67,44.5,44.1,37.84,38.48,18.29,0.24,17.16,0
2025-02-22 21:00:00,52,curing,22.24,21.13,21.73,21.55,44.73,43.73,38.99,38.8,18.32,0.0,40.4,0
2025-02-22 22:00:00,52,curing,22.18,20.87,21.67,21.04,44.51,43.14,37.8,38.21,19.31,0.0,21.78,0
2025-02-22 23:00:00,52,curing,22.12,20.78,21.34,19.97,46.12,42.77,38.83,38.27,19.31,0.12,10.61,0
2025-02-23 00:00:00,53,curing,21.62,21.39,21.36,20.3,44.53,44.09,38.1,37.98,20.11,0.0,21.93,1
2025-02-23 01:00:00,53,curing,21.95,21.02,22.15,21.23,44.96,43.83,38.24,38.9,19.0,0.26,26.41,0
2025-02-23 02:00:00,53,curing,21.43,21.05,21.73,20.99,44.86,44.33,38.46,38.29,19.34,0.0,15.72,0
2025-02-23 03:00:00,53,curing,21.56,20.81,21.18,20.69,44.44,44.12,38.24,37.65,18.6,0.0,3.67,0
2025-02-23 04:00:00,53,curing,22.17,21.07,22.99,22.1,45.35,43.97,38.7,38.6,19.28,0.06,27.13,0
2025-02-23 05:00:00,53,curing,22.25,21.22,21.1,20.09,44.83,43.81,38.64,39.0,18.73,0.23,15.9,0
2025-02-23 06:00:00,53,curing,21.93,21.06,22.07,20.9,45.65,44.51,39.33,38.19,19.58,0.0,33.77,0
2025-02-23 07:00:00,53,curing,21.47,20.55,21.46,20.6,44.44,42.16,38.11,37.51,18.88,0.0,28.82,0
2025-02-23 08:00:00,53,curing,21.72,20.84,22.3,21.54,45.22,43.0,38.31,37.12,18.77,0.0,21.8,0
2025-02-23 09:00:00,53,curing,21.89,21.14,22.0,21.39,46.38,44.27,38.52,37.49,18.4,0.26,5.59,0
2025-02-23 10:00:00,53,curing,22.45,21.05,22.47,20.83,45.56,43.92,38.12,39.11,18.77,0.45,22.89,0
2025-02-23 11:00:00,53,curing,21.81,21.28,21.93,20.79,45.0,43.53,37.9,37.55,18.78,0.0,19.24,0
2025-02-23 12:00:00,53,curing,21.57,20.89,21.59,20.97,45.57,43.7,38.16,37.31,19.75,0.0,44.31,1
2025-02-23 13:00:00,53,curing,21.65,20.97,22.69,22.55,44.27,44.47,38.32,37.87,17.89,0.17,12.72,0
2025-02-23 14:00:00,53,curing,21.75,21.25,21.94,21.49,45.31,44.25,39.33,38.27,17.99,0.0,17.64,0
2025-02-23 15:00:00,53,curing,21.84,20.97,21.86,20.17,45.24,44.08,37.39,37.79,17.48,0.0,11.62,0
2025-02-23 16:00:00,53,curing,21.92,21.23,21.89,20.33,45.33,42.98,38.18,37.74,17.6,0.33,18.32,0
2025-02-23 17:00:00,53,curing,22.57,20.46,21.6,21.02,45.34,44.57,37.5,38.02,17.3,0.36,15.62,0
2025-02-23 18:00:00,53,curing,21.83,20.7,22.14,21.36,45.46,43.59,39.3,38.52,16.81,0.11,32.95,0
2025-02-23 19:00:00,53,curing,21.38,21.25,22.8,22.03,44.64,44.34,38.09,38.1,16.6,0.0,37.67,0
2025-02-23 20:00:00,53,curing,22.29,21.22,22.71,22.69,44.69,44.29,38.61,37.61,17.15,0.02,17.88,0
2025-02-23 21:00:00,53,curing,21.77,21.2,22.11,20.9,44.38,43.01,37.2,37.62,16.74,0.0,20.48,0
2025-02-23 22:00:00,53,curing,21.77,21.25,22.29,21.96,45.31,43.19,38.39,37.94,16.11,0.0,24.66,0
2025-02-23 23:00:00,53,curing,21.83,21.25,22.34,21.58,43.9,43.1,38.34,37.28,15.95,0.22,0.0,0
2025-02-24 00:00:00,54,curing,22.08,20.65,21.65,20.62,44.94,43.4,38.48,37.92,17.13,0.0,26.58,1
2025-02-24 01:00:00,54,curing,22.03,21.45,22.71,21.09,44.5,44.37,38.83,38.5,15.51,0.23,8.97,0
2025-02-24 02:00:00,54,curing,22.13,21.23,22.09,20.83,45.13,44.68,38.46,37.67,15.81,0.0,9.49,0
2025-02-24 03:00:00,54,curing,21.9,20.63,21.06,20.85,46.37,44.14,39.01,37.57,15.54,0.0,23.18,0
2025-02-24 04:00:00,54,curing,22.01,20.59,22.27,21.51,44.68,43.88,38.16,37.96,15.07,0.25,2.47,0
2025-02-24 05:00:00,54,curing,21.68,21.1,21.51,21.02,45.67,43.56,37.49,37.31,14.25,0.0,16.47,0
2025-02-24 06:00:00,54,curing,21.68,20.78,22.11,21.54,45.86,44.88,38.38,38.42,15.64,0.0,18.57,0
2025-02-24 07:00:00,54,curing,21.82,21.13,22.3,21.44,44.31,43.99,38.35,38.25,15.48,0.16,21.87,0
2025-02-24 08:00:00,54,curing,21.86,20.89,21.81,21.34,44.9,43.5,37.66,38.13,14.26,0.0,34.59,0
2025-02-24 09:00:00,54,curing,21.5,20.53,22.1,21.43,45.16,44.01,38.15,37.78,15.09,0.07,11.89,0
2025-02-24 10:00:00,54,curing,21.64,20.73,22.64,21.77,44.49,44.33,38.09,37.8,14.67,0.0,22.27,0
2025-02-24 11:00:00,54,curing,22.35,20.86,21.27,20.35,44.74,43.74,37.58,37.92,15.22,0.17,25.76,0
2025-02-24 12:00:00,54,curing,22.33,20.97,21.02,19.94,44.87,43.72,37.46,37.09,16.92,0.0,20.95,1
2025-02-24 13:00:00,54,curing,22.46,21.21,21.9,21.22,45.1,43.09,38.79,37.37,16.26,0.03,19.05,0
2025-02-24 14:00:00,54,curing,22.32,20.78,21.84,20.97,44.68,44.3,38.09,37.47,15.55,0.01,9.26,0
2025-02-24 15:00:00,54,curing,22.25,21.11,23.0,22.64,45.7,43.56,38.16,38.17,15.74,0.29,0.0,0
2025-02-24 16:00:00,54,curing,22.49,20.91,22.46,21.54,45.35,44.36,38.54,38.59,15.35,0.38,11.43,0
2025-02-24 17:00:00,54,curing,22.18,20.94,22.22,21.07,44.96,44.07,37.32,37.56,15.98,0.22,25.01,0
2025-02-24 18:00:00,54,curing,21.9,20.29,21.91,20.38,45.19,44.11,37.64,37.7,16.12,0.0,8.87,0
2025-02-24 19:00:00,54,curing,21.91,20.83,20.99,20.49,43.96,43.6,38.05,37.68,16.42,0.44,21.56,0
2025-02-24 20:00:00,54,curing,22.09,20.55,21.3,21.48,44.09,44.25,38.4,37.28,16.17,0.0,41.18,0
2025-02-24 21:00:00,54,curing,22.12,21.17,21.8,20.98,44.19,43.31,38.02,37.28,16.16,0.0,28.41,0
2025-02-24 22:00:00,54,curing,21.95,21.29,22.05,20.38,45.12,44.08,37.8,37.59,16.98,0.0,20.18,0
2025-02-24 23:00:00,54,curing,21.9,21.1,21.74,21.31,45.91,44.89,37.81,38.12,17.16,0.33,24.71,0
2025-02-25 00:00:00,55,curing,21.98,21.58,22.01,20.95,44.71,45.31,37.79,36.87,17.97,0.0,14.64,1
2025-02-25 01:00:00,55,curing,21.76,21.05,22.31,21.78,44.31,43.36,38.1,37.92,17.11,0.0,31.71,0
2025-02-25 02:00:00,55,curing,22.65,21.22,21.6,20.95,44.43,44.29,36.82,36.91,16.56,0.3,19.56,0
2025-02-25 03:00:00,55,curing,22.15,20.87,21.74,21.22,45.13,44.02,38.59,37.87,17.02,0.74,19.59,0
2025-02-25 04:00:00,55,curing,21.42,21.08,21.47,20.72,44.21,43.79,37.22,37.36,17.78,0.0,0.0,0
2025-02-25 05:00:00,55,curing,22.25,20.67,22.56,21.65,44.46,44.46,37.72,36.89,18.13,0.0,12.08,0
2025-02-25 06:00:00,55,curing,21.76,20.88,20.94,20.56,45.4,43.23,37.96,36.71,17.63,0.0,10.18,0
2025-02-25 07:00:00,55,curing,21.93,21.28,22.25,21.34,45.74,44.34,37.11,37.27,18.21,0.38,16.9,0
2025-02-25 08:00:00,55,curing,22.0,20.97,22.34,22.0,45.07,43.47,37.14,37.84,18.26,0.0,2.06,0
2025-02-25 09:00:00,55,curing,22.26,20.88,20.94,19.9,44.98,44.8,37.59,37.04,18.41,0.51,30.85,0
2025-02-25 10:00:00,55,curing,21.99,20.94,21.71,20.97,44.81,44.17,37.48,37.44,19.2,0.0,32.83,0
2025-02-25 11:00:00,55,curing,22.08,21.12,22.49,21.4,45.34,45.46,37.74,36.91,19.28,0.0,22.77,0
2025-02-25 12:00:00,55,curing,21.96,21.38,21.5,21.06,43.24,44.73,37.52,36.87,19.15,0.0,32.57,1
2025-02-25 13:00:00,55,curing,22.67,20.53,21.66,20.6,45.12,44.12,37.85,37.09,19.38,0.0,19.34,0
2025-02-25 14:00:00,55,curing,21.99,20.97,21.93,20.81,45.12,43.23,37.75,36.77,19.16,0.0,13.38,0
2025-02-25 15:00:00,55,curing,21.74,20.93,22.61,22.18,44.79,42.57,37.16,37.38,18.86,0.28,4.02,0
2025-02-25 16:00:00,55,curing,21.62,20.9,22.26,21.59,44.78,44.13,37.42,36.49,19.3,0.0,25.9,0
2025-02-25 17:00:00,55,curing,22.0,20.97,21.61,20.77,45.24,43.82,37.66,38.04,19.03,0.0,19.74,0
2025-02-25 18:00:00,55,curing,21.87,21.12,21.26,20.07,44.71,44.58,36.99,36.98,19.4,0.0,26.73,0
2025-02-25 19:00:00,55,curing,22.05,21.32,21.19,20.37,45.38,43.49,36.74,36.9,18.93,0.28,17.77,0
2025-02-25 20:00:00,55,curing,22.13,20.46,22.11,21.47,44.52,44.05,37.25,37.74,18.48,0.09,9.45,0
2025-02-25 21:00:00,55,curing,21.66,20.62,20.86,20.32,45.24,43.6,37.21,37.03,18.27,0.31,9.78,0
2025-02-25 22:00:00,55,curing,22.02,21.0,21.66,20.58,45.54,44.23,36.78,37.75,18.96,0.04,20.39,0
2025-02-25 23:00:00,55,curing,21.79,20.54,22.24,21.64,44.38,44.21,36.9,36.75,17.51,0.1,24.6,0
2025-02-26 00:00:00,56,curing,21.8,21.11,21.34,19.8,45.6,43.14,38.28,36.77,19.35,0.0,22.09,1
2025-02-26 01:00:00,56,curing,21.73,20.72,21.78,21.01,45.23,44.0,37.66,36.78,19.04,0.09,16.38,0
2025-02-26 02:00:00,56,curing,21.93,20.93,21.89,20.73,45.16,44.64,37.41,37.98,18.11,0.0,33.6,0
2025-02-26 03:00:00,56,curing,21.79,20.63,22.32,21.8,45.79,44.23,38.14,36.28,17.82,0.0,20.45,0
2025-02-26 04:00:00,56,curing,21.8,20.7,21.27,20.3,45.26,44.75,38.15,37.2,17.16,0.4,13.66,0
2025-02-26 05:00:00,56,curing,21.9,21.77,21.98,22.07,44.47,43.52,37.24,38.03,16.48,0.54,13.04,0
2025-02-26 06:00:00,56,curing,21.62,20.87,21.91,21.17,45.38,42.98,38.43,36.8,16.87,0.13,14.54,0
2025-02-26 07:00:00,56,curing,22.38,21.39,21.99,21.32,45.69,43.54,36.81,37.66,17.31,0.27,21.64,0
2025-02-26 08:00:00,56,curing,22.18,20.95,21.15,19.47,44.79,43.3,36.3,37.44,15.26,0.0,18.37,0
2025-02-26 09:00:00,56,curing,21.89,21.15,22.2,20.85,44.85,44.98,36.84,37.39,15.9,0.06,21.84,0
2025-02-26 10:00:00,56,curing,22.09,20.73,21.52,21.11,44.84,44.08,37.63,37.13,15.97,0.48,13.99,0
2025-02-26 11:00:00,56,curing,21.73,21.11,21.89,20.82,44.71,44.53,37.46,36.9,15.89,0.0,25.49,0
2025-02-26 12:00:00,56,curing,22.03,20.81,21.52,21.15,44.52,44.92,38.42,36.65,16.22,0.0,27.05,1
2025-02-26 13:00:00,56,curing,21.56,20.12,22.91,21.83,45.45,44.14,38.16,37.11,16.0,0.38,28.7,0
2025-02-26 14:00:00,56,curing,21.98,20.18,21.97,21.4,45.66,42.77,37.29,37.35,15.01,0.0,26.21,0
2025-02-26 15:00:00,56,curing,22.03,20.93,23.01,21.89,44.21,42.65,36.8,36.87,15.43,0.12,11.54,0
2025-02-26 16:00:00,56,curing,21.89,21.16,21.63,20.99,44.92,44.42,36.61,37.5,14.63,0.4,19.87,0
2025-02-26 17:00:00,56,curing,22.21,20.73,21.81,21.26,44.82,44.49,37.61,37.36,15.27,0.01,11.28,0
2025-02-26 18:00:00,56,curing,21.77,20.65,22.68,22.23,45.44,43.35,36.73,37.13,14.89,0.23,27.46,0
2025-02-26 19:00:00,56,curing,22.04,20.79,21.76,20.67,45.64,44.28,37.21,36.8,14.3,0.0,22.06,0
2025-02-26 20:00:00,56,curing,22.16,21.45,22.17,20.85,45.25,44.33,36.99,37.24,14.87,0.29,19.46,0
2025-02-26 21:00:00,56,curing,22.15,20.42,22.52,21.93,45.71,44.07,37.4,37.03,15.34,0.2,17.63,0
2025-02-26 22:00:00,56,curing,21.99,21.16,21.76,21.04,45.56,43.23,38.24,37.94,15.41,0.43,7.76,0
2025-02-26 23:00:00,56,curing,22.48,21.3,21.61,21.06,45.4,44.69,37.22,37.04,15.44,0.0,21.2,0
2025-02-27 00:00:00,57,curing,22.23,20.56,21.82,20.54,45.32,43.4,38.02,37.22,15.72,0.0,48.11,1
2025-02-27 01:00:00,57,curing,22.19,20.68,22.45,21.94,45.66,44.29,36.92,36.25,15.66,0.22,22.77,0
2025-02-27 02:00:00,57,curing,21.79,20.84,22.16,21.29,44.69,43.14,36.4,36.93,15.31,0.0,10.03,0
2025-02-27 03:00:00,57,curing,22.02,20.76,22.59,21.37,44.34,43.47,37.53,37.66,15.56,0.1,25.29,0
2025-02-27 04:00:00,57,curing,21.84,21.24,21.81,20.83,45.53,44.48,35.53,37.06,15.89,0.46,16.16,0
2025-02-27 05:00:00,57,curing,22.59,20.98,21.71,21.26,45.57,43.39,37.3,37.3,15.02,0.07,18.94,0
2025-02-27 06:00:00,57,curing,22.11,20.8,21.38,20.64,46.0,43.06,36.65,36.68,16.12,0.0,17.59,0
2025-02-27 07:00:00,57,curing,21.78,21.07,21.8,21.05,44.97,43.92,36.72,36.57,15.46,0.09,15.41,0
2025-02-27 08:00:00,57,curing,22.25,21.32,21.65,20.88,44.33,43.88,36.37,36.92,16.48,0.0,29.77,0
2025-02-27 09:00:00,57,curing,22.32,20.85,21.89,20.93,45.25,43.31,36.91,36.23,16.28,0.0,7.22,0
2025-02-27 10:00:00,57,curing,21.83,20.72,21.48,21.15,45.88,44.2,36.44,36.62,16.84,0.35,15.2,0
2025-02-27 11:00:00,57,curing,22.05,21.24,21.59,20.8,44.66,44.33,36.38,37.87,16.6,0.04,28.04,0
2025-02-27 12:00:00,57,curing,22.72,21.48,21.79,20.42,44.93,44.12,36.88,36.71,17.73,0.0,32.0,1
2025-02-27 13:00:00,57,curing,22.01,21.43,22.43,21.06,44.68,44.98,37.38,36.45,17.47,0.0,22.93,0
2025-02-27 14:00:00,57,curing,22.1,21.21,21.78,20.76,44.11,43.65,37.03,37.41,17.29,0.03,35.91,0
2025-02-27 15:00:00,57,curing,22.9,20.92,21.66,20.71,45.74,44.76,37.05,36.92,18.26,0.37,40.29,0
2025-02-27 16:00:00,57,curing,22.0,21.21,22.46,21.94,44.76,43.91,36.15,36.46,17.72,0.17,0.0,0
2025-02-27 17:00:00,57,curing,21.66,21.14,22.62,20.8,45.98,43.17,37.0,36.71,18.65,0.21,4.06,0
2025-02-27 18:00:00,57,curing,21.73,21.16,21.8,21.3,44.77,43.2,36.68,36.61,17.63,0.0,17.41,0
2025-02-27 19:00:00,57,curing,22.04,20.97,21.82,21.48,43.97,43.04,36.94,36.37,18.7,0.28,4.46,0
2025-02-27 20:00:00,57,curing,22.23,21.29,21.04,20.05,44.45,42.81,36.67,36.74,18.4,0.0,28.39,0
2025-02-27 21:00:00,57,curing,21.75,21.24,21.17,20.86,44.43,44.17,36.19,36.69,18.96,0.36,21.02,0
2025-02-27 22:00:00,57,curing,21.41,20.61,21.92,20.85,44.59,42.96,36.8,36.39,18.48,0.4,11.86,0
2025-02-27 23:00:00,57,curing,22.16,21.19,22.64,21.77,44.87,43.76,35.94,36.45,18.96,0.03,21.35,0
2025-02-28 00:00:00,58,curing,21.94,20.69,22.87,21.87,44.78,44.02,37.06,37.29,20.11,0.0,26.1,1
2025-02-28 01:00:00,58,curing,21.85,21.02,22.36,22.19,45.99,43.82,37.55,37.39,18.63,0.31,32.15,0
2025-02-28 02:00:00,58,curing,21.74,20.94,21.71,21.36,43.66,44.48,37.17,36.67,19.11,0.1,4.4,0
2025-02-28 03:00:00,58,curing,22.32,21.13,22.21,21.84,44.39,43.25,35.8,35.41,18.86,0.01,33.75,0
2025-02-28 04:00:00,58,curing,21.95,20.84,21.22,19.97,45.07,43.41,36.24,36.56,18.53,0.0,13.19,0
2025-02-28 05:00:00,58,curing,21.62,20.88,21.91,21.15,45.45,44.59,36.73,35.83,19.3,0.0,11.22,0
2025-02-28 06:00:00,58,curing,21.71,20.84,21.36,20.11,45.07,44.57,36.4,36.27,18.82,0.1,26.4,0
2025-02-28 07:00:00,58,curing,21.87,20.84,21.95,21.21,44.98,43.91,36.51,35.74,18.16,0.02,20.95,0
2025-02-28 08:00:00,58,curing,21.57,20.57,22.67,22.09,45.32,43.35,36.74,37.39,18.94,0.33,7.19,0
2025-02-28 09:00:00,58,curing,21.85,21.14,23.04,22.78,44.89,43.5,35.97,36.46,18.5,0.0,17.07,0
2025-02-28 10:00:00,58,curing,22.33,20.82,22.06,21.2,44.83,44.39,36.71,37.17,18.51,0.03,10.69,0
2025-02-28 11:00:00,58,curing,22.24,21.09,22.15,21.44,45.22,45.0,36.8,35.39,18.38,0.48,25.49,0
2025-02-28 12:00:00,58,curing,22.29,20.99,21.12,20.27,44.13,43.56,36.89,37.3,19.34,0.0,41.83,1
2025-02-28 13:00:00,58,curing,22.28,21.12,21.62,20.4,45.01,43.84,35.91,36.54,17.68,0.0,9.8,0
2025-02-28 14:00:00,58,curing,22.04,21.16,22.71,22.57,44.53,43.38,36.64,36.9,17.53,0.22,35.99,0
2025-02-28 15:00:00,58,curing,22.11,20.61,22.53,21.88,45.15,44.58,36.51,36.3,18.04,0.0,17.98,0
2025-02-28 16:00:00,58,curing,21.49,20.96,22.37,22.14,44.88,44.0,36.85,36.2,17.18,0.0,8.62,0
2025-02-28 17:00:00,58,curing,22.22,21.05,22.17,21.71,45.74,44.21,35.58,35.32,17.13,0.0,40.14,0
2025-02-28 18:00:00,58,curing,22.18,20.79,22.77,21.47,45.32,43.56,35.91,36.21,16.23,0.0,21.46,0
2025-02-28 19:00:00,58,curing,22.07,20.8,21.82,20.78,45.18,44.67,35.95,35.31,16.99,0.0,22.69,0
2025-02-28 20:00:00,58,curing,22.06,21.1,21.86,21.33,44.52,44.26,36.7,36.12,16.59,0.13,12.87,0
2025-02-28 21:00:00,58,curing,21.69,21.37,23.35,22.9,45.33,44.54,35.87,35.6,16.51,0.0,32.4,0
2025-02-28 22:00:00,58,curing,21.86,21.16,21.52,21.0,43.72,43.78,35.43,36.13,16.69,0.0,15.4,0
2025-02-28 23:00:00,58,curing,21.54,21.2,22.18,21.38,45.52,43.58,35.85,37.35,16.23,0.06,19.9,0
2025-03-01 00:00:00,59,curing,21.86,21.09,21.76,21.31,45.5,44.17,36.63,36.58,16.94,0.0,25.1,1
2025-03-01 01:00:00,59,curing,21.92,21.56,22.7,21.51,45.11,44.12,37.28,36.48,16.31,0.0,34.15,0
2025-03-01 02:00:00,59,curing,21.81,21.01,21.82,20.92,45.4,44.68,36.98,36.46,15.92,0.0,27.04,0
2025-03-01 03:00:00,59,curing,22.34,21.27,21.78,20.52,44.16,44.66,36.63,36.14,15.7,0.29,23.08,0
2025-03-01 04:00:00,59,curing,21.76,22.0,21.8,21.39,44.7,43.21,35.55,35.81,15.36,0.02,19.33,0
2025-03-01 05:00:00,59,curing,22.09,21.11,22.36,21.71,44.46,42.85,36.39,36.63,15.3,0.84,11.76,0
2025-03-01 06:00:00,59,curing,22.06,20.99,21.45,20.93,45.34,44.68,36.26,36.32,15.61,0.04,30.4,0
2025-03-01 07:00:00,59,curing,21.95,20.53,21.21,20.31,45.34,43.72,36.55,35.59,14.7,0.38,34.32,0
2025-03-01 08:00:00,59,curing,22.16,20.52,21.89,20.08,45.94,43.7,36.14,36.84,14.7,0.03,26.47,0
2025-03-01 09:00:00,59,curing,22.11,21.63,21.77,20.66,44.38,44.37,36.41,36.98,14.81,0.02,28.29,0
2025-03-01 10:00:00,59,curing,21.89,21.01,22.22,21.48,44.47,44.04,35.63,36.07,14.63,0.0,19.28,0
2025-03-01 11:00:00,59,curing,22.38,20.73,21.78,21.0,45.25,43.99,36.06,36.58,14.8,0.22,21.5,0
2025-03-01 12:00:00,59,curing,21.96,20.85,21.65,21.22,44.63,44.23,35.86,36.05,16.28,0.0,7.48,1
2025-03-01 13:00:00,59,curing,22.18,20.67,22.1,21.74,44.6,43.77,36.8,36.5,15.65,0.0,33.58,0
2025-03-01 14:00:00,59,curing,21.7,20.99,22.17,21.14,45.37,43.89,35.04,35.79,15.35,0.08,42.25,0
2025-03-01 15:00:00,59,curing,21.73,20.8,22.46,21.98,45.0,43.7,35.33,35.69,15.61,0.28,7.94,0
2025-03-01 16:00:00,59,curing,22.05,21.17,21.98,20.5,44.66,44.15,36.22,36.58,15.8,0.0,7.69,0
2025-03-01 17:00:00,59,curing,22.67,21.44,21.05,20.51,45.65,43.64,35.86,36.77,16.5,0.07,24.28,0
2025-03-01 18:00:00,59,curing,21.63,21.14,21.93,20.29,44.93,44.84,36.97,36.29,15.83,0.07,29.29,0
2025-03-01 19:00:00,59,curing,21.65,21.01,21.96,21.36,44.16,44.23,36.23,36.44,16.04,0.0,9.35,0
2025-03-01 20:00:00,59,curing,21.78,21.01,21.9,20.19,44.87,43.92,36.03,36.57,16.23,0.0,22.48,0
2025-03-01 21:00:00,59,curing,21.87,21.41,22.22,21.62,44.99,44.56,35.65,36.3,16.41,0.0,21.23,0
2025-03-01 22:00:00,59,curing,22.02,20.6,21.81,21.65,44.58,44.17,36.15,37.66,15.84,0.17,14.19,0
2025-03-01 23:00:00,59,curing,22.3,20.71,22.51,21.64,45.61,44.47,36.35,36.66,17.06,0.0,17.65,0
