timestamp,hour,phase,temperature_active1,temperature_active2,temperature_active3,temperature_active4,temperature_curing1,temperature_curing2,moisture_active1,moisture_active2,moisture_curing1,moisture_curing2,oxygen,co2,methane,methane_ppm,aeration_on
2025-01-01 00:00:00,0,active,34.81,35.74,34.17,35.25,31.69,32.64,58.05,59.93,44.78,45.51,8.8,0.0,0.0,0.0,1
2025-01-01 01:00:00,1,active,34.57,35.93,34.27,35.4,31.59,32.64,58.12,60.05,44.75,45.53,8.14,0.01,0.0,0.0,0
2025-01-01 02:00:00,2,active,34.89,35.61,34.24,35.11,31.53,32.63,57.92,60.22,44.84,45.59,8.27,0.01,0.0,0.0,0
2025-01-01 03:00:00,3,active,34.92,36.13,34.31,35.4,31.66,32.6,57.81,60.08,44.72,45.45,8.4,0.01,0.0,0.0,0
2025-01-01 04:00:00,4,active,34.41,35.84,34.11,35.21,31.54,32.57,58.01,60.02,44.86,45.58,8.51,0.01,0.0,0.0,0
2025-01-01 05:00:00,5,active,34.52,35.92,34.17,35.3,31.57,32.56,57.94,59.91,44.86,45.51,8.61,0.0,0.0,0.0,0
2025-01-01 06:00:00,6,active,34.78,36.29,34.2,35.56,31.53,32.67,57.96,60.19,44.87,45.63,9.49,0.0,0.0,0.0,1
2025-01-01 07:00:00,7,active,34.7,36.14,34.14,35.46,31.65,32.64,58.02,60.06,44.81,45.61,8.75,0.0,0.0,0.0,0
2025-01-01 08:00:00,8,active,34.75,35.81,34.04,35.48,31.55,32.56,57.93,59.91,44.74,45.6,8.79,0.01,0.0,0.0,0
2025-01-01 09:00:00,9,active,34.6,35.76,34.05,35.06,31.57,32.6,57.95,59.99,44.79,45.44,8.8,0.01,0.0,0.0,0
2025-01-01 10:00:00,10,active,34.91,35.81,33.97,35.71,31.62,32.58,57.96,59.96,44.81,45.56,8.79,0.01,0.0,0.0,0
2025-01-01 11:00:00,11,active,34.89,35.96,34.19,35.16,31.59,32.54,58.1,60.06,44.74,45.48,8.75,0.0,0.0,0.0,0
2025-01-01 12:00:00,12,active,34.77,35.85,34.09,35.65,31.56,32.61,57.97,60.09,44.88,45.56,9.49,0.0,0.0,0.0,1
2025-01-01 13:00:00,13,active,34.95,35.79,33.99,35.56,31.62,32.58,57.87,60.02,44.82,45.39,8.61,0.01,0.0,0.0,0
2025-01-01 14:00:00,14,active,34.84,36.13,33.99,35.48,31.69,32.55,57.87,60.14,44.71,45.45,8.51,0.01,0.0,0.0,0
2025-01-01 15:00:00,15,active,34.6,35.84,33.9,35.22,31.58,32.52,57.98,60.07,44.92,45.66,8.4,0.01,0.0,0.0,0
2025-01-01 16:00:00,16,active,34.82,36.28,34.29,35.4,31.56,32.52,57.87,60.16,44.79,45.6,8.27,0.01,0.0,0.0,0
2025-01-01 17:00:00,17,active,34.58,35.88,34.13,35.29,31.57,32.58,57.84,60.04,44.7,45.54,8.14,0.0,0.0,0.0,0
2025-01-01 18:00:00,18,active,34.91,36.19,33.96,35.38,31.63,32.59,58.03,60.33,44.72,45.5,8.8,0.0,0.0,0.0,1
2025-01-01 19:00:00,19,active,34.74,35.93,34.25,35.33,31.53,32.55,58.03,60.02,44.89,45.48,8.0,0.01,0.0,0.0,0
2025-01-01 20:00:00,20,active,34.72,36.04,34.01,35.01,31.54,32.63,57.94,59.99,44.91,45.58,8.0,0.0,0.0,0.0,0
2025-01-01 21:00:00,21,active,34.63,35.73,33.86,35.58,31.48,32.6,58.0,59.98,44.85,45.54,8.0,0.01,0.0,0.0,0
2025-01-01 22:00:00,22,active,34.97,35.71,34.29,35.36,31.5,32.63,57.99,60.05,44.88,45.69,8.0,0.01,0.0,0.0,0
2025-01-01 23:00:00,23,active,34.73,35.95,34.02,35.29,31.53,32.59,58.02,59.92,44.87,45.55,8.0,0.01,0.0,0.0,0
2025-01-02 00:00:00,24,active,34.84,36.04,34.07,35.42,31.21,32.23,57.81,59.77,44.5,45.19,8.11,0.0,0.0,0.0,1
2025-01-02 01:00:00,25,active,34.85,35.87,34.14,35.58,31.31,32.28,57.54,59.58,44.49,45.08,8.0,0.01,0.0,0.0,0
2025-01-02 02:00:00,26,active,35.01,35.63,34.34,35.36,31.25,32.2,57.74,59.76,44.5,45.16,8.0,0.01,0.0,0.0,0
2025-01-02 03:00:00,27,active,34.98,35.62,34.14,35.11,31.17,32.3,57.81,59.63,44.52,45.2,8.0,0.01,0.0,0.0,0
2025-01-02 04:00:00,28,active,34.99,35.6,33.92,35.59,31.18,32.22,57.73,59.72,44.41,45.16,8.0,0.01,0.0,0.0,0
2025-01-02 05:00:00,29,active,34.99,35.54,34.23,35.61,31.29,32.32,57.76,59.8,44.52,45.15,8.0,0.01,0.0,0.0,0
2025-01-02 06:00:00,30,active,35.29,35.88,34.05,35.48,31.28,32.25,57.83,59.95,44.57,45.21,8.11,0.0,0.0,0.0,1
2025-01-02 07:00:00,31,active,34.84,36.07,34.47,35.31,31.22,32.33,57.77,59.65,44.45,45.3,8.0,0.01,0.0,0.0,0
2025-01-02 08:00:00,32,active,34.82,35.86,34.14,35.53,31.19,32.21,57.89,59.74,44.44,45.2,8.0,0.01,0.0,0.0,0
2025-01-02 09:00:00,33,active,34.77,35.45,33.74,35.26,31.28,32.23,57.86,59.69,44.5,45.27,8.0,0.01,0.0,0.0,0
2025-01-02 10:00:00,34,active,35.02,35.83,34.2,35.33,31.16,32.29,57.75,59.67,44.42,45.23,8.0,0.01,0.0,0.0,0
2025-01-02 11:00:00,35,active,35.11,35.83,34.48,35.38,31.24,32.33,57.74,59.69,44.37,45.27,8.0,0.01,0.0,0.0,0
2025-01-02 12:00:00,36,active,34.89,36.24,34.42,35.67,31.34,32.36,57.52,59.82,44.55,45.14,8.8,0.0,0.0,0.0,1
2025-01-02 13:00:00,37,active,34.76,35.6,34.46,35.45,31.23,32.27,57.73,59.71,44.43,45.17,8.14,0.01,0.0,0.0,0
2025-01-02 14:00:00,38,active,34.77,35.79,33.96,35.44,31.18,32.37,57.64,59.95,44.46,45.17,8.27,0.01,0.0,0.0,0
2025-01-02 15:00:00,39,active,35.03,36.17,34.3,35.87,31.24,32.25,57.78,59.78,44.42,45.23,8.4,0.01,0.0,0.0,0
2025-01-02 16:00:00,40,active,35.05,35.94,34.01,35.58,31.19,32.33,57.77,59.66,44.56,45.25,8.51,0.01,0.0,0.0,0
2025-01-02 17:00:00,41,active,35.01,35.97,34.18,35.58,31.14,32.22,57.82,59.72,44.53,45.19,8.61,0.01,0.0,0.0,0
2025-01-02 18:00:00,42,active,34.79,35.88,33.91,35.45,31.26,32.29,57.88,59.68,44.45,45.25,9.49,0.0,0.0,0.0,1
2025-01-02 19:00:00,43,active,34.95,35.92,34.02,35.41,31.28,32.14,57.76,59.82,44.38,45.14,8.75,0.01,0.0,0.0,0
2025-01-02 20:00:00,44,active,34.93,36.0,34.02,35.13,31.2,32.21,57.96,59.6,44.44,45.25,8.79,0.01,0.0,0.0,0
2025-01-02 21:00:00,45,active,34.95,35.72,34.3,35.69,31.2,32.29,57.78,59.63,44.51,45.26,8.8,0.01,0.0,0.0,0
2025-01-02 22:00:00,46,active,35.07,36.02,34.28,35.6,31.17,32.2,57.65,59.7,44.48,45.24,8.79,0.01,0.0,0.0,0
2025-01-02 23:00:00,47,active,34.95,35.61,34.19,35.48,31.21,32.29,57.71,59.81,44.47,45.19,8.75,0.01,0.0,0.0,0
2025-01-03 00:00:00,48,active,35.46,35.99,34.17,35.53,30.85,31.99,57.52,59.54,44.16,44.86,9.49,0.0,0.0,0.0,1
2025-01-03 01:00:00,49,active,35.35,35.96,34.35,35.69,30.82,31.91,57.6,59.55,44.2,44.73,8.61,0.02,0.0,0.0,0
2025-01-03 02:00:00,50,active,35.39,35.82,34.28,35.28,30.98,31.89,57.47,59.48,44.14,44.82,8.51,0.02,0.0,0.0,0
2025-01-03 03:00:00,51,active,35.45,35.93,34.56,35.45,30.9,31.91,57.52,59.42,44.18,44.83,8.4,0.02,0.0,0.0,0
2025-01-03 04:00:00,52,active,35.08,35.82,34.62,35.35,30.91,31.89,57.54,59.5,44.07,44.7,8.27,0.02,0.0,0.0,0
2025-01-03 05:00:00,53,active,35.28,35.74,34.6,35.87,30.92,31.93,57.51,59.33,44.34,44.84,8.14,0.02,0.0,0.0,0
2025-01-03 06:00:00,54,active,35.26,35.87,34.27,35.71,30.92,31.94,57.62,59.27,44.13,44.7,8.8,0.0,0.0,0.0,1
2025-01-03 07:00:00,55,active,35.23,35.73,33.92,35.16,30.85,31.92,57.6,59.47,44.16,44.77,8.0,0.02,0.0,0.0,0
2025-01-03 08:00:00,56,active,35.29,35.99,34.09,35.29,30.89,32.03,57.65,59.34,44.19,44.81,8.0,0.02,0.0,0.0,0
2025-01-03 09:00:00,57,active,35.61,35.72,34.66,35.53,30.86,31.9,57.52,59.42,44.12,44.75,8.0,0.02,0.0,0.0,0
2025-01-03 10:00:00,58,active,35.19,36.06,34.34,35.47,30.9,32.01,57.65,59.44,44.15,44.81,8.0,0.02,0.0,0.0,0
2025-01-03 11:00:00,59,active,35.51,35.72,34.28,35.32,30.9,31.88,57.43,59.45,44.15,44.81,8.0,0.02,0.0,0.0,0
2025-01-03 12:00:00,60,active,35.04,35.83,34.7,35.9,30.86,31.94,57.43,59.51,44.08,44.74,8.11,0.0,0.0,0.0,1
2025-01-03 13:00:00,61,active,35.28,35.82,34.63,35.61,30.81,32.0,57.45,59.5,44.18,44.85,8.0,0.02,0.0,0.0,0
2025-01-03 14:00:00,62,active,35.37,36.17,34.41,35.64,30.88,32.0,57.55,59.45,44.02,44.74,8.0,0.02,0.0,0.0,0
2025-01-03 15:00:00,63,active,35.44,35.99,34.36,35.43,30.87,31.92,57.65,59.39,44.28,44.98,8.0,0.02,0.0,0.0,0
2025-01-03 16:00:00,64,active,35.47,35.89,34.39,35.69,30.78,31.97,57.5,59.44,44.21,44.79,8.0,0.02,0.0,0.0,0
2025-01-03 17:00:00,65,active,35.48,36.02,34.45,35.49,30.9,31.96,57.51,59.38,44.19,44.71,8.0,0.02,0.0,0.0,0
2025-01-03 18:00:00,66,active,35.28,35.55,34.69,35.51,30.93,31.91,57.53,59.41,44.02,44.73,8.11,0.0,0.0,0.0,1
2025-01-03 19:00:00,67,active,35.26,35.92,34.48,35.67,31.01,31.97,57.6,59.66,44.09,44.89,8.0,0.02,0.0,0.0,0
2025-01-03 20:00:00,68,active,35.49,36.29,34.54,35.27,30.86,32.04,57.51,59.45,44.25,44.77,8.0,0.02,0.0,0.0,0
2025-01-03 21:00:00,69,active,35.31,35.96,34.62,35.84,30.85,31.96,57.5,59.47,44.45,44.7,8.0,0.02,0.0,0.0,0
2025-01-03 22:00:00,70,active,35.11,35.94,34.2,35.59,30.82,31.97,57.43,59.37,44.23,44.87,8.0,0.02,0.0,0.0,0
2025-01-03 23:00:00,71,active,35.14,36.03,34.54,35.79,30.89,31.98,57.5,59.52,44.22,44.77,8.0,0.02,0.0,0.0,0
2025-01-04 00:00:00,72,active,34.95,36.09,34.23,35.13,30.55,31.53,57.44,59.18,43.87,44.47,8.8,0.0,0.0,0.0,1
2025-01-04 01:00:00,73,active,35.2,35.56,33.84,35.16,30.49,31.63,57.35,59.18,43.77,44.49,8.14,0.03,0.0,0.0,0
2025-01-04 02:00:00,74,active,35.14,35.62,33.91,35.12,30.53,31.55,57.28,59.13,43.9,44.44,8.27,0.03,0.0,0.0,0
2025-01-04 03:00:00,75,active,35.23,35.96,34.11,35.37,30.43,31.58,57.44,59.2,43.75,44.61,8.4,0.03,0.0,0.0,0
2025-01-04 04:00:00,76,active,35.03,35.79,34.38,35.34,30.59,31.72,57.29,59.22,43.74,44.29,8.51,0.03,0.0,0.0,0
2025-01-04 05:00:00,77,active,35.14,36.16,34.31,35.24,30.49,31.6,57.46,59.14,43.74,44.36,8.61,0.03,0.0,0.0,0
2025-01-04 06:00:00,78,active,35.22,35.87,34.32,35.15,30.53,31.57,57.46,59.1,43.9,44.4,9.49,0.0,0.0,0.0,1
2025-01-04 07:00:00,79,active,35.05,35.57,34.63,35.1,30.46,31.67,57.34,59.19,43.83,44.6,8.75,0.03,0.0,0.0,0
2025-01-04 08:00:00,80,active,35.19,35.69,34.06,35.32,30.5,31.56,57.21,59.03,43.84,44.56,8.79,0.03,0.0,0.0,0
2025-01-04 09:00:00,81,active,34.99,35.42,34.28,35.24,30.52,31.58,57.54,59.05,43.83,44.52,8.8,0.03,0.0,0.0,0
2025-01-04 10:00:00,82,active,35.05,35.88,34.34,35.2,30.54,31.68,57.37,59.11,43.75,44.36,8.79,0.03,0.0,0.0,0
2025-01-04 11:00:00,83,active,35.04,35.89,34.16,35.6,30.56,31.61,57.31,58.96,43.78,44.37,8.75,0.03,0.0,0.0,0
2025-01-04 12:00:00,84,active,34.9,35.85,34.29,35.31,30.61,31.52,57.42,59.18,43.78,44.36,9.49,0.0,0.0,0.0,1
2025-01-04 13:00:00,85,active,35.2,36.12,34.0,35.55,30.58,31.64,57.4,59.03,43.73,44.36,8.61,0.03,0.0,0.0,0
2025-01-04 14:00:00,86,active,35.03,36.14,34.54,35.23,30.59,31.59,57.45,59.07,43.79,44.54,8.51,0.03,0.0,0.0,0
2025-01-04 15:00:00,87,active,35.11,35.89,34.17,35.37,30.61,31.69,57.28,59.09,43.75,44.4,8.4,0.03,0.0,0.0,0
2025-01-04 16:00:00,88,active,35.2,35.54,34.65,35.32,30.57,31.58,57.37,59.11,43.87,44.41,8.27,0.03,0.0,0.0,0
2025-01-04 17:00:00,89,active,35.19,36.04,34.28,35.02,30.53,31.67,57.24,59.08,43.88,44.48,8.14,0.03,0.0,0.0,0
2025-01-04 18:00:00,90,active,35.23,36.02,34.47,35.58,30.59,31.7,57.4,59.1,43.73,44.29,8.8,0.0,0.0,0.0,1
2025-01-04 19:00:00,91,active,35.09,35.98,34.28,35.3,30.59,31.56,57.34,59.11,43.81,44.42,8.0,0.03,0.0,0.0,0
2025-01-04 20:00:00,92,active,35.03,36.1,34.28,35.46,30.57,31.6,57.36,59.07,43.97,44.33,8.0,0.03,0.0,0.0,0
2025-01-04 21:00:00,93,active,35.1,35.71,34.18,35.19,30.46,31.63,57.33,59.04,43.76,44.4,8.0,0.03,0.0,0.0,0
2025-01-04 22:00:00,94,active,34.81,36.29,34.31,35.3,30.49,31.56,57.32,59.21,43.86,44.37,8.0,0.03,0.0,0.0,0
2025-01-04 23:00:00,95,active,34.85,35.75,34.34,35.17,30.52,31.62,57.26,58.93,43.84,44.37,8.0,0.03,0.0,0.0,0
2025-01-05 00:00:00,96,active,35.18,35.9,34.07,35.34,30.24,31.27,57.2,58.77,43.59,44.06,8.11,0.0,0.0,0.0,1
2025-01-05 01:00:00,97,active,35.24,35.45,34.18,35.17,30.19,31.27,57.26,58.75,43.53,44.05,8.0,0.04,0.0,0.0,0
2025-01-05 02:00:00,98,active,35.49,35.59,34.1,35.18,30.26,31.28,57.08,58.83,43.48,44.02,8.0,0.04,0.0,0.0,0
2025-01-05 03:00:00,99,active,35.25,36.04,34.61,35.36,30.27,31.28,57.18,58.66,43.52,44.07,8.0,0.04,0.0,0.0,0
2025-01-05 04:00:00,100,active,35.35,35.71,34.19,35.32,30.26,31.29,57.16,58.75,43.52,43.97,8.0,0.04,0.0,0.0,0
2025-01-05 05:00:00,101,active,35.65,35.91,34.48,35.25,30.26,31.25,57.13,58.78,43.51,44.09,8.0,0.04,0.0,0.0,0
2025-01-05 06:00:00,102,active,35.35,35.8,34.17,34.86,30.14,31.25,57.0,58.89,43.42,44.02,8.11,0.0,0.0,0.0,1
2025-01-05 07:00:00,103,active,35.55,35.74,34.25,34.99,30.22,31.27,57.02,58.82,43.61,44.0,8.0,0.04,0.0,0.0,0
2025-01-05 08:00:00,104,active,35.25,36.01,33.97,34.94,30.16,31.28,57.06,58.69,43.59,43.98,8.0,0.04,0.0,0.0,0
2025-01-05 09:00:00,105,active,35.38,35.72,34.13,35.25,30.11,31.25,56.94,58.75,43.44,44.02,8.0,0.04,0.0,0.0,0
2025-01-05 10:00:00,106,active,35.25,35.44,34.24,35.15,30.18,31.3,57.25,58.87,43.49,44.18,8.0,0.04,0.0,0.0,0
2025-01-05 11:00:00,107,active,35.35,35.62,34.49,34.87,30.27,31.18,57.16,58.69,43.5,44.03,8.0,0.04,0.0,0.0,0
2025-01-05 12:00:00,108,active,35.56,35.86,34.25,35.08,30.22,31.24,57.12,58.78,43.43,43.95,8.8,0.0,0.0,0.0,1
2025-01-05 13:00:00,109,active,35.11,35.83,34.45,34.85,30.3,31.26,56.94,58.79,43.38,44.11,8.14,0.04,0.0,0.0,0
2025-01-05 14:00:00,110,active,35.49,35.48,34.32,35.11,30.2,31.23,56.97,58.76,43.46,44.0,8.27,0.04,0.0,0.0,0
2025-01-05 15:00:00,111,active,35.46,35.63,34.49,34.82,30.33,31.37,57.13,59.03,43.49,44.06,8.4,0.04,0.0,0.0,0
2025-01-05 16:00:00,112,active,35.31,35.66,34.2,35.21,30.2,31.28,57.3,58.76,43.41,43.99,8.51,0.04,0.0,0.0,0
2025-01-05 17:00:00,113,active,35.16,35.69,34.63,35.18,30.2,31.29,57.07,58.83,43.53,44.14,8.61,0.04,0.0,0.0,0
2025-01-05 18:00:00,114,active,35.43,35.51,34.12,35.46,30.13,31.25,57.2,58.72,43.6,43.99,9.49,0.0,0.0,0.0,1
2025-01-05 19:00:00,115,active,35.32,35.65,34.07,35.27,30.25,31.28,57.09,58.84,43.58,44.15,8.75,0.04,0.0,0.0,0
2025-01-05 20:00:00,116,active,35.46,35.63,33.99,35.04,30.17,31.21,57.13,58.87,43.5,43.96,8.79,0.04,0.0,0.0,0
2025-01-05 21:00:00,117,active,35.42,35.9,34.62,35.26,30.16,31.27,57.23,58.74,43.38,44.01,8.8,0.04,0.0,0.0,0
2025-01-05 22:00:00,118,active,35.7,35.91,34.35,34.87,30.26,31.23,57.1,58.79,43.57,44.15,8.79,0.04,0.0,0.0,0
2025-01-05 23:00:00,119,active,35.37,35.73,34.15,34.95,30.26,31.26,57.07,58.71,43.52,44.05,8.75,0.04,0.0,0.0,0
2025-01-06 00:00:00,120,active,35.46,36.61,34.73,35.51,29.91,30.81,57.01,58.37,43.23,43.83,9.49,0.0,0.0,0.0,1
2025-01-06 01:00:00,121,active,35.67,36.71,34.63,35.06,29.83,30.89,56.9,58.56,43.34,43.63,8.61,0.05,0.0,0.0,0
2025-01-06 02:00:00,122,active,35.68,36.53,34.85,35.44,29.85,31.03,56.99,58.42,43.14,43.68,8.51,0.05,0.0,0.0,0
2025-01-06 03:00:00,123,active,35.88,36.47,34.23,35.27,29.85,30.99,56.83,58.26,42.98,43.8,8.4,0.05,0.0,0.0,0
2025-01-06 04:00:00,124,active,35.79,36.51,34.46,35.47,29.9,31.02,57.01,58.63,43.12,43.54,8.27,0.05,0.0,0.0,0
2025-01-06 05:00:00,125,active,35.7,36.56,34.42,35.26,29.94,31.02,56.92,58.4,43.23,43.53,8.14,0.05,0.0,0.0,0
2025-01-06 06:00:00,126,active,35.9,36.47,34.16,35.53,29.87,30.98,56.93,58.45,43.2,43.59,8.8,0.0,0.0,0.0,1
2025-01-06 07:00:00,127,active,35.43,36.71,34.69,35.45,29.96,30.92,56.9,58.62,43.11,43.72,8.0,0.05,0.0,0.0,0
2025-01-06 08:00:00,128,active,35.53,36.81,34.46,35.7,29.9,30.89,56.85,58.46,43.09,43.53,8.0,0.05,0.0,0.0,0
2025-01-06 09:00:00,129,active,35.48,36.39,34.64,35.45,29.84,31.01,56.89,58.46,43.17,43.7,8.0,0.05,0.0,0.0,0
2025-01-06 10:00:00,130,active,35.57,36.68,34.92,35.31,29.9,30.95,56.85,58.36,43.1,43.7,8.0,0.05,0.0,0.0,0
2025-01-06 11:00:00,131,active,35.39,36.64,34.44,35.41,29.95,31.08,56.98,58.33,43.23,43.81,8.0,0.05,0.0,0.0,0
2025-01-06 12:00:00,132,active,35.75,36.74,34.43,35.21,29.96,30.93,56.88,58.46,43.17,43.74,8.11,0.0,0.0,0.0,1
2025-01-06 13:00:00,133,active,35.6,36.68,34.53,35.52,29.92,31.05,56.76,58.5,43.15,43.68,8.0,0.05,0.0,0.0,0
2025-01-06 14:00:00,134,active,35.38,36.42,34.68,35.55,29.86,30.94,56.75,58.5,43.14,43.76,8.0,0.05,0.0,0.0,0
2025-01-06 15:00:00,135,active,35.46,36.45,34.4,35.89,29.84,31.02,56.74,58.43,43.22,43.7,8.0,0.05,0.0,0.0,0
2025-01-06 16:00:00,136,active,35.7,36.69,34.39,35.34,29.89,31.04,56.95,58.47,43.2,43.62,8.0,0.05,0.0,0.0,0
2025-01-06 17:00:00,137,active,35.79,36.87,34.69,35.4,29.94,30.89,56.79,58.31,43.21,43.57,8.0,0.05,0.0,0.0,0
2025-01-06 18:00:00,138,active,36.0,36.28,34.57,35.35,29.88,30.92,56.92,58.51,43.21,43.61,8.11,0.0,0.0,0.0,1
2025-01-06 19:00:00,139,active,36.16,36.74,34.14,35.49,29.88,30.89,56.9,58.49,43.19,43.65,8.0,0.05,0.0,0.0,0
2025-01-06 20:00:00,140,active,35.71,36.9,34.29,35.52,29.86,30.88,56.89,58.64,43.12,43.67,8.0,0.05,0.0,0.0,0
2025-01-06 21:00:00,141,active,35.46,36.65,34.77,35.44,29.84,30.98,56.93,58.47,43.14,43.49,8.0,0.05,0.0,0.0,0
2025-01-06 22:00:00,142,active,35.26,36.78,34.58,35.64,29.85,30.94,56.91,58.39,43.17,43.64,8.0,0.05,0.0,0.0,0
2025-01-06 23:00:00,143,active,35.69,36.55,34.37,35.34,29.86,30.95,56.66,58.47,43.35,43.66,8.0,0.05,0.0,0.0,0
2025-01-07 00:00:00,144,active,35.89,36.94,34.79,36.36,29.61,30.66,56.62,58.12,42.77,43.31,8.8,0.0,0.0,0.0,1
2025-01-07 01:00:00,145,active,35.96,36.67,34.82,36.28,29.5,30.53,56.69,58.19,42.84,43.4,8.14,0.06,0.0,0.0,0
2025-01-07 02:00:00,146,active,35.93,36.54,34.95,36.18,29.52,30.69,56.79,58.15,42.88,43.28,8.27,0.06,0.0,0.0,0
2025-01-07 03:00:00,147,active,36.01,37.13,34.57,36.12,29.47,30.61,56.8,58.04,42.85,43.2,8.4,0.06,0.0,0.0,0
2025-01-07 04:00:00,148,active,36.22,36.78,34.67,36.61,29.56,30.65,56.53,58.01,42.95,43.13,8.51,0.06,0.0,0.0,0
2025-01-07 05:00:00,149,active,36.06,36.88,34.86,36.03,29.59,30.66,56.62,58.17,42.85,43.32,8.61,0.06,0.0,0.0,0
2025-01-07 06:00:00,150,active,36.01,36.71,34.8,36.23,29.6,30.7,56.52,58.27,42.85,43.2,9.49,0.0,0.0,0.0,1
2025-01-07 07:00:00,151,active,35.85,36.7,34.92,36.05,29.53,30.62,56.78,58.16,42.93,43.34,8.75,0.06,0.0,0.0,0
2025-01-07 08:00:00,152,active,35.74,36.93,34.6,36.5,29.55,30.51,56.74,58.22,43.01,43.38,8.79,0.06,0.0,0.0,0
2025-01-07 09:00:00,153,active,35.95,36.83,34.88,36.34,29.51,30.63,56.68,58.24,42.98,43.15,8.8,0.06,0.0,0.0,0
2025-01-07 10:00:00,154,active,36.02,37.03,35.01,36.06,29.55,30.64,56.67,58.18,42.86,43.31,8.79,0.06,0.0,0.0,0
2025-01-07 11:00:00,155,active,36.35,37.04,34.9,36.27,29.53,30.57,56.77,58.08,42.87,43.37,8.75,0.06,0.0,0.0,0
2025-01-07 12:00:00,156,active,36.06,37.02,34.84,36.23,29.52,30.63,56.76,58.17,42.88,43.35,9.49,0.0,0.0,0.0,1
2025-01-07 13:00:00,157,active,36.21,37.0,34.8,36.09,29.53,30.61,56.75,58.26,42.88,43.11,8.61,0.06,0.0,0.0,0
2025-01-07 14:00:00,158,active,35.95,37.25,34.67,36.32,29.54,30.55,56.69,58.2,42.81,43.2,8.51,0.06,0.0,0.0,0
2025-01-07 15:00:00,159,active,35.82,36.77,34.8,36.25,29.5,30.66,56.62,58.22,42.94,43.17,8.4,0.06,0.0,0.0,0
2025-01-07 16:00:00,160,active,35.86,36.95,35.04,36.22,29.5,30.6,56.72,58.11,42.89,43.31,8.27,0.06,0.0,0.0,0
2025-01-07 17:00:00,161,active,35.9,37.17,34.79,36.17,29.61,30.6,56.72,58.13,42.87,43.3,8.14,0.06,0.0,0.0,0
2025-01-07 18:00:00,162,active,36.41,37.19,34.66,36.26,29.66,30.6,56.64,58.14,42.78,43.06,8.8,0.0,0.0,0.0,1
2025-01-07 19:00:00,163,active,35.89,36.7,34.73,36.22,29.45,30.69,56.62,58.15,42.88,43.25,8.0,0.06,0.0,0.0,0
2025-01-07 20:00:00,164,active,36.18,36.9,34.85,36.19,29.45,30.62,56.75,58.25,42.73,43.33,8.0,0.06,0.0,0.0,0
2025-01-07 21:00:00,165,active,35.87,37.21,34.75,36.07,29.47,30.63,56.79,57.95,42.83,43.28,8.0,0.06,0.0,0.0,0
2025-01-07 22:00:00,166,active,36.2,37.05,34.9,36.48,29.51,30.6,56.59,58.15,42.83,43.28,8.0,0.06,0.0,0.0,0
2025-01-07 23:00:00,167,active,36.1,37.0,34.91,35.99,29.57,30.65,56.63,58.14,42.89,43.24,8.0,0.06,0.0,0.0,0
2025-01-08 00:00:00,168,active,37.68,37.7,35.82,36.5,29.25,30.44,56.44,57.71,42.62,42.78,8.11,0.0,0.0,0.0,1
2025-01-08 01:00:00,169,active,37.7,37.67,35.92,36.37,29.23,30.4,56.45,57.89,42.52,42.86,8.0,0.07,0.0,0.0,0
2025-01-08 02:00:00,170,active,37.59,37.79,35.84,36.74,29.25,30.41,56.37,57.77,42.59,42.86,8.0,0.07,0.0,0.0,0
2025-01-08 03:00:00,171,active,37.78,37.69,35.5,36.27,29.18,30.4,56.57,57.8,42.53,42.91,8.0,0.07,0.0,0.0,0
2025-01-08 04:00:00,172,active,37.62,37.73,35.51,36.3,29.21,30.3,56.45,57.99,42.56,42.91,8.0,0.07,0.0,0.0,0
2025-01-08 05:00:00,173,active,37.49,37.75,35.65,36.25,29.22,30.32,56.46,57.92,42.62,42.87,8.0,0.07,0.0,0.0,0
2025-01-08 06:00:00,174,active,37.48,37.61,35.59,36.49,29.13,30.36,56.56,57.88,42.42,42.94,8.11,0.0,0.0,0.0,1
2025-01-08 07:00:00,175,active,37.73,37.83,35.46,36.18,29.16,30.33,56.37,57.87,42.42,42.83,8.0,0.07,0.0,0.0,0
2025-01-08 08:00:00,176,active,37.99,38.27,35.59,36.34,29.16,30.31,56.4,57.82,42.53,42.75,8.0,0.07,0.0,0.0,0
2025-01-08 09:00:00,177,active,37.73,37.41,35.58,36.04,29.26,30.27,56.3,58.01,42.48,42.9,8.0,0.07,0.0,0.0,0
2025-01-08 10:00:00,178,active,37.68,37.8,35.55,36.47,29.23,30.3,56.4,57.9,42.49,42.87,8.0,0.07,0.0,0.0,0
2025-01-08 11:00:00,179,active,37.75,37.6,35.61,36.34,29.25,30.36,56.28,57.77,42.46,42.9,8.0,0.07,0.0,0.0,0
2025-01-08 12:00:00,180,active,37.94,37.84,35.88,36.16,29.12,30.37,56.48,57.71,42.43,42.76,8.8,0.0,0.0,0.0,1
2025-01-08 13:00:00,181,active,37.74,37.75,35.7,36.62,29.14,30.33,56.45,57.88,42.6,43.0,8.14,0.07,0.0,0.0,0
2025-01-08 14:00:00,182,active,37.63,37.88,36.11,36.19,29.25,30.37,56.39,57.83,42.4,42.91,8.27,0.07,0.0,0.0,0
2025-01-08 15:00:00,183,active,37.9,37.95,35.7,36.57,29.07,30.35,56.4,57.71,42.53,42.84,8.4,0.07,0.0,0.0,0
2025-01-08 16:00:00,184,active,37.78,37.77,35.62,36.3,29.28,30.43,56.48,57.87,42.52,42.79,8.51,0.07,0.0,0.0,0
2025-01-08 17:00:00,185,active,37.98,37.94,35.67,36.71,29.12,30.36,56.31,57.81,42.36,42.94,8.61,0.07,0.0,0.0,0
2025-01-08 18:00:00,186,active,37.74,37.31,35.71,36.56,29.26,30.41,56.43,57.88,42.42,42.77,9.49,0.0,0.0,0.0,1
2025-01-08 19:00:00,187,active,37.49,38.03,35.74,36.25,29.17,30.38,56.47,57.87,42.43,43.04,8.75,0.07,0.0,0.0,0
2025-01-08 20:00:00,188,active,37.46,37.81,36.04,36.26,29.27,30.29,56.26,57.78,42.52,42.81,8.79,0.07,0.0,0.0,0
2025-01-08 21:00:00,189,active,38.0,37.93,35.52,36.54,29.39,30.36,56.47,57.89,42.45,42.99,8.8,0.07,0.0,0.0,0
2025-01-08 22:00:00,190,active,38.01,37.52,35.82,36.38,29.1,30.3,56.27,57.79,42.47,42.84,8.79,0.07,0.0,0.0,0
2025-01-08 23:00:00,191,active,37.67,37.59,35.7,36.4,29.26,30.36,56.4,57.79,42.37,42.98,8.75,0.07,0.0,0.0,0
2025-01-09 00:00:00,192,active,39.8,39.96,37.38,37.87,28.82,30.07,56.07,57.47,42.26,42.39,9.49,0.0,0.0,0.0,1
2025-01-09 01:00:00,193,active,40.13,39.93,37.79,37.51,28.94,30.13,56.29,57.61,42.09,42.45,8.61,0.08,0.0,0.0,0
2025-01-09 02:00:00,194,active,39.67,39.98,37.88,37.66,28.91,30.04,56.07,57.49,42.12,42.51,8.51,0.08,0.0,0.0,0
2025-01-09 03:00:00,195,active,39.71,40.13,37.5,37.81,28.93,30.11,56.03,57.63,42.04,42.5,8.4,0.08,0.0,0.0,0
2025-01-09 04:00:00,196,active,39.98,39.61,37.65,37.79,28.87,30.14,56.18,57.67,42.04,42.53,8.27,0.08,0.0,0.0,0
2025-01-09 05:00:00,197,active,39.8,40.11,37.35,37.61,28.96,30.16,56.13,57.45,42.23,42.41,8.14,0.08,0.0,0.0,0
2025-01-09 06:00:00,198,active,39.87,39.93,37.43,37.59,28.84,30.07,56.04,57.26,41.94,42.46,8.8,0.0,0.0,0.0,1
2025-01-09 07:00:00,199,active,39.84,39.89,37.84,37.33,28.99,30.11,56.22,57.6,42.1,42.55,8.0,0.08,0.0,0.0,0
2025-01-09 08:00:00,200,active,39.93,39.66,37.57,37.45,28.9,30.12,56.0,57.48,41.99,42.39,8.0,0.08,0.0,0.0,0
2025-01-09 09:00:00,201,active,40.12,40.02,37.46,37.7,28.84,30.2,56.08,57.44,42.05,42.49,8.0,0.08,0.0,0.0,0
2025-01-09 10:00:00,202,active,39.88,39.49,37.7,37.62,29.0,30.03,56.12,57.46,42.04,42.43,8.0,0.08,0.0,0.0,0
2025-01-09 11:00:00,203,active,39.98,40.05,37.56,37.65,28.92,30.06,56.24,57.48,42.01,42.46,8.0,0.08,0.0,0.0,0
2025-01-09 12:00:00,204,active,39.5,39.66,37.57,37.83,29.02,30.26,56.28,57.63,42.09,42.46,8.11,0.0,0.0,0.0,1
2025-01-09 13:00:00,205,active,39.86,39.94,37.79,37.43,28.98,30.1,56.26,57.53,41.89,42.39,8.0,0.08,0.0,0.0,0
2025-01-09 14:00:00,206,active,39.72,39.91,37.45,37.6,28.88,30.01,56.16,57.62,42.06,42.43,8.0,0.08,0.0,0.0,0
2025-01-09 15:00:00,207,active,39.65,40.14,37.49,37.68,28.91,30.08,55.96,57.56,42.08,42.46,8.0,0.08,0.0,0.0,0
2025-01-09 16:00:00,208,active,39.71,39.9,37.68,37.52,28.93,29.97,56.2,57.49,41.98,42.44,8.0,0.08,0.0,0.0,0
2025-01-09 17:00:00,209,active,39.81,39.81,37.83,37.9,29.0,30.13,56.3,57.48,42.2,42.57,8.0,0.08,0.0,0.0,0
2025-01-09 18:00:00,210,active,40.03,39.84,37.87,37.8,28.94,30.16,56.28,57.56,42.04,42.53,8.11,0.0,0.0,0.0,1
2025-01-09 19:00:00,211,active,39.63,40.16,37.54,37.69,28.93,30.06,56.21,57.58,42.07,42.47,8.0,0.08,0.0,0.0,0
2025-01-09 20:00:00,212,active,39.87,40.03,37.82,37.96,28.91,30.09,56.07,57.6,42.04,42.39,8.0,0.08,0.0,0.0,0
2025-01-09 21:00:00,213,active,39.78,39.86,37.52,37.37,28.92,30.16,56.12,57.49,42.08,42.38,8.0,0.08,0.0,0.0,0
2025-01-09 22:00:00,214,active,39.81,39.89,37.98,37.64,28.99,30.02,56.34,57.53,42.18,42.6,8.0,0.08,0.0,0.0,0
2025-01-09 23:00:00,215,active,40.05,39.65,37.45,37.71,28.92,30.04,56.05,57.56,42.27,42.37,8.0,0.08,0.0,0.0,0
2025-01-10 00:00:00,216,active,43.54,42.91,39.93,40.09,28.6,29.85,55.81,57.24,41.75,42.05,8.8,0.0,0.0,0.0,1
2025-01-10 01:00:00,217,active,43.69,42.52,39.57,40.31,28.59,29.82,55.99,57.17,41.77,42.07,8.14,0.09,0.0,0.0,0
2025-01-10 02:00:00,218,active,43.42,42.98,40.05,40.06,28.59,29.84,55.87,57.2,41.82,42.01,8.27,0.09,0.0,0.0,0
2025-01-10 03:00:00,219,active,43.32,42.86,39.79,40.38,28.55,29.79,55.81,57.25,41.71,41.96,8.4,0.09,0.0,0.0,0
2025-01-10 04:00:00,220,active,43.41,43.27,39.51,40.45,28.58,29.87,56.04,57.33,41.81,41.98,8.51,0.09,0.0,0.0,0
2025-01-10 05:00:00,221,active,43.49,42.64,39.6,40.31,28.7,29.85,55.95,57.38,41.75,42.0,8.61,0.1,0.0,0.0,0
2025-01-10 06:00:00,222,active,43.48,42.82,39.83,39.93,28.61,29.89,55.88,57.16,41.7,41.98,9.49,0.0,0.0,0.0,1
2025-01-10 07:00:00,223,active,43.25,43.17,39.88,40.08,28.66,29.87,55.81,57.22,41.72,42.14,8.75,0.1,0.0,0.0,0
2025-01-10 08:00:00,224,active,43.46,43.06,39.68,40.36,28.49,29.87,56.08,57.24,41.56,42.04,8.79,0.09,0.0,0.0,0
2025-01-10 09:00:00,225,active,43.49,42.71,39.7,40.26,28.65,29.78,55.91,57.34,41.71,42.0,8.8,0.1,0.0,0.0,0
2025-01-10 10:00:00,226,active,43.9,42.88,39.82,39.78,28.61,29.88,56.03,57.23,41.58,42.05,8.79,0.1,0.0,0.0,0
2025-01-10 11:00:00,227,active,43.78,42.84,39.71,40.48,28.59,29.84,55.99,57.24,41.57,42.09,8.75,0.09,0.0,0.0,0
2025-01-10 12:00:00,228,active,43.3,42.89,39.46,40.28,28.63,29.85,55.86,57.15,41.7,42.01,9.49,0.0,0.0,0.0,1
2025-01-10 13:00:00,229,active,43.4,42.71,39.55,40.11,28.59,29.91,55.86,57.32,41.61,42.11,8.61,0.09,0.0,0.0,0
2025-01-10 14:00:00,230,active,43.19,42.83,39.73,40.44,28.51,29.82,56.03,57.26,41.69,41.94,8.51,0.1,0.0,0.0,0
2025-01-10 15:00:00,231,active,43.34,42.55,39.91,40.14,28.67,29.93,56.03,57.22,41.7,42.13,8.4,0.1,0.0,0.0,0
2025-01-10 16:00:00,232,active,43.5,42.87,39.98,40.13,28.63,29.94,55.75,57.25,41.7,42.04,8.27,0.1,0.0,0.0,0
2025-01-10 17:00:00,233,active,43.66,42.92,39.83,40.32,28.6,29.9,55.96,57.37,41.62,42.03,8.14,0.1,0.0,0.0,0
2025-01-10 18:00:00,234,active,43.32,42.8,39.74,40.58,28.57,29.81,55.9,57.19,41.76,41.98,8.8,0.0,0.0,0.0,1
2025-01-10 19:00:00,235,active,43.33,42.55,39.82,40.55,28.54,29.74,55.82,57.2,41.68,41.94,8.0,0.1,0.0,0.0,0
2025-01-10 20:00:00,236,active,43.06,43.02,39.57,40.32,28.63,29.92,55.93,57.38,41.72,41.91,8.0,0.09,0.0,0.0,0
2025-01-10 21:00:00,237,active,43.42,42.91,39.66,40.34,28.71,29.86,55.79,57.28,41.6,41.98,8.0,0.09,0.0,0.0,0
2025-01-10 22:00:00,238,active,43.26,42.71,39.54,40.4,28.63,29.82,55.87,57.33,41.68,42.08,8.0,0.09,0.0,0.0,0
2025-01-10 23:00:00,239,active,43.35,42.79,39.47,40.03,28.55,29.92,55.84,57.31,41.77,41.96,8.0,0.09,0.0,0.0,0
2025-01-11 00:00:00,240,active,48.02,46.88,43.51,43.45,28.33,29.56,55.59,57.09,41.37,41.51,8.11,0.0,0.0,0.0,1
2025-01-11 01:00:00,241,active,48.16,46.97,43.48,43.21,28.32,29.58,55.63,57.07,41.24,41.56,8.0,0.11,0.0,0.0,0
2025-01-11 02:00:00,242,active,47.86,47.06,43.57,43.4,28.37,29.63,55.54,57.17,41.26,41.6,8.0,0.11,0.0,0.0,0
2025-01-11 03:00:00,243,active,47.92,47.38,43.54,43.3,28.35,29.54,55.77,57.2,41.22,41.6,8.0,0.11,0.0,0.0,0
2025-01-11 04:00:00,244,active,48.56,47.04,43.49,43.43,28.16,29.6,55.67,57.19,41.25,41.62,8.0,0.11,0.0,0.0,0
2025-01-11 05:00:00,245,active,47.95,47.27,43.55,43.36,28.35,29.66,55.79,56.99,41.19,41.71,8.0,0.11,0.0,0.0,0
2025-01-11 06:00:00,246,active,47.98,47.06,43.44,42.79,28.27,29.61,55.62,57.21,41.29,41.72,8.11,0.0,0.0,0.0,1
2025-01-11 07:00:00,247,active,48.5,47.2,43.52,43.37,28.24,29.67,55.58,57.07,41.34,41.78,8.0,0.11,0.0,0.0,0
2025-01-11 08:00:00,248,active,48.7,47.13,43.32,43.45,28.31,29.66,55.78,57.03,41.24,41.5,8.0,0.11,0.0,0.0,0
2025-01-11 09:00:00,249,active,47.97,47.31,43.51,43.42,28.34,29.6,55.58,57.08,41.29,41.56,8.0,0.11,0.0,0.0,0
2025-01-11 10:00:00,250,active,48.11,47.06,43.57,43.32,28.23,29.48,55.62,57.17,41.28,41.68,8.0,0.11,0.0,0.0,0
2025-01-11 11:00:00,251,active,48.24,46.87,43.33,43.63,28.36,29.54,55.69,57.14,41.37,41.59,8.0,0.11,0.0,0.0,0
2025-01-11 12:00:00,252,active,48.49,46.9,43.46,43.4,28.36,29.64,55.52,57.07,41.25,41.69,8.8,0.0,0.0,0.0,1
2025-01-11 13:00:00,253,active,48.0,47.06,43.34,43.42,28.32,29.52,55.69,57.17,41.25,41.64,8.14,0.11,0.0,0.0,0
2025-01-11 14:00:00,254,active,48.13,46.93,43.35,43.53,28.27,29.58,55.68,57.11,41.23,41.75,8.27,0.11,0.0,0.0,0
2025-01-11 15:00:00,255,active,48.32,47.23,43.25,43.4,28.27,29.62,55.74,57.05,41.21,41.71,8.4,0.11,0.0,0.0,0
2025-01-11 16:00:00,256,active,48.25,47.07,43.67,43.18,28.38,29.68,55.71,57.03,41.34,41.71,8.51,0.11,0.0,0.0,0
2025-01-11 17:00:00,257,active,48.11,47.59,43.64,42.9,28.24,29.57,55.74,57.13,41.29,41.6,8.61,0.11,0.0,0.0,0
2025-01-11 18:00:00,258,active,48.15,46.84,43.54,43.25,28.38,29.57,55.62,57.09,41.3,41.62,9.49,0.0,0.0,0.0,1
2025-01-11 19:00:00,259,active,47.93,47.19,43.8,43.48,28.31,29.6,55.56,56.98,41.39,41.6,8.75,0.11,0.0,0.0,0
2025-01-11 20:00:00,260,active,48.13,46.95,43.41,43.28,28.32,29.62,55.81,57.17,41.4,41.51,8.79,0.11,0.0,0.0,0
2025-01-11 21:00:00,261,active,48.13,47.07,43.99,43.48,28.23,29.59,55.5,57.05,41.17,41.74,8.8,0.11,0.0,0.0,0
2025-01-11 22:00:00,262,active,48.22,47.18,43.41,43.37,28.31,29.66,55.51,57.24,41.34,41.69,8.79,0.11,0.0,0.0,0
2025-01-11 23:00:00,263,active,48.08,46.73,43.49,43.57,28.35,29.56,55.68,56.97,41.31,41.6,8.75,0.11,0.0,0.0,0
2025-01-12 00:00:00,264,active,52.86,52.31,48.64,47.79,27.95,29.35,55.49,56.9,40.87,41.32,9.49,0.0,0.0,0.0,1
2025-01-12 01:00:00,265,active,52.95,52.61,48.77,47.93,28.05,29.37,55.37,56.86,40.93,41.17,8.61,0.12,0.0,0.0,0
2025-01-12 02:00:00,266,active,52.8,52.18,48.86,47.93,28.03,29.33,55.44,56.83,40.78,41.07,8.51,0.12,0.0,0.0,0
2025-01-12 03:00:00,267,active,52.83,52.31,48.69,48.11,27.99,29.39,55.18,56.88,41.01,41.29,8.4,0.12,0.0,0.0,0
2025-01-12 04:00:00,268,active,52.78,52.45,49.02,47.54,28.07,29.35,55.31,57.07,40.94,41.12,8.27,0.12,0.0,0.0,0
2025-01-12 05:00:00,269,active,52.77,52.23,48.75,47.76,27.9,29.39,55.19,56.93,40.84,41.2,8.14,0.12,0.0,0.0,0
2025-01-12 06:00:00,270,active,52.64,52.16,48.76,48.0,28.04,29.36,55.42,56.85,40.86,41.23,8.8,0.0,0.0,0.0,1
2025-01-12 07:00:00,271,active,52.83,51.85,48.55,48.12,28.11,29.37,55.22,56.76,40.78,41.25,8.0,0.12,0.0,0.0,0
2025-01-12 08:00:00,272,active,52.75,52.38,48.78,47.89,28.1,29.31,55.24,56.77,40.88,41.28,8.0,0.12,0.0,0.0,0
2025-01-12 09:00:00,273,active,53.15,52.24,48.68,47.79,28.04,29.31,55.4,56.87,40.87,41.26,8.0,0.12,0.0,0.0,0
2025-01-12 10:00:00,274,active,53.05,52.08,48.6,47.98,28.01,29.41,55.45,56.86,40.8,41.26,8.0,0.12,0.0,0.0,0
2025-01-12 11:00:00,275,active,52.84,52.29,48.57,48.0,27.99,29.38,55.34,56.9,40.96,41.16,8.0,0.12,0.0,0.0,0
2025-01-12 12:00:00,276,active,52.64,52.16,49.18,47.78,28.01,29.29,55.4,56.72,41.0,41.24,8.11,0.0,0.0,0.0,1
2025-01-12 13:00:00,277,active,52.57,52.17,48.66,47.9,28.05,29.36,55.4,56.91,40.9,41.1,8.0,0.12,0.0,0.0,0
2025-01-12 14:00:00,278,active,52.98,52.37,48.45,48.06,27.98,29.22,55.34,57.01,40.88,41.34,8.0,0.12,0.0,0.0,0
2025-01-12 15:00:00,279,active,52.82,52.02,48.58,48.18,28.06,29.32,55.26,57.06,40.93,41.11,8.0,0.12,0.0,0.0,0
2025-01-12 16:00:00,280,active,52.86,52.45,48.7,47.98,28.14,29.4,55.4,56.75,40.9,41.19,8.0,0.12,0.0,0.0,0
2025-01-12 17:00:00,281,active,52.46,52.01,48.8,47.85,28.02,29.34,55.41,56.85,40.82,41.11,8.0,0.12,0.0,0.0,0
2025-01-12 18:00:00,282,active,52.94,52.14,48.81,47.83,27.95,29.35,55.43,56.84,40.85,41.16,8.11,0.0,0.0,0.0,1
2025-01-12 19:00:00,283,active,52.85,52.61,48.83,47.94,27.95,29.18,55.38,56.93,40.88,41.22,8.0,0.12,0.0,0.0,0
2025-01-12 20:00:00,284,active,52.57,52.47,48.59,47.82,28.06,29.33,55.25,56.81,40.92,41.18,8.0,0.12,0.0,0.0,0
2025-01-12 21:00:00,285,active,52.69,52.28,48.77,47.88,28.02,29.36,55.41,57.07,40.9,41.31,8.0,0.12,0.0,0.0,0
2025-01-12 22:00:00,286,active,52.82,52.09,48.55,47.66,28.07,29.37,55.35,56.92,40.92,41.23,8.0,0.12,0.0,0.0,0
2025-01-12 23:00:00,287,active,52.78,52.17,48.6,48.08,27.99,29.4,55.31,56.91,40.79,41.18,8.0,0.12,0.0,0.0,0
2025-01-13 00:00:00,288,active,57.67,57.13,52.97,52.68,27.77,29.06,55.05,56.88,40.59,40.86,8.8,0.0,0.0,0.0,1
2025-01-13 01:00:00,289,active,57.7,57.13,52.92,52.81,27.72,29.06,55.02,56.74,40.54,40.96,8.14,0.13,0.0,0.0,0
2025-01-13 02:00:00,290,active,57.67,57.1,53.32,52.9,27.69,29.0,55.15,56.78,40.73,40.94,8.27,0.13,0.0,0.0,0
2025-01-13 03:00:00,291,active,57.75,57.11,53.25,53.24,27.71,29.06,54.95,56.68,40.51,40.78,8.4,0.13,0.0,0.0,0
2025-01-13 04:00:00,292,active,57.98,57.08,53.3,52.81,27.67,29.01,54.99,56.62,40.56,40.81,8.51,0.13,0.0,0.0,0
2025-01-13 05:00:00,293,active,57.26,56.86,53.14,52.77,27.84,28.97,55.05,56.69,40.75,40.9,8.61,0.13,0.0,0.0,0
2025-01-13 06:00:00,294,active,57.68,57.03,53.27,52.79,27.72,29.02,55.22,56.93,40.55,40.9,9.49,0.0,0.0,0.0,1
2025-01-13 07:00:00,295,active,57.75,57.29,52.82,53.18,27.76,29.15,55.17,56.8,40.53,40.79,8.75,0.13,0.0,0.0,0
2025-01-13 08:00:00,296,active,57.77,56.87,53.28,52.38,27.7,29.06,54.94,56.77,40.46,40.93,8.79,0.13,0.0,0.0,0
2025-01-13 09:00:00,297,active,57.65,57.09,53.16,52.71,27.67,29.09,55.19,56.66,40.65,40.8,8.8,0.13,0.0,0.0,0
2025-01-13 10:00:00,298,active,57.41,56.97,53.24,53.37,27.72,29.05,55.19,56.82,40.45,40.97,8.79,0.13,0.0,0.0,0
2025-01-13 11:00:00,299,active,57.78,57.14,53.2,52.99,27.79,28.98,54.98,56.62,40.57,40.91,8.75,0.13,0.0,0.0,0
2025-01-13 12:00:00,300,active,58.03,57.05,52.95,52.69,27.7,29.12,54.86,56.61,40.5,40.78,9.49,0.0,0.0,0.0,1
2025-01-13 13:00:00,301,active,57.45,57.39,52.86,52.88,27.68,28.96,55.07,56.69,40.52,40.83,8.61,0.13,0.0,0.0,0
2025-01-13 14:00:00,302,active,57.87,57.21,53.0,52.9,27.74,29.04,55.17,56.91,40.43,40.82,8.51,0.13,0.0,0.0,0
2025-01-13 15:00:00,303,active,57.66,56.88,53.23,53.04,27.76,29.07,55.21,56.91,40.64,40.88,8.4,0.13,0.0,0.0,0
2025-01-13 16:00:00,304,active,57.71,57.24,53.25,53.21,27.82,29.09,55.0,56.7,40.52,40.85,8.27,0.13,0.0,0.0,0
2025-01-13 17:00:00,305,active,57.53,56.98,52.89,52.95,27.75,29.03,55.23,56.68,40.45,40.78,8.14,0.13,0.0,0.0,0
2025-01-13 18:00:00,306,active,57.66,57.02,52.96,52.79,27.76,28.98,54.89,56.6,40.63,40.76,8.8,0.0,0.0,0.0,1
2025-01-13 19:00:00,307,active,57.95,57.18,53.0,53.03,27.77,29.03,55.05,56.75,40.5,40.91,8.0,0.13,0.0,0.0,0
2025-01-13 20:00:00,308,active,57.82,57.03,53.07,52.76,27.67,29.03,55.04,56.76,40.56,40.89,8.0,0.13,0.0,0.0,0
2025-01-13 21:00:00,309,active,58.03,57.28,52.89,52.7,27.68,29.03,55.18,56.81,40.6,40.88,8.0,0.13,0.0,0.0,0
2025-01-13 22:00:00,310,active,57.93,56.98,52.88,52.57,27.67,29.13,55.19,56.82,40.57,40.89,8.0,0.13,0.0,0.0,0
2025-01-13 23:00:00,311,active,57.8,57.01,52.98,52.61,27.66,29.01,55.16,56.73,40.37,40.82,8.0,0.13,0.0,0.0,0
2025-01-14 00:00:00,312,active,59.92,60.39,57.72,56.8,27.5,28.75,54.62,56.62,40.34,40.78,8.11,0.0,0.0,0.0,1
2025-01-14 01:00:00,313,active,59.69,60.4,57.5,56.75,27.48,28.74,54.81,56.51,40.28,40.96,8.0,0.15,0.0,0.0,0
2025-01-14 02:00:00,314,active,59.76,60.71,57.69,57.01,27.47,28.78,54.78,56.62,40.26,40.86,8.0,0.15,0.0,0.0,0
2025-01-14 03:00:00,315,active,59.56,60.62,57.9,56.74,27.32,28.73,54.59,56.53,40.28,40.74,8.0,0.14,0.0,0.0,0
2025-01-14 04:00:00,316,active,59.62,60.82,57.48,56.4,27.57,28.78,54.56,56.61,40.17,40.72,8.0,0.14,0.0,0.0,0
2025-01-14 05:00:00,317,active,59.49,60.92,57.67,56.77,27.41,28.72,54.83,56.6,40.3,40.54,8.0,0.14,0.0,0.0,0
2025-01-14 06:00:00,318,active,59.79,60.32,57.89,56.87,27.57,28.76,54.72,56.58,40.18,40.85,8.11,0.0,0.0,0.0,1
2025-01-14 07:00:00,319,active,59.4,60.52,57.63,56.85,27.38,28.65,54.63,56.64,40.26,40.83,8.0,0.15,0.0,0.0,0
2025-01-14 08:00:00,320,active,59.75,60.29,57.61,57.23,27.42,28.59,54.72,56.43,40.3,40.72,8.0,0.15,0.0,0.0,0
2025-01-14 09:00:00,321,active,59.58,60.37,57.91,56.85,27.34,28.75,54.77,56.48,40.36,40.65,8.0,0.15,0.0,0.0,0
2025-01-14 10:00:00,322,active,59.82,60.39,57.65,57.12,27.48,28.76,54.73,56.55,40.23,40.68,8.0,0.14,0.0,0.0,0
2025-01-14 11:00:00,323,active,59.74,60.31,57.9,56.96,27.4,28.76,54.6,56.45,40.39,40.8,8.0,0.14,0.0,0.0,0
2025-01-14 12:00:00,324,active,59.94,60.32,57.78,56.95,27.4,28.7,54.9,56.54,40.36,40.76,8.8,0.0,0.0,0.0,1
2025-01-14 13:00:00,325,active,59.74,60.48,57.65,56.81,27.39,28.81,54.82,56.54,40.25,40.82,8.14,0.14,0.0,0.0,0
2025-01-14 14:00:00,326,active,59.33,60.29,57.79,56.95,27.5,28.71,54.71,56.69,40.2,40.77,8.27,0.14,0.0,0.0,0
2025-01-14 15:00:00,327,active,59.6,60.66,57.76,56.82,27.5,28.76,54.71,56.58,40.18,40.84,8.4,0.15,0.0,0.0,0
2025-01-14 16:00:00,328,active,59.4,60.34,57.89,56.99,27.56,28.76,54.77,56.66,40.31,40.79,8.51,0.14,0.0,0.0,0
2025-01-14 17:00:00,329,active,59.52,61.02,57.61,56.92,27.43,28.83,54.64,56.6,40.23,40.83,8.61,0.15,0.0,0.0,0
2025-01-14 18:00:00,330,active,59.88,60.42,57.72,56.79,27.47,28.72,54.77,56.52,40.37,40.6,9.49,0.0,0.0,0.0,1
2025-01-14 19:00:00,331,active,59.72,60.52,57.7,57.14,27.39,28.7,54.62,56.58,40.24,40.67,8.75,0.15,0.0,0.0,0
2025-01-14 20:00:00,332,active,59.49,60.27,57.83,57.04,27.44,28.65,54.73,56.64,40.22,40.74,8.79,0.15,0.0,0.0,0
2025-01-14 21:00:00,333,active,59.43,60.82,57.53,56.88,27.43,28.82,54.64,56.68,40.3,40.85,8.8,0.14,0.0,0.0,0
2025-01-14 22:00:00,334,active,59.62,60.71,57.89,56.98,27.49,28.76,54.64,56.56,40.23,40.91,8.79,0.15,0.0,0.0,0
2025-01-14 23:00:00,335,active,59.39,60.56,57.79,56.94,27.52,28.76,54.88,56.43,40.29,40.75,8.75,0.15,0.0,0.0,0
2025-01-15 00:00:00,336,curing,59.64,61.13,58.86,59.88,27.25,28.56,54.29,56.26,40.11,40.61,8.33,0.0,0.0,0.0,1
2025-01-15 01:00:00,337,curing,59.81,61.41,59.31,60.05,27.15,28.41,54.31,56.38,40.04,40.51,8.0,0.16,0.0,0.0,0
2025-01-15 02:00:00,338,curing,59.96,61.17,59.49,59.93,27.25,28.32,54.12,56.21,40.04,40.73,8.0,0.16,0.0,0.0,0
2025-01-15 03:00:00,339,curing,59.86,61.64,59.27,59.87,27.19,28.38,54.24,56.57,40.05,40.62,8.0,0.16,0.0,0.0,0
2025-01-15 04:00:00,340,curing,59.35,61.52,59.35,59.75,27.18,28.34,54.33,56.46,39.91,40.89,8.0,0.16,0.0,0.0,0
2025-01-15 05:00:00,341,curing,59.81,61.39,59.11,59.97,27.16,28.37,54.31,56.36,40.06,40.6,8.0,0.16,0.0,0.0,0
2025-01-15 06:00:00,342,curing,59.77,60.93,58.8,60.14,27.17,28.37,54.1,56.32,40.05,40.83,8.0,0.16,0.0,0.0,0
2025-01-15 07:00:00,343,curing,59.83,61.19,58.77,59.91,27.29,28.36,54.31,56.5,40.1,40.72,8.0,0.16,0.0,0.0,0
2025-01-15 08:00:00,344,curing,60.04,61.5,59.14,60.49,27.21,28.32,54.32,56.31,40.08,40.58,8.0,0.16,0.0,0.0,0
2025-01-15 09:00:00,345,curing,59.39,61.59,58.99,60.19,27.2,28.48,54.4,56.32,40.02,40.68,8.0,0.16,0.0,0.0,0
2025-01-15 10:00:00,346,curing,59.65,61.57,58.93,60.27,27.18,28.41,54.23,56.35,40.11,40.72,8.0,0.16,0.0,0.0,0
2025-01-15 11:00:00,347,curing,59.86,61.08,59.08,60.18,27.33,28.38,54.1,56.42,40.01,40.64,8.0,0.16,0.0,0.0,0
2025-01-15 12:00:00,348,curing,59.47,61.43,59.21,60.37,27.27,28.43,54.2,56.47,40.05,40.73,8.04,0.0,0.0,0.0,1
2025-01-15 13:00:00,349,curing,60.02,61.55,58.84,59.9,27.16,28.42,54.19,56.52,40.01,40.73,8.0,0.16,0.0,0.0,0
2025-01-15 14:00:00,350,curing,59.82,61.07,59.02,59.58,27.18,28.41,54.35,56.5,40.07,40.71,8.0,0.16,0.0,0.0,0
2025-01-15 15:00:00,351,curing,59.91,61.37,59.36,59.96,27.18,28.43,54.06,56.41,40.01,40.66,8.0,0.16,0.0,0.0,0
2025-01-15 16:00:00,352,curing,59.65,61.42,58.91,60.14,27.2,28.4,54.25,56.5,40.16,40.57,8.0,0.16,0.0,0.0,0
2025-01-15 17:00:00,353,curing,59.9,61.32,59.25,60.06,27.16,28.43,54.41,56.35,40.18,40.66,8.0,0.16,0.0,0.0,0
2025-01-15 18:00:00,354,curing,59.95,61.03,59.01,60.09,27.22,28.43,54.29,56.25,40.1,40.68,8.0,0.16,0.0,0.0,0
2025-01-15 19:00:00,355,curing,59.8,61.31,59.19,60.27,27.27,28.4,54.37,56.35,40.15,40.52,8.0,0.16,0.0,0.0,0
2025-01-15 20:00:00,356,curing,59.8,61.31,59.29,60.1,27.13,28.38,54.15,56.34,39.92,40.68,8.0,0.16,0.0,0.0,0
2025-01-15 21:00:00,357,curing,59.8,61.34,59.23,60.18,27.13,28.47,54.15,56.36,39.93,40.65,8.0,0.16,0.0,0.0,0
2025-01-15 22:00:00,358,curing,59.6,61.27,59.26,59.87,27.17,28.37,54.41,56.33,40.01,40.56,8.0,0.16,0.0,0.0,0
2025-01-15 23:00:00,359,curing,59.73,61.29,58.89,59.84,27.17,28.41,54.3,56.37,40.04,40.64,8.0,0.16,0.0,0.0,0
2025-01-16 00:00:00,360,curing,56.13,57.45,55.94,56.95,27.04,28.07,53.85,56.31,39.77,40.54,8.8,0.0,0.0,0.0,1
2025-01-16 01:00:00,361,curing,56.23,57.54,55.59,56.68,26.98,28.02,53.74,56.4,39.66,40.71,8.08,0.16,0.0,0.0,0
2025-01-16 02:00:00,362,curing,56.34,57.41,55.79,56.55,26.98,28.01,53.85,56.1,39.87,40.58,8.17,0.16,0.0,0.0,0
2025-01-16 03:00:00,363,curing,55.97,57.39,55.79,56.55,26.91,28.03,53.74,56.14,39.94,40.64,8.25,0.16,0.0,0.0,0
2025-01-16 04:00:00,364,curing,56.14,57.48,55.83,56.55,26.91,28.02,53.94,56.18,39.88,40.55,8.33,0.16,0.0,0.0,0
2025-01-16 05:00:00,365,curing,56.42,57.11,55.8,56.54,26.85,27.97,54.07,56.32,39.86,40.41,8.4,0.16,0.0,0.0,0
2025-01-16 06:00:00,366,curing,56.03,57.55,55.59,56.43,26.97,28.02,53.88,56.24,39.8,40.61,8.47,0.16,0.0,0.0,0
2025-01-16 07:00:00,367,curing,56.01,57.46,55.5,56.4,26.95,28.06,53.78,56.19,39.72,40.51,8.54,0.16,0.0,0.0,0
2025-01-16 08:00:00,368,curing,56.2,57.47,55.9,56.63,27.0,28.12,53.62,56.32,39.79,40.53,8.59,0.16,0.0,0.0,0
2025-01-16 09:00:00,369,curing,56.31,57.64,55.78,56.56,26.92,28.08,53.69,56.34,39.94,40.48,8.65,0.16,0.0,0.0,0
2025-01-16 10:00:00,370,curing,56.16,57.11,55.95,56.86,26.92,27.91,53.97,56.25,39.76,40.57,8.69,0.16,0.0,0.0,0
2025-01-16 11:00:00,371,curing,56.4,57.1,55.73,56.72,26.94,28.08,53.75,56.18,39.75,40.64,8.73,0.16,0.0,0.0,0
2025-01-16 12:00:00,372,curing,56.31,57.51,55.49,56.71,26.98,28.02,53.81,56.28,39.86,40.63,9.56,0.0,0.0,0.0,1
2025-01-16 13:00:00,373,curing,56.31,57.46,55.91,56.53,26.85,28.07,53.9,56.23,39.87,40.68,8.78,0.16,0.0,0.0,0
2025-01-16 14:00:00,374,curing,56.26,57.49,55.68,56.64,26.97,28.05,53.97,56.23,39.72,40.69,8.8,0.16,0.0,0.0,0
2025-01-16 15:00:00,375,curing,56.58,57.38,55.8,56.73,26.93,28.04,53.82,56.21,39.76,40.4,8.8,0.16,0.0,0.0,0
2025-01-16 16:00:00,376,curing,56.12,57.58,55.63,56.79,26.87,28.04,53.8,56.33,39.75,40.47,8.8,0.16,0.0,0.0,0
2025-01-16 17:00:00,377,curing,55.8,57.63,56.03,56.65,26.82,28.05,53.85,56.27,39.79,40.42,8.78,0.16,0.0,0.0,0
2025-01-16 18:00:00,378,curing,56.45,57.55,55.59,56.86,26.92,28.12,53.79,56.34,39.86,40.61,8.76,0.16,0.0,0.0,0
2025-01-16 19:00:00,379,curing,56.08,57.41,55.68,56.67,27.01,28.05,53.79,56.37,39.72,40.51,8.73,0.16,0.0,0.0,0
2025-01-16 20:00:00,380,curing,56.18,57.08,55.76,56.81,27.02,28.11,53.87,56.29,39.86,40.52,8.69,0.16,0.0,0.0,0
2025-01-16 21:00:00,381,curing,56.39,57.6,55.55,56.58,26.95,28.1,53.86,56.21,39.79,40.54,8.65,0.16,0.0,0.0,0
2025-01-16 22:00:00,382,curing,55.87,57.68,55.8,56.34,27.03,28.09,54.02,56.34,39.95,40.59,8.59,0.16,0.0,0.0,0
2025-01-16 23:00:00,383,curing,55.94,57.58,56.03,56.71,26.93,27.95,53.88,56.29,39.81,40.44,8.54,0.16,0.0,0.0,0
2025-01-17 00:00:00,384,curing,53.17,54.14,52.73,53.66,26.71,27.77,53.49,56.32,39.52,40.36,9.27,0.0,0.0,0.0,1
2025-01-17 01:00:00,385,curing,53.31,54.43,52.88,53.63,26.64,27.68,53.3,56.12,39.57,40.46,8.4,0.16,0.0,0.0,0
2025-01-17 02:00:00,386,curing,53.53,54.46,52.32,53.6,26.63,27.75,53.44,56.15,39.51,40.55,8.33,0.16,0.0,0.0,0
2025-01-17 03:00:00,387,curing,53.55,54.59,52.81,53.47,26.63,27.66,53.33,56.12,39.4,40.46,8.25,0.16,0.0,0.0,0
2025-01-17 04:00:00,388,curing,53.5,54.14,52.76,53.39,26.55,27.65,53.42,56.09,39.51,40.4,8.17,0.16,0.0,0.0,0
2025-01-17 05:00:00,389,curing,53.2,54.26,52.67,53.63,26.73,27.82,53.45,56.07,39.51,40.29,8.08,0.16,0.0,0.0,0
2025-01-17 06:00:00,390,curing,53.04,54.44,53.0,53.61,26.63,27.66,53.39,56.12,39.41,40.53,8.0,0.16,0.0,0.0,0
2025-01-17 07:00:00,391,curing,53.46,54.31,52.75,53.43,26.62,27.77,53.6,56.14,39.53,40.4,8.0,0.16,0.0,0.0,0
2025-01-17 08:00:00,392,curing,53.37,54.1,52.78,53.73,26.6,27.72,53.51,56.19,39.38,40.37,8.0,0.16,0.0,0.0,0
2025-01-17 09:00:00,393,curing,53.53,54.38,52.75,53.37,26.65,27.69,53.49,56.12,39.5,40.32,8.0,0.16,0.0,0.0,0
2025-01-17 10:00:00,394,curing,53.58,54.41,52.47,53.43,26.76,27.71,53.46,56.05,39.55,40.35,8.0,0.16,0.0,0.0,0
2025-01-17 11:00:00,395,curing,53.48,54.32,52.61,53.82,26.77,27.64,53.54,56.07,39.54,40.38,8.0,0.16,0.0,0.0,0
2025-01-17 12:00:00,396,curing,53.59,54.34,52.98,53.68,26.57,27.71,53.27,55.98,39.5,40.44,8.33,0.0,0.0,0.0,1
2025-01-17 13:00:00,397,curing,53.49,54.26,52.44,53.47,26.64,27.65,53.51,56.24,39.52,40.36,8.0,0.16,0.0,0.0,0
2025-01-17 14:00:00,398,curing,53.55,54.57,52.68,53.58,26.61,27.69,53.3,56.05,39.47,40.47,8.0,0.16,0.0,0.0,0
2025-01-17 15:00:00,399,curing,53.33,54.14,52.74,53.56,26.71,27.76,53.34,56.18,39.53,40.44,8.0,0.16,0.0,0.0,0
2025-01-17 16:00:00,400,curing,53.42,54.2,53.12,53.04,26.68,27.72,53.44,56.12,39.53,40.63,8.0,0.16,0.0,0.0,0
2025-01-17 17:00:00,401,curing,53.49,54.31,52.95,53.37,26.63,27.63,53.5,56.12,39.46,40.32,8.0,0.16,0.0,0.0,0
2025-01-17 18:00:00,402,curing,53.6,54.46,52.71,53.52,26.67,27.75,53.29,56.08,39.55,40.47,8.0,0.16,0.0,0.0,0
2025-01-17 19:00:00,403,curing,53.38,54.03,53.04,53.47,26.64,27.71,53.35,56.02,39.55,40.47,8.0,0.16,0.0,0.0,0
2025-01-17 20:00:00,404,curing,53.54,54.07,52.68,53.57,26.75,27.68,53.4,56.01,39.52,40.38,8.0,0.16,0.0,0.0,0
2025-01-17 21:00:00,405,curing,53.4,53.93,52.99,53.73,26.69,27.75,53.37,56.25,39.71,40.46,8.0,0.16,0.0,0.0,0
2025-01-17 22:00:00,406,curing,53.43,54.31,52.57,53.47,26.7,27.7,53.46,56.1,39.52,40.52,8.0,0.16,0.0,0.0,0
2025-01-17 23:00:00,407,curing,53.6,54.1,53.0,53.34,26.52,27.65,53.69,56.19,39.51,40.46,8.0,0.16,0.0,0.0,0
2025-01-18 00:00:00,408,curing,49.78,51.58,50.06,50.59,26.39,27.47,53.02,56.02,39.25,40.46,8.04,0.0,0.0,0.0,1
2025-01-18 01:00:00,409,curing,49.91,51.77,49.95,50.47,26.51,27.37,52.92,55.86,39.21,40.19,8.0,0.16,0.0,0.0,0
2025-01-18 02:00:00,410,curing,49.87,51.54,50.09,50.5,26.47,27.36,52.87,55.94,39.33,40.29,8.0,0.16,0.0,0.0,0
2025-01-18 03:00:00,411,curing,49.72,51.7,50.18,50.48,26.3,27.35,52.95,55.9,39.23,40.47,8.0,0.15,0.0,0.0,0
2025-01-18 04:00:00,412,curing,50.02,51.6,50.04,50.93,26.38,27.43,52.9,55.8,39.24,40.43,8.0,0.15,0.0,0.0,0
2025-01-18 05:00:00,413,curing,50.27,51.78,50.23,50.13,26.33,27.34,53.02,55.88,39.24,40.4,8.0,0.15,0.0,0.0,0
2025-01-18 06:00:00,414,curing,50.09,51.74,50.03,50.46,26.49,27.28,53.02,55.95,39.21,40.45,8.0,0.16,0.0,0.0,0
2025-01-18 07:00:00,415,curing,50.17,51.53,50.24,50.53,26.41,27.33,52.94,55.86,39.15,40.21,8.0,0.16,0.0,0.0,0
2025-01-18 08:00:00,416,curing,50.33,51.62,50.21,50.39,26.35,27.44,53.15,55.87,39.24,40.42,8.0,0.16,0.0,0.0,0
2025-01-18 09:00:00,417,curing,50.37,51.84,50.12,50.69,26.4,27.41,52.92,55.88,39.34,40.44,8.0,0.15,0.0,0.0,0
2025-01-18 10:00:00,418,curing,50.13,51.72,50.05,50.67,26.26,27.35,52.97,56.08,39.29,40.3,8.0,0.15,0.0,0.0,0
2025-01-18 11:00:00,419,curing,50.38,51.4,50.16,50.52,26.34,27.44,53.04,55.74,39.39,40.56,8.0,0.15,0.0,0.0,0
2025-01-18 12:00:00,420,curing,50.15,51.77,50.23,50.48,26.4,27.41,53.06,55.94,39.33,40.37,8.8,0.0,0.0,0.0,1
2025-01-18 13:00:00,421,curing,49.99,51.46,50.5,50.51,26.44,27.35,53.09,55.88,39.32,40.18,8.08,0.15,0.0,0.0,0
2025-01-18 14:00:00,422,curing,50.03,51.91,50.3,50.51,26.29,27.36,53.02,55.84,39.42,40.38,8.17,0.15,0.0,0.0,0
2025-01-18 15:00:00,423,curing,49.87,51.84,50.3,50.52,26.37,27.39,53.07,55.88,39.27,40.3,8.25,0.16,0.0,0.0,0
2025-01-18 16:00:00,424,curing,49.98,51.71,50.68,50.5,26.45,27.32,52.92,55.96,39.28,40.45,8.33,0.16,0.0,0.0,0
2025-01-18 17:00:00,425,curing,50.07,51.68,50.22,50.57,26.32,27.37,53.06,55.96,39.28,40.4,8.4,0.15,0.0,0.0,0
2025-01-18 18:00:00,426,curing,50.28,51.62,50.22,50.66,26.41,27.38,53.06,55.92,39.39,40.31,8.47,0.15,0.0,0.0,0
2025-01-18 19:00:00,427,curing,50.44,51.78,50.26,50.31,26.4,27.28,53.11,56.0,39.28,40.47,8.54,0.16,0.0,0.0,0
2025-01-18 20:00:00,428,curing,49.89,51.59,49.95,50.34,26.49,27.36,52.84,56.01,39.23,40.43,8.59,0.15,0.0,0.0,0
2025-01-18 21:00:00,429,curing,50.21,51.7,50.05,50.22,26.38,27.35,52.9,55.97,39.32,40.29,8.65,0.15,0.0,0.0,0
2025-01-18 22:00:00,430,curing,49.95,51.81,50.04,50.68,26.39,27.42,53.05,55.85,39.22,40.34,8.69,0.16,0.0,0.0,0
2025-01-18 23:00:00,431,curing,50.22,51.55,50.25,50.57,26.44,27.27,52.75,55.94,39.32,40.4,8.73,0.15,0.0,0.0,0
2025-01-19 00:00:00,432,curing,47.7,49.01,47.51,48.51,26.04,27.01,52.85,55.54,39.02,40.16,9.56,0.0,0.0,0.0,1
2025-01-19 01:00:00,433,curing,47.4,48.91,47.57,48.16,26.1,27.01,52.9,55.42,38.98,40.17,8.78,0.15,0.0,0.0,0
2025-01-19 02:00:00,434,curing,47.89,48.93,47.74,48.73,26.09,27.08,52.76,55.36,39.03,40.19,8.8,0.15,0.0,0.0,0
2025-01-19 03:00:00,435,curing,47.61,48.79,47.7,48.31,26.1,27.03,52.77,55.32,38.88,40.11,8.8,0.15,0.0,0.0,0
2025-01-19 04:00:00,436,curing,47.63,49.26,47.51,48.45,26.16,27.13,52.72,55.5,39.0,40.02,8.8,0.15,0.0,0.0,0
2025-01-19 05:00:00,437,curing,47.53,49.45,47.42,48.57,26.14,27.07,52.76,55.52,38.95,40.21,8.78,0.15,0.0,0.0,0
2025-01-19 06:00:00,438,curing,47.61,49.39,47.75,48.24,26.07,27.01,52.77,55.39,39.2,40.04,8.76,0.15,0.0,0.0,0
2025-01-19 07:00:00,439,curing,47.8,48.83,47.68,48.32,26.12,27.05,52.75,55.58,39.0,40.11,8.73,0.15,0.0,0.0,0
2025-01-19 08:00:00,440,curing,47.69,49.26,47.26,48.45,26.19,27.01,52.75,55.51,38.95,40.05,8.69,0.15,0.0,0.0,0
2025-01-19 09:00:00,441,curing,47.78,49.38,47.49,48.93,26.07,27.08,52.79,55.61,38.89,40.06,8.65,0.15,0.0,0.0,0
2025-01-19 10:00:00,442,curing,47.79,49.04,47.57,48.47,26.12,26.96,52.79,55.53,39.09,40.22,8.59,0.15,0.0,0.0,0
2025-01-19 11:00:00,443,curing,47.96,49.14,47.68,48.7,26.1,26.99,52.97,55.4,38.96,40.17,8.54,0.15,0.0,0.0,0
2025-01-19 12:00:00,444,curing,47.66,48.76,47.71,48.63,26.11,27.06,52.78,55.53,38.93,40.17,9.27,0.0,0.0,0.0,1
2025-01-19 13:00:00,445,curing,47.46,49.17,47.59,48.48,26.02,27.1,52.84,55.55,39.01,40.09,8.4,0.15,0.0,0.0,0
2025-01-19 14:00:00,446,curing,47.91,48.93,47.65,48.24,26.19,26.91,52.76,55.45,39.04,40.14,8.33,0.15,0.0,0.0,0
2025-01-19 15:00:00,447,curing,47.66,49.16,47.55,48.6,26.07,27.11,52.76,55.37,39.04,40.22,8.25,0.15,0.0,0.0,0
2025-01-19 16:00:00,448,curing,47.92,48.84,47.42,48.15,26.17,27.03,52.66,55.5,38.99,40.19,8.17,0.15,0.0,0.0,0
2025-01-19 17:00:00,449,curing,47.79,49.23,47.5,48.7,26.08,26.93,52.67,55.41,39.0,40.26,8.08,0.15,0.0,0.0,0
2025-01-19 18:00:00,450,curing,47.7,49.31,47.55,48.45,26.08,26.87,52.71,55.59,39.01,40.27,8.0,0.15,0.0,0.0,0
2025-01-19 19:00:00,451,curing,47.78,48.98,47.54,47.94,26.18,26.95,52.83,55.46,39.01,40.17,8.0,0.15,0.0,0.0,0
2025-01-19 20:00:00,452,curing,48.07,48.92,47.21,48.35,26.16,27.03,52.9,55.64,39.02,40.05,8.0,0.15,0.0,0.0,0
2025-01-19 21:00:00,453,curing,48.09,48.73,47.47,48.53,26.12,27.03,52.66,55.31,39.07,40.13,8.0,0.15,0.0,0.0,0
2025-01-19 22:00:00,454,curing,47.73,49.08,47.55,48.37,26.15,27.07,52.76,55.51,38.99,40.18,8.0,0.15,0.0,0.0,0
2025-01-19 23:00:00,455,curing,47.75,49.02,47.49,48.54,26.1,27.0,52.69,55.62,38.93,40.13,8.0,0.15,0.0,0.0,0
2025-01-20 00:00:00,456,curing,45.81,46.34,44.91,45.47,25.79,26.65,52.62,55.01,38.6,39.8,8.33,0.0,0.0,0.0,1
2025-01-20 01:00:00,457,curing,45.47,46.7,45.04,45.39,25.76,26.69,52.73,55.07,38.67,39.89,8.0,0.15,0.0,0.0,0
2025-01-20 02:00:00,458,curing,45.68,46.54,44.76,45.61,25.84,26.71,52.6,55.05,38.48,40.07,8.0,0.15,0.0,0.0,0
2025-01-20 03:00:00,459,curing,45.61,46.42,44.66,45.63,25.75,26.72,52.63,55.03,38.48,39.85,8.0,0.15,0.0,0.0,0
2025-01-20 04:00:00,460,curing,45.68,46.52,44.89,45.56,25.87,26.67,52.76,55.11,38.68,39.89,8.0,0.15,0.0,0.0,0
2025-01-20 05:00:00,461,curing,45.47,46.81,45.09,45.84,25.77,26.76,52.68,54.97,38.72,39.78,8.0,0.15,0.0,0.0,0
2025-01-20 06:00:00,462,curing,45.34,46.73,45.25,45.47,25.79,26.68,52.57,55.08,38.52,39.98,8.0,0.15,0.0,0.0,0
2025-01-20 07:00:00,463,curing,45.25,46.59,45.09,45.68,25.83,26.66,52.65,55.13,38.62,39.95,8.0,0.15,0.0,0.0,0
2025-01-20 08:00:00,464,curing,45.42,46.73,44.69,45.63,25.79,26.68,52.57,55.07,38.58,39.95,8.0,0.15,0.0,0.0,0
2025-01-20 09:00:00,465,curing,45.54,46.41,44.91,45.34,25.77,26.77,52.67,55.0,38.59,39.99,8.0,0.15,0.0,0.0,0
2025-01-20 10:00:00,466,curing,45.57,46.62,45.0,45.38,25.79,26.7,52.68,55.18,38.63,39.85,8.0,0.15,0.0,0.0,0
2025-01-20 11:00:00,467,curing,45.96,46.64,44.98,45.62,25.84,26.67,52.52,55.15,38.51,39.86,8.0,0.15,0.0,0.0,0
2025-01-20 12:00:00,468,curing,45.82,46.53,45.05,45.97,25.75,26.76,52.65,55.0,38.53,40.02,8.04,0.0,0.0,0.0,1
2025-01-20 13:00:00,469,curing,45.45,46.7,44.79,45.72,25.78,26.83,52.63,54.97,38.59,39.93,8.0,0.15,0.0,0.0,0
2025-01-20 14:00:00,470,curing,45.68,46.48,44.96,45.31,25.79,26.72,52.69,55.0,38.6,39.71,8.0,0.15,0.0,0.0,0
2025-01-20 15:00:00,471,curing,45.55,46.71,45.03,45.06,25.84,26.78,52.71,55.14,38.53,39.92,8.0,0.15,0.0,0.0,0
2025-01-20 16:00:00,472,curing,45.57,46.72,45.1,45.75,25.79,26.77,52.68,55.11,38.67,39.84,8.0,0.15,0.0,0.0,0
2025-01-20 17:00:00,473,curing,45.65,46.09,44.81,45.6,25.89,26.68,52.61,55.16,38.58,39.96,8.0,0.15,0.0,0.0,0
2025-01-20 18:00:00,474,curing,45.73,46.83,44.89,45.82,25.78,26.71,52.72,55.06,38.58,39.92,8.0,0.15,0.0,0.0,0
2025-01-20 19:00:00,475,curing,45.56,46.06,44.47,45.46,25.78,26.64,52.56,55.01,38.63,39.75,8.0,0.15,0.0,0.0,0
2025-01-20 20:00:00,476,curing,45.81,46.51,44.84,45.68,25.78,26.7,52.53,55.17,38.6,39.91,8.0,0.15,0.0,0.0,0
2025-01-20 21:00:00,477,curing,45.42,46.8,44.86,45.77,25.72,26.68,52.36,55.04,38.67,39.9,8.0,0.15,0.0,0.0,0
2025-01-20 22:00:00,478,curing,45.62,46.56,44.77,45.54,25.73,26.69,52.63,55.1,38.54,39.91,8.0,0.15,0.0,0.0,0
2025-01-20 23:00:00,479,curing,46.08,46.35,44.98,45.54,25.76,26.67,52.57,54.95,38.51,39.93,8.0,0.15,0.0,0.0,0
2025-01-21 00:00:00,480,curing,42.97,44.37,42.83,43.76,25.53,26.37,52.5,54.63,38.21,39.7,8.8,0.0,0.0,0.0,1
2025-01-21 01:00:00,481,curing,43.19,44.76,42.43,43.85,25.47,26.42,52.3,54.77,38.24,39.61,8.08,0.15,0.0,0.0,0
2025-01-21 02:00:00,482,curing,42.95,44.22,42.87,43.75,25.44,26.38,52.41,54.62,38.14,39.58,8.17,0.15,0.0,0.0,0
2025-01-21 03:00:00,483,curing,43.04,44.78,42.67,43.93,25.53,26.29,52.51,54.75,38.13,39.67,8.25,0.15,0.0,0.0,0
2025-01-21 04:00:00,484,curing,42.92,44.56,42.92,43.67,25.55,26.35,52.38,54.48,38.25,39.75,8.33,0.15,0.0,0.0,0
2025-01-21 05:00:00,485,curing,42.9,44.36,42.61,43.51,25.54,26.31,52.5,54.63,38.18,39.65,8.4,0.15,0.0,0.0,0
2025-01-21 06:00:00,486,curing,42.79,44.47,42.84,44.1,25.42,26.4,52.42,54.67,38.12,39.6,8.47,0.15,0.0,0.0,0
2025-01-21 07:00:00,487,curing,43.01,44.39,42.78,43.64,25.44,26.42,52.47,54.83,38.3,39.61,8.54,0.15,0.0,0.0,0
2025-01-21 08:00:00,488,curing,42.78,44.73,42.89,43.65,25.57,26.4,52.52,54.58,38.19,39.6,8.59,0.15,0.0,0.0,0
2025-01-21 09:00:00,489,curing,43.05,44.7,42.86,43.74,25.48,26.35,52.55,54.74,38.32,39.58,8.65,0.15,0.0,0.0,0
2025-01-21 10:00:00,490,curing,43.13,44.26,42.79,43.76,25.45,26.4,52.48,54.77,38.23,39.75,8.69,0.15,0.0,0.0,0
2025-01-21 11:00:00,491,curing,43.0,44.5,42.56,43.68,25.51,26.36,52.4,54.62,38.25,39.52,8.73,0.15,0.0,0.0,0
2025-01-21 12:00:00,492,curing,42.88,44.41,42.57,43.75,25.52,26.33,52.43,54.65,38.22,39.67,9.56,0.0,0.0,0.0,1
2025-01-21 13:00:00,493,curing,43.01,44.81,42.73,43.74,25.44,26.43,52.52,54.69,38.04,39.57,8.78,0.15,0.0,0.0,0
2025-01-21 14:00:00,494,curing,42.88,44.33,42.83,43.78,25.48,26.43,52.38,54.55,38.15,39.46,8.8,0.15,0.0,0.0,0
2025-01-21 15:00:00,495,curing,43.1,44.86,42.73,43.33,25.52,26.44,52.45,54.64,38.22,39.57,8.8,0.15,0.0,0.0,0
2025-01-21 16:00:00,496,curing,42.61,44.57,42.95,44.09,25.41,26.36,52.43,54.79,38.26,39.54,8.8,0.15,0.0,0.0,0
2025-01-21 17:00:00,497,curing,42.87,44.36,42.79,43.72,25.47,26.45,52.46,54.73,38.1,39.62,8.78,0.15,0.0,0.0,0
2025-01-21 18:00:00,498,curing,42.58,44.45,42.66,43.85,25.41,26.36,52.38,54.67,38.23,39.59,8.76,0.15,0.0,0.0,0
2025-01-21 19:00:00,499,curing,42.67,44.43,42.79,43.51,25.42,26.42,52.31,54.69,38.15,39.5,8.73,0.15,0.0,0.0,0
2025-01-21 20:00:00,500,curing,43.18,44.34,42.88,43.67,25.44,26.36,52.51,54.73,38.25,39.69,8.69,0.15,0.0,0.0,0
2025-01-21 21:00:00,501,curing,43.09,44.59,42.89,43.63,25.49,26.38,52.55,54.75,38.23,39.66,8.65,0.15,0.0,0.0,0
2025-01-21 22:00:00,502,curing,42.81,44.35,43.17,44.01,25.45,26.26,52.31,54.63,38.29,39.7,8.59,0.15,0.0,0.0,0
2025-01-21 23:00:00,503,curing,42.67,44.18,42.72,43.65,25.43,26.37,52.5,54.82,38.31,39.6,8.54,0.15,0.0,0.0,0
2025-01-22 00:00:00,504,curing,41.31,42.98,41.12,42.06,25.15,26.07,52.39,54.39,37.89,39.27,9.27,0.0,0.0,0.0,1
2025-01-22 01:00:00,505,curing,41.74,42.73,41.21,41.81,25.09,26.05,52.35,54.33,37.92,39.33,8.4,0.15,0.0,0.0,0
2025-01-22 02:00:00,506,curing,42.27,42.92,41.13,41.85,25.17,26.16,52.26,54.2,37.83,39.23,8.33,0.15,0.0,0.0,0
2025-01-22 03:00:00,507,curing,41.92,42.89,41.05,41.89,25.21,26.01,52.22,54.19,38.06,39.28,8.25,0.15,0.0,0.0,0
2025-01-22 04:00:00,508,curing,41.74,42.89,40.86,42.16,25.14,26.04,52.3,54.25,37.76,39.26,8.17,0.15,0.0,0.0,0
2025-01-22 05:00:00,509,curing,41.92,43.42,41.05,41.59,25.14,26.02,52.32,54.28,37.81,39.16,8.08,0.15,0.0,0.0,0
2025-01-22 06:00:00,510,curing,41.56,43.06,40.95,41.69,25.17,26.04,52.31,54.12,37.92,39.28,8.0,0.15,0.0,0.0,0
2025-01-22 07:00:00,511,curing,41.79,43.1,40.83,41.58,25.04,26.12,52.28,54.32,37.91,39.24,8.0,0.15,0.0,0.0,0
2025-01-22 08:00:00,512,curing,41.86,42.73,41.0,41.73,25.18,26.15,52.2,54.39,37.89,39.26,8.0,0.15,0.0,0.0,0
2025-01-22 09:00:00,513,curing,41.82,42.93,40.95,41.78,25.31,26.03,52.33,54.33,37.9,39.3,8.0,0.15,0.0,0.0,0
2025-01-22 10:00:00,514,curing,41.98,43.09,41.24,41.64,25.14,26.03,52.34,54.22,37.7,39.37,8.0,0.15,0.0,0.0,0
2025-01-22 11:00:00,515,curing,41.9,42.87,41.24,41.8,25.14,26.01,52.31,54.21,37.97,39.21,8.0,0.15,0.0,0.0,0
2025-01-22 12:00:00,516,curing,41.96,43.22,40.98,41.57,25.19,26.14,52.31,54.3,37.84,39.25,8.33,0.0,0.0,0.0,1
2025-01-22 13:00:00,517,curing,41.72,42.83,41.09,41.75,25.24,26.13,52.44,54.26,37.95,39.21,8.0,0.15,0.0,0.0,0
2025-01-22 14:00:00,518,curing,42.0,43.0,40.81,42.14,25.2,26.06,52.24,54.31,37.7,39.21,8.0,0.15,0.0,0.0,0
2025-01-22 15:00:00,519,curing,42.13,42.95,41.05,42.0,25.03,25.99,52.41,54.33,37.87,39.23,8.0,0.15,0.0,0.0,0
2025-01-22 16:00:00,520,curing,41.67,43.08,41.21,41.96,25.18,26.0,52.23,54.37,37.81,39.26,8.0,0.15,0.0,0.0,0
2025-01-22 17:00:00,521,curing,41.68,42.94,41.28,41.75,25.29,26.08,52.39,54.18,37.9,39.32,8.0,0.15,0.0,0.0,0
2025-01-22 18:00:00,522,curing,42.08,43.0,41.01,41.65,25.18,26.1,52.4,54.29,37.88,39.3,8.0,0.15,0.0,0.0,0
2025-01-22 19:00:00,523,curing,41.8,43.01,41.32,41.73,25.09,25.96,52.27,54.24,37.88,39.19,8.0,0.15,0.0,0.0,0
2025-01-22 20:00:00,524,curing,42.09,42.92,40.87,41.92,25.16,26.05,52.44,54.27,37.77,39.37,8.0,0.15,0.0,0.0,0
2025-01-22 21:00:00,525,curing,41.76,43.14,40.91,42.08,25.08,26.16,52.34,54.35,37.85,39.35,8.0,0.15,0.0,0.0,0
2025-01-22 22:00:00,526,curing,42.1,43.1,41.26,42.09,25.21,26.06,52.22,54.36,37.84,39.2,8.0,0.15,0.0,0.0,0
2025-01-22 23:00:00,527,curing,41.86,43.04,41.43,42.04,25.1,26.15,52.26,54.4,37.89,39.37,8.0,0.15,0.0,0.0,0
2025-01-23 00:00:00,528,curing,40.38,41.48,39.47,40.22,24.83,25.78,52.06,54.0,37.55,38.99,8.04,0.0,0.0,0.0,1
2025-01-23 01:00:00,529,curing,40.62,41.71,39.38,40.35,24.78,25.69,52.05,53.96,37.49,38.96,8.0,0.15,0.0,0.0,0
2025-01-23 02:00:00,530,curing,40.27,41.52,38.99,40.29,24.8,25.73,51.88,53.95,37.38,39.0,8.0,0.14,0.0,0.0,0
2025-01-23 03:00:00,531,curing,40.17,41.51,39.03,40.31,24.91,25.74,51.95,53.82,37.48,38.97,8.0,0.15,0.0,0.0,0
2025-01-23 04:00:00,532,curing,40.26,41.58,39.41,40.71,24.83,25.7,51.98,54.08,37.67,39.01,8.0,0.15,0.0,0.0,0
2025-01-23 05:00:00,533,curing,40.42,41.87,39.32,40.04,24.8,25.69,51.92,53.94,37.6,38.98,8.0,0.15,0.0,0.0,0
2025-01-23 06:00:00,534,curing,40.06,41.32,39.19,40.31,24.77,25.83,52.17,54.01,37.25,38.94,8.0,0.15,0.0,0.0,0
2025-01-23 07:00:00,535,curing,40.45,41.7,39.4,40.57,24.73,25.69,51.99,54.03,37.48,38.81,8.0,0.15,0.0,0.0,0
2025-01-23 08:00:00,536,curing,40.24,41.22,39.41,40.09,24.76,25.8,51.96,53.86,37.54,39.01,8.0,0.15,0.0,0.0,0
2025-01-23 09:00:00,537,curing,40.54,41.6,39.55,40.24,24.83,25.72,52.07,53.89,37.46,38.94,8.0,0.15,0.0,0.0,0
2025-01-23 10:00:00,538,curing,39.91,41.85,39.41,40.26,24.88,25.75,51.94,54.1,37.44,39.03,8.0,0.14,0.0,0.0,0
2025-01-23 11:00:00,539,curing,40.2,41.65,39.6,40.31,24.8,25.78,52.05,53.99,37.45,39.01,8.0,0.15,0.0,0.0,0
2025-01-23 12:00:00,540,curing,40.04,41.59,39.39,40.07,24.91,25.71,51.82,53.92,37.52,38.94,8.8,0.0,0.0,0.0,1
2025-01-23 13:00:00,541,curing,40.19,41.46,39.36,40.46,24.79,25.78,51.93,53.96,37.39,39.05,8.08,0.15,0.0,0.0,0
2025-01-23 14:00:00,542,curing,40.38,41.57,39.57,40.47,24.81,25.64,52.06,54.06,37.56,38.98,8.17,0.14,0.0,0.0,0
2025-01-23 15:00:00,543,curing,40.31,41.52,39.21,40.44,24.77,25.77,52.1,54.05,37.47,38.98,8.25,0.15,0.0,0.0,0
2025-01-23 16:00:00,544,curing,40.29,41.42,39.88,40.19,24.88,25.61,51.9,53.84,37.41,38.96,8.33,0.15,0.0,0.0,0
2025-01-23 17:00:00,545,curing,40.31,41.51,39.45,40.37,24.94,25.73,51.89,54.11,37.56,39.1,8.4,0.14,0.0,0.0,0
2025-01-23 18:00:00,546,curing,40.38,41.6,39.45,40.19,24.73,25.79,52.02,54.05,37.36,38.91,8.47,0.15,0.0,0.0,0
2025-01-23 19:00:00,547,curing,40.16,41.42,39.48,40.29,24.81,25.78,51.91,53.95,37.43,38.94,8.54,0.15,0.0,0.0,0
2025-01-23 20:00:00,548,curing,40.46,41.41,39.72,40.73,24.89,25.68,51.94,53.86,37.43,38.87,8.59,0.14,0.0,0.0,0
2025-01-23 21:00:00,549,curing,40.46,41.31,39.53,40.37,24.75,25.68,52.04,54.06,37.63,39.02,8.65,0.15,0.0,0.0,0
2025-01-23 22:00:00,550,curing,40.41,41.63,39.1,40.14,24.86,25.71,51.92,54.01,37.42,38.92,8.69,0.15,0.0,0.0,0
2025-01-23 23:00:00,551,curing,40.44,41.66,39.63,40.38,24.89,25.76,51.8,53.84,37.32,38.93,8.73,0.15,0.0,0.0,0
2025-01-24 00:00:00,552,curing,38.77,39.6,37.59,38.9,24.51,25.32,51.51,53.65,37.05,38.62,9.56,0.0,0.0,0.0,1
2025-01-24 01:00:00,553,curing,39.08,39.73,37.67,38.93,24.54,25.42,51.62,53.94,37.13,38.67,8.78,0.14,0.0,0.0,0
2025-01-24 02:00:00,554,curing,38.7,39.57,37.43,38.96,24.6,25.44,51.46,53.67,37.15,38.57,8.8,0.14,0.0,0.0,0
2025-01-24 03:00:00,555,curing,38.66,39.63,37.75,39.07,24.61,25.41,51.6,53.6,37.26,38.49,8.8,0.14,0.0,0.0,0
2025-01-24 04:00:00,556,curing,38.58,39.61,37.54,39.31,24.5,25.45,51.5,53.58,37.2,38.7,8.8,0.14,0.0,0.0,0
2025-01-24 05:00:00,557,curing,38.53,39.54,37.67,39.25,24.48,25.44,51.76,53.82,37.11,38.5,8.78,0.14,0.0,0.0,0
2025-01-24 06:00:00,558,curing,38.5,39.46,37.6,39.24,24.46,25.4,51.81,53.74,37.03,38.73,8.76,0.14,0.0,0.0,0
2025-01-24 07:00:00,559,curing,38.56,39.96,38.0,38.95,24.56,25.32,51.53,53.79,37.22,38.78,8.73,0.14,0.0,0.0,0
2025-01-24 08:00:00,560,curing,38.7,39.48,38.01,39.05,24.43,25.43,51.65,53.69,37.07,38.65,8.69,0.14,0.0,0.0,0
2025-01-24 09:00:00,561,curing,38.78,39.44,37.66,39.19,24.49,25.37,51.54,53.78,37.05,38.76,8.65,0.14,0.0,0.0,0
2025-01-24 10:00:00,562,curing,38.73,39.64,37.66,39.03,24.51,25.39,51.6,53.59,37.06,38.66,8.59,0.14,0.0,0.0,0
2025-01-24 11:00:00,563,curing,38.58,39.6,37.59,39.1,24.48,25.45,51.78,53.68,37.0,38.79,8.54,0.14,0.0,0.0,0
2025-01-24 12:00:00,564,curing,38.88,39.3,37.85,39.22,24.52,25.5,51.58,53.69,37.06,38.63,9.27,0.0,0.0,0.0,1
2025-01-24 13:00:00,565,curing,38.85,39.76,37.59,39.08,24.64,25.42,51.6,53.79,37.08,38.48,8.4,0.14,0.0,0.0,0
2025-01-24 14:00:00,566,curing,38.69,39.54,37.58,39.19,24.5,25.45,51.54,53.7,37.15,38.66,8.33,0.14,0.0,0.0,0
2025-01-24 15:00:00,567,curing,38.6,39.36,37.83,39.43,24.48,25.35,51.72,53.61,37.07,38.8,8.25,0.14,0.0,0.0,0
2025-01-24 16:00:00,568,curing,38.81,39.77,37.56,39.11,24.56,25.44,51.34,53.67,37.0,38.7,8.17,0.14,0.0,0.0,0
2025-01-24 17:00:00,569,curing,38.75,39.67,37.65,39.36,24.52,25.42,51.59,53.52,36.98,38.62,8.08,0.14,0.0,0.0,0
2025-01-24 18:00:00,570,curing,38.46,39.33,37.37,39.25,24.58,25.49,51.62,53.46,37.11,38.69,8.0,0.15,0.0,0.0,0
2025-01-24 19:00:00,571,curing,38.7,39.88,37.78,38.88,24.51,25.4,51.57,53.74,37.1,38.74,8.0,0.14,0.0,0.0,0
2025-01-24 20:00:00,572,curing,38.76,39.68,38.0,38.95,24.49,25.41,51.7,53.63,37.05,38.66,8.0,0.14,0.0,0.0,0
2025-01-24 21:00:00,573,curing,38.56,39.56,37.78,39.0,24.41,25.48,51.73,53.64,37.06,38.87,8.0,0.14,0.0,0.0,0
2025-01-24 22:00:00,574,curing,38.75,39.85,37.91,38.99,24.42,25.42,51.5,53.74,37.12,38.62,8.0,0.14,0.0,0.0,0
2025-01-24 23:00:00,575,curing,38.46,39.59,37.5,39.13,24.41,25.37,51.8,53.79,37.2,38.74,8.0,0.14,0.0,0.0,0
2025-01-25 00:00:00,576,curing,37.49,38.06,36.57,38.09,24.21,25.25,51.16,53.41,36.71,38.41,8.33,0.0,0.0,0.0,1
2025-01-25 01:00:00,577,curing,37.47,37.94,36.36,38.2,24.11,25.06,51.39,53.54,36.78,38.29,8.0,0.14,0.0,0.0,0
2025-01-25 02:00:00,578,curing,37.21,38.17,36.49,38.03,24.25,25.11,51.29,53.41,36.84,38.31,8.0,0.14,0.0,0.0,0
2025-01-25 03:00:00,579,curing,37.32,38.15,36.66,37.9,24.19,25.13,51.24,53.39,36.71,38.43,8.0,0.14,0.0,0.0,0
2025-01-25 04:00:00,580,curing,36.82,38.06,36.54,37.6,24.17,25.13,51.25,53.39,36.77,38.36,8.0,0.14,0.0,0.0,0
2025-01-25 05:00:00,581,curing,37.04,37.92,36.28,37.99,24.14,25.1,51.28,53.25,36.77,38.37,8.0,0.14,0.0,0.0,0
2025-01-25 06:00:00,582,curing,37.2,38.08,36.29,37.98,24.22,25.1,51.3,53.45,36.67,38.22,8.0,0.14,0.0,0.0,0
2025-01-25 07:00:00,583,curing,37.06,38.05,36.28,38.01,24.14,25.1,51.2,53.15,36.78,38.4,8.0,0.14,0.0,0.0,0
2025-01-25 08:00:00,584,curing,37.38,37.82,36.61,38.35,24.13,25.05,51.26,53.32,36.77,38.37,8.0,0.14,0.0,0.0,0
2025-01-25 09:00:00,585,curing,37.61,37.79,36.89,38.2,24.25,25.23,51.21,53.37,36.81,38.34,8.0,0.14,0.0,0.0,0
2025-01-25 10:00:00,586,curing,37.04,38.16,36.77,38.12,24.2,25.1,51.18,53.3,36.68,38.37,8.0,0.14,0.0,0.0,0
2025-01-25 11:00:00,587,curing,37.1,37.59,36.19,37.8,24.17,25.15,51.21,53.33,36.77,38.31,8.0,0.14,0.0,0.0,0
2025-01-25 12:00:00,588,curing,37.29,38.1,36.78,37.88,24.22,25.1,51.18,53.53,36.87,38.3,8.04,0.0,0.0,0.0,1
2025-01-25 13:00:00,589,curing,37.54,37.97,36.69,37.96,24.19,25.1,51.24,53.46,36.93,38.33,8.0,0.14,0.0,0.0,0
2025-01-25 14:00:00,590,curing,37.03,38.3,36.25,37.84,24.21,25.09,51.32,53.31,36.87,38.31,8.0,0.14,0.0,0.0,0
2025-01-25 15:00:00,591,curing,37.29,37.97,36.47,38.07,24.14,25.03,51.29,53.33,36.68,38.52,8.0,0.14,0.0,0.0,0
2025-01-25 16:00:00,592,curing,37.57,38.18,36.72,38.04,24.3,25.11,51.45,53.26,36.81,38.42,8.0,0.14,0.0,0.0,0
2025-01-25 17:00:00,593,curing,36.96,37.99,36.62,37.78,24.15,25.09,51.09,53.43,36.74,38.27,8.0,0.14,0.0,0.0,0
2025-01-25 18:00:00,594,curing,37.02,38.08,36.29,38.19,24.27,25.18,51.32,53.35,36.79,38.51,8.0,0.14,0.0,0.0,0
2025-01-25 19:00:00,595,curing,37.17,38.2,36.63,37.99,24.17,25.05,51.28,53.2,36.71,38.31,8.0,0.14,0.0,0.0,0
2025-01-25 20:00:00,596,curing,37.16,37.98,36.15,37.67,24.23,25.08,51.35,53.38,36.65,38.35,8.0,0.14,0.0,0.0,0
2025-01-25 21:00:00,597,curing,37.4,38.24,36.49,37.97,24.22,25.07,51.34,53.41,36.75,38.42,8.0,0.14,0.0,0.0,0
2025-01-25 22:00:00,598,curing,37.29,37.88,36.73,38.03,24.25,25.19,51.27,53.45,36.83,38.19,8.0,0.14,0.0,0.0,0
2025-01-25 23:00:00,599,curing,36.93,38.11,36.53,38.15,24.14,25.07,51.3,53.36,36.79,38.33,8.0,0.14,0.0,0.0,0
2025-01-26 00:00:00,600,curing,35.87,37.06,35.32,36.69,23.92,24.85,50.87,53.03,36.56,37.97,8.8,0.0,0.0,0.0,1
2025-01-26 01:00:00,601,curing,35.68,37.01,35.57,36.9,23.96,24.87,50.99,53.24,36.55,38.03,8.08,0.14,0.0,0.0,0
2025-01-26 02:00:00,602,curing,36.01,37.24,35.59,36.78,23.85,24.81,50.78,53.07,36.56,38.04,8.17,0.14,0.0,0.0,0
2025-01-26 03:00:00,603,curing,35.67,36.76,35.65,36.51,23.87,24.75,51.0,53.13,36.57,38.01,8.25,0.14,0.0,0.0,0
2025-01-26 04:00:00,604,curing,35.67,36.64,35.57,36.5,23.84,24.75,50.94,53.02,36.51,38.01,8.33,0.14,0.0,0.0,0
2025-01-26 05:00:00,605,curing,35.88,36.71,35.61,36.95,23.85,24.87,50.9,53.13,36.54,38.1,8.4,0.14,0.0,0.0,0
2025-01-26 06:00:00,606,curing,35.92,37.01,35.54,36.96,23.96,24.75,50.92,52.94,36.66,38.04,8.47,0.14,0.0,0.0,0
2025-01-26 07:00:00,607,curing,35.86,36.98,35.46,36.81,23.81,24.84,50.92,53.03,36.54,38.02,8.54,0.14,0.0,0.0,0
2025-01-26 08:00:00,608,curing,35.48,36.91,35.43,37.02,23.81,24.83,51.05,52.96,36.53,38.03,8.59,0.14,0.0,0.0,0
2025-01-26 09:00:00,609,curing,35.88,36.69,35.37,36.94,23.95,24.84,51.22,53.01,36.54,38.16,8.65,0.14,0.0,0.0,0
2025-01-26 10:00:00,610,curing,35.6,37.03,35.2,36.87,23.9,24.85,51.04,53.18,36.51,38.03,8.69,0.14,0.0,0.0,0
2025-01-26 11:00:00,611,curing,35.82,36.67,35.24,36.59,23.98,24.77,50.89,53.01,36.5,37.98,8.73,0.14,0.0,0.0,0
2025-01-26 12:00:00,612,curing,35.53,37.1,35.36,37.06,23.84,24.77,50.99,53.13,36.55,37.87,9.56,0.0,0.0,0.0,1
2025-01-26 13:00:00,613,curing,35.86,37.41,35.46,36.84,23.87,24.86,51.0,53.2,36.49,37.9,8.78,0.14,0.0,0.0,0
2025-01-26 14:00:00,614,curing,35.64,36.96,35.67,36.68,23.83,24.79,50.86,53.06,36.52,37.98,8.8,0.14,0.0,0.0,0
2025-01-26 15:00:00,615,curing,35.55,37.0,35.41,36.63,23.87,24.67,50.83,53.15,36.47,38.01,8.8,0.14,0.0,0.0,0
2025-01-26 16:00:00,616,curing,35.91,36.8,35.59,36.8,23.77,24.86,50.93,53.11,36.54,37.97,8.8,0.14,0.0,0.0,0
2025-01-26 17:00:00,617,curing,35.83,36.57,35.61,36.45,23.9,24.76,51.01,53.08,36.57,38.04,8.78,0.14,0.0,0.0,0
2025-01-26 18:00:00,618,curing,35.67,36.78,35.37,36.87,23.88,24.85,50.8,53.13,36.51,37.97,8.76,0.14,0.0,0.0,0
2025-01-26 19:00:00,619,curing,36.04,36.7,35.52,36.58,23.86,24.9,50.88,53.23,36.38,37.94,8.73,0.14,0.0,0.0,0
2025-01-26 20:00:00,620,curing,35.7,36.63,35.37,36.82,23.84,24.82,50.99,53.01,36.57,38.06,8.69,0.14,0.0,0.0,0
2025-01-26 21:00:00,621,curing,35.79,37.21,35.65,36.66,23.82,24.87,50.94,52.98,36.54,38.12,8.65,0.14,0.0,0.0,0
2025-01-26 22:00:00,622,curing,35.83,36.94,35.53,36.7,23.9,24.83,51.06,52.98,36.46,37.93,8.59,0.14,0.0,0.0,0
2025-01-26 23:00:00,623,curing,35.67,36.96,35.2,36.61,23.8,24.91,50.82,53.15,36.59,38.03,8.54,0.14,0.0,0.0,0
2025-01-27 00:00:00,624,curing,35.1,35.52,34.1,35.37,23.57,24.47,50.87,52.97,36.18,37.54,9.27,0.0,0.0,0.0,1
2025-01-27 01:00:00,625,curing,34.92,35.55,34.36,35.73,23.65,24.53,50.54,52.83,36.37,37.57,8.4,0.14,0.0,0.0,0
2025-01-27 02:00:00,626,curing,34.94,35.75,34.04,35.64,23.62,24.56,50.49,52.69,36.28,37.64,8.33,0.14,0.0,0.0,0
2025-01-27 03:00:00,627,curing,35.26,35.57,34.15,35.46,23.46,24.52,50.66,52.81,36.12,37.77,8.25,0.14,0.0,0.0,0
2025-01-27 04:00:00,628,curing,34.83,35.67,34.16,35.39,23.52,24.59,50.57,52.92,36.3,37.62,8.17,0.14,0.0,0.0,0
2025-01-27 05:00:00,629,curing,34.58,35.54,33.88,35.55,23.57,24.5,50.66,52.87,36.26,37.62,8.08,0.14,0.0,0.0,0
2025-01-27 06:00:00,630,curing,35.3,35.52,34.16,35.6,23.54,24.64,50.66,52.89,36.25,37.69,8.0,0.14,0.0,0.0,0
2025-01-27 07:00:00,631,curing,35.47,35.32,33.82,35.25,23.47,24.64,50.65,52.83,36.23,37.69,8.0,0.14,0.0,0.0,0
2025-01-27 08:00:00,632,curing,34.94,35.22,33.96,35.38,23.56,24.54,50.6,52.96,36.28,37.62,8.0,0.14,0.0,0.0,0
2025-01-27 09:00:00,633,curing,34.67,35.53,34.26,35.07,23.54,24.56,50.71,52.9,36.25,37.84,8.0,0.14,0.0,0.0,0
2025-01-27 10:00:00,634,curing,34.96,35.59,34.13,35.6,23.65,24.59,50.64,52.92,36.15,37.66,8.0,0.14,0.0,0.0,0
2025-01-27 11:00:00,635,curing,34.96,35.34,34.01,35.76,23.53,24.46,50.76,52.89,36.38,37.69,8.0,0.14,0.0,0.0,0
2025-01-27 12:00:00,636,curing,34.98,35.57,34.15,35.41,23.61,24.46,50.65,52.92,36.27,37.65,8.33,0.0,0.0,0.0,1
2025-01-27 13:00:00,637,curing,34.82,35.59,34.06,35.02,23.48,24.59,50.59,52.91,36.23,37.72,8.0,0.14,0.0,0.0,0
2025-01-27 14:00:00,638,curing,35.12,35.19,34.07,35.5,23.49,24.54,50.52,52.79,36.2,37.78,8.0,0.14,0.0,0.0,0
2025-01-27 15:00:00,639,curing,35.11,35.41,34.18,35.23,23.58,24.51,50.65,52.91,36.34,37.81,8.0,0.14,0.0,0.0,0
2025-01-27 16:00:00,640,curing,34.75,35.65,33.94,35.28,23.6,24.53,50.56,52.94,36.19,37.63,8.0,0.14,0.0,0.0,0
2025-01-27 17:00:00,641,curing,35.14,35.65,34.08,35.51,23.49,24.4,50.55,52.97,36.3,37.77,8.0,0.14,0.0,0.0,0
2025-01-27 18:00:00,642,curing,35.38,35.37,34.01,35.44,23.55,24.52,50.71,52.91,36.24,37.73,8.0,0.14,0.0,0.0,0
2025-01-27 19:00:00,643,curing,35.05,35.61,33.79,35.31,23.47,24.49,50.52,52.79,36.25,37.76,8.0,0.14,0.0,0.0,0
2025-01-27 20:00:00,644,curing,34.95,35.76,33.9,35.28,23.53,24.58,50.79,52.8,36.21,37.68,8.0,0.14,0.0,0.0,0
2025-01-27 21:00:00,645,curing,34.99,35.72,34.35,35.42,23.59,24.58,50.68,52.84,36.24,37.67,8.0,0.14,0.0,0.0,0
2025-01-27 22:00:00,646,curing,35.12,35.56,34.14,35.32,23.52,24.56,50.66,52.89,36.29,37.76,8.0,0.14,0.0,0.0,0
2025-01-27 23:00:00,647,curing,34.71,35.49,33.83,35.2,23.53,24.55,50.58,52.86,36.31,37.76,8.0,0.14,0.0,0.0,0
2025-01-28 00:00:00,648,curing,33.97,34.61,33.11,34.23,23.16,24.15,50.49,52.62,35.99,37.48,8.04,0.0,0.0,0.0,1
2025-01-28 01:00:00,649,curing,33.88,34.81,33.37,34.35,23.19,24.26,50.43,52.62,36.04,37.37,8.0,0.14,0.0,0.0,0
2025-01-28 02:00:00,650,curing,34.27,34.76,33.66,34.25,23.32,24.27,50.37,52.54,36.11,37.35,8.0,0.14,0.0,0.0,0
2025-01-28 03:00:00,651,curing,33.91,34.84,33.35,34.03,23.23,24.3,50.45,52.45,35.92,37.16,8.0,0.14,0.0,0.0,0
2025-01-28 04:00:00,652,curing,34.24,34.75,33.62,34.46,23.17,24.35,50.28,52.71,36.05,37.23,8.0,0.14,0.0,0.0,0
2025-01-28 05:00:00,653,curing,33.75,34.88,33.45,33.8,23.21,24.14,50.29,52.93,35.98,37.32,8.0,0.14,0.0,0.0,0
2025-01-28 06:00:00,654,curing,34.05,34.74,33.47,34.21,23.14,24.21,50.33,52.88,35.97,37.27,8.0,0.14,0.0,0.0,0
2025-01-28 07:00:00,655,curing,34.0,34.87,33.15,34.18,23.17,24.19,50.46,52.64,36.07,37.42,8.0,0.14,0.0,0.0,0
2025-01-28 08:00:00,656,curing,33.79,34.89,33.55,34.31,23.3,24.24,50.43,52.74,36.01,37.25,8.0,0.14,0.0,0.0,0
2025-01-28 09:00:00,657,curing,33.98,34.58,33.33,34.39,23.22,24.23,50.52,52.59,35.96,37.32,8.0,0.14,0.0,0.0,0
2025-01-28 10:00:00,658,curing,34.16,34.4,33.54,34.49,23.32,24.22,50.35,52.61,36.14,37.32,8.0,0.14,0.0,0.0,0
2025-01-28 11:00:00,659,curing,33.89,35.01,33.24,34.16,23.22,24.29,50.48,52.62,36.11,37.45,8.0,0.14,0.0,0.0,0
2025-01-28 12:00:00,660,curing,33.64,34.77,33.42,34.39,23.22,24.17,50.42,52.7,35.9,37.31,8.8,0.0,0.0,0.0,1
2025-01-28 13:00:00,661,curing,33.94,34.42,33.45,34.32,23.26,24.18,50.35,52.71,35.94,37.39,8.08,0.14,0.0,0.0,0
2025-01-28 14:00:00,662,curing,33.78,34.6,33.36,33.98,23.08,24.18,50.46,52.74,36.09,37.37,8.17,0.14,0.0,0.0,0
2025-01-28 15:00:00,663,curing,33.88,34.87,33.46,34.63,23.23,24.21,50.42,52.78,36.03,37.42,8.25,0.14,0.0,0.0,0
2025-01-28 16:00:00,664,curing,33.93,34.68,33.34,34.03,23.22,24.17,50.37,52.69,36.16,37.42,8.33,0.14,0.0,0.0,0
2025-01-28 17:00:00,665,curing,33.64,34.63,33.27,34.36,23.3,24.23,50.43,52.73,36.09,37.35,8.4,0.14,0.0,0.0,0
2025-01-28 18:00:00,666,curing,33.66,34.98,33.67,34.36,23.27,24.22,50.42,52.63,36.07,37.22,8.47,0.14,0.0,0.0,0
2025-01-28 19:00:00,667,curing,34.03,34.54,33.57,34.34,23.16,24.19,50.42,52.6,35.97,37.34,8.54,0.14,0.0,0.0,0
2025-01-28 20:00:00,668,curing,33.85,34.58,33.25,34.2,23.29,24.28,50.39,52.59,36.08,37.35,8.59,0.14,0.0,0.0,0
2025-01-28 21:00:00,669,curing,33.49,34.77,33.49,34.43,23.21,24.23,50.32,52.78,35.95,37.38,8.65,0.14,0.0,0.0,0
2025-01-28 22:00:00,670,curing,34.08,34.8,33.26,34.01,23.17,24.29,50.43,52.69,36.14,37.3,8.69,0.14,0.0,0.0,0
2025-01-28 23:00:00,671,curing,33.99,34.82,33.18,34.27,23.23,24.22,50.36,52.56,36.08,37.44,8.73,0.14,0.0,0.0,0
2025-01-29 00:00:00,672,curing,32.73,34.13,32.35,32.57,22.89,23.94,50.1,52.57,35.74,37.02,9.56,0.0,0.0,0.0,1
2025-01-29 01:00:00,673,curing,32.62,34.01,31.86,32.55,22.98,23.91,50.17,52.46,35.86,36.95,8.78,0.14,0.0,0.0,0
2025-01-29 02:00:00,674,curing,33.0,34.06,32.33,32.75,22.92,23.94,50.25,52.72,35.97,36.99,8.8,0.14,0.0,0.0,0
2025-01-29 03:00:00,675,curing,32.92,33.92,32.12,32.86,22.91,23.98,50.2,52.52,35.79,37.17,8.8,0.13,0.0,0.0,0
2025-01-29 04:00:00,676,curing,33.28,33.98,32.13,32.61,22.95,23.92,50.14,52.63,35.84,37.07,8.8,0.14,0.0,0.0,0
2025-01-29 05:00:00,677,curing,32.93,33.99,32.24,32.81,22.96,23.97,50.14,52.67,35.77,37.1,8.78,0.13,0.0,0.0,0
2025-01-29 06:00:00,678,curing,32.92,34.01,32.27,32.68,22.94,23.9,50.24,52.49,35.81,36.94,8.76,0.13,0.0,0.0,0
2025-01-29 07:00:00,679,curing,32.82,34.11,32.02,32.51,22.98,23.98,49.98,52.58,35.69,36.97,8.73,0.14,0.0,0.0,0
2025-01-29 08:00:00,680,curing,33.0,34.07,32.29,32.63,22.94,23.91,50.26,52.62,35.8,36.97,8.69,0.14,0.0,0.0,0
2025-01-29 09:00:00,681,curing,32.96,33.98,32.19,32.62,22.91,23.98,50.03,52.58,35.81,37.04,8.65,0.14,0.0,0.0,0
2025-01-29 10:00:00,682,curing,33.08,33.82,31.94,32.55,22.97,23.94,50.07,52.6,35.94,37.01,8.59,0.14,0.0,0.0,0
2025-01-29 11:00:00,683,curing,32.76,33.98,32.14,32.75,22.9,24.02,50.14,52.45,35.67,36.99,8.54,0.13,0.0,0.0,0
2025-01-29 12:00:00,684,curing,32.78,33.96,32.41,32.71,22.9,23.88,50.38,52.62,35.78,36.99,9.27,0.0,0.0,0.0,1
2025-01-29 13:00:00,685,curing,32.77,34.0,32.46,32.39,22.99,23.86,50.33,52.53,35.9,36.96,8.4,0.14,0.0,0.0,0
2025-01-29 14:00:00,686,curing,32.99,34.37,32.29,32.38,22.99,23.91,50.25,52.6,35.79,37.01,8.33,0.13,0.0,0.0,0
2025-01-29 15:00:00,687,curing,33.12,33.87,31.96,32.75,22.9,23.86,50.22,52.65,35.79,37.11,8.25,0.14,0.0,0.0,0
2025-01-29 16:00:00,688,curing,32.77,34.05,32.25,32.53,22.88,23.86,50.03,52.63,35.74,36.91,8.17,0.13,0.0,0.0,0
2025-01-29 17:00:00,689,curing,32.78,34.16,32.32,32.73,22.98,23.97,50.2,52.6,35.74,37.05,8.08,0.13,0.0,0.0,0
2025-01-29 18:00:00,690,curing,32.91,33.99,32.3,32.81,22.95,23.94,50.14,52.63,35.67,37.13,8.0,0.14,0.0,0.0,0
2025-01-29 19:00:00,691,curing,32.81,34.39,32.31,32.44,22.92,23.91,50.12,52.63,35.76,37.01,8.0,0.13,0.0,0.0,0
2025-01-29 20:00:00,692,curing,33.02,33.9,32.23,32.42,22.89,23.92,50.2,52.7,35.73,36.98,8.0,0.13,0.0,0.0,0
2025-01-29 21:00:00,693,curing,32.45,34.03,32.15,32.97,22.92,23.91,50.15,52.57,35.81,37.1,8.0,0.14,0.0,0.0,0
2025-01-29 22:00:00,694,curing,32.71,33.82,32.06,32.73,22.9,24.03,50.26,52.59,35.75,36.95,8.0,0.14,0.0,0.0,0
2025-01-29 23:00:00,695,curing,32.71,33.91,31.83,32.6,22.87,23.9,50.02,52.65,35.77,37.02,8.0,0.13,0.0,0.0,0
2025-01-30 00:00:00,696,curing,31.51,33.05,31.24,32.54,22.59,23.57,49.96,52.38,35.53,36.61,8.33,0.0,0.0,0.0,1
2025-01-30 01:00:00,697,curing,31.75,33.15,31.21,32.61,22.6,23.69,49.87,52.3,35.56,36.55,8.0,0.13,0.0,0.0,0
2025-01-30 02:00:00,698,curing,31.76,33.06,31.28,32.49,22.56,23.63,49.91,52.46,35.52,36.68,8.0,0.13,0.0,0.0,0
2025-01-30 03:00:00,699,curing,31.89,33.23,30.94,32.86,22.63,23.75,49.98,52.4,35.48,36.59,8.0,0.13,0.0,0.0,0
2025-01-30 04:00:00,700,curing,32.12,32.98,31.3,32.57,22.65,23.62,49.85,52.31,35.57,36.69,8.0,0.13,0.0,0.0,0
2025-01-30 05:00:00,701,curing,31.88,32.94,31.55,32.9,22.63,23.69,49.96,52.46,35.64,36.78,8.0,0.13,0.0,0.0,0
2025-01-30 06:00:00,702,curing,31.74,33.49,31.2,32.63,22.57,23.7,49.93,52.55,35.57,36.84,8.0,0.13,0.0,0.0,0
2025-01-30 07:00:00,703,curing,31.91,33.07,31.17,32.52,22.62,23.62,49.89,52.28,35.52,36.7,8.0,0.13,0.0,0.0,0
2025-01-30 08:00:00,704,curing,32.11,32.87,31.24,32.63,22.59,23.6,49.91,52.51,35.55,36.77,8.0,0.13,0.0,0.0,0
2025-01-30 09:00:00,705,curing,31.75,32.87,31.54,32.24,22.52,23.68,49.94,52.2,35.41,36.72,8.0,0.13,0.0,0.0,0
2025-01-30 10:00:00,706,curing,31.76,32.83,31.0,32.68,22.62,23.68,49.88,52.38,35.55,36.66,8.0,0.13,0.0,0.0,0
2025-01-30 11:00:00,707,curing,32.02,33.17,31.22,32.67,22.59,23.57,49.95,52.58,35.53,36.54,8.0,0.13,0.0,0.0,0
2025-01-30 12:00:00,708,curing,31.88,32.93,31.04,32.85,22.72,23.58,49.93,52.39,35.49,36.82,8.04,0.0,0.0,0.0,1
2025-01-30 13:00:00,709,curing,32.04,33.02,31.08,32.37,22.66,23.51,49.9,52.43,35.51,36.61,8.0,0.13,0.0,0.0,0
2025-01-30 14:00:00,710,curing,31.92,32.99,31.17,32.91,22.62,23.68,50.09,52.49,35.53,36.8,8.0,0.13,0.0,0.0,0
2025-01-30 15:00:00,711,curing,32.05,33.13,31.42,32.85,22.6,23.63,49.98,52.27,35.64,36.73,8.0,0.13,0.0,0.0,0
2025-01-30 16:00:00,712,curing,31.74,32.85,31.5,32.93,22.59,23.64,49.92,52.43,35.64,36.62,8.0,0.13,0.0,0.0,0
2025-01-30 17:00:00,713,curing,31.92,32.8,31.26,32.7,22.53,23.55,49.96,52.43,35.49,36.72,8.0,0.13,0.0,0.0,0
2025-01-30 18:00:00,714,curing,31.89,33.04,31.11,32.89,22.49,23.59,49.86,52.58,35.52,36.86,8.0,0.13,0.0,0.0,0
2025-01-30 19:00:00,715,curing,31.71,33.11,31.62,32.44,22.54,23.62,49.91,52.31,35.53,36.81,8.0,0.13,0.0,0.0,0
2025-01-30 20:00:00,716,curing,31.64,33.06,31.11,32.83,22.58,23.61,49.92,52.39,35.62,36.65,8.0,0.13,0.0,0.0,0
2025-01-30 21:00:00,717,curing,32.05,32.85,31.08,32.57,22.47,23.65,49.84,52.34,35.57,36.64,8.0,0.13,0.0,0.0,0
2025-01-30 22:00:00,718,curing,31.86,33.12,30.87,32.41,22.55,23.68,49.98,52.33,35.57,36.7,8.0,0.13,0.0,0.0,0
2025-01-30 23:00:00,719,curing,31.74,32.86,31.43,32.5,22.57,23.77,49.91,52.52,35.6,36.68,8.0,0.13,0.0,0.0,0
2025-01-31 00:00:00,720,curing,31.06,32.47,30.65,32.33,22.39,23.46,49.7,52.16,35.32,36.49,8.8,0.0,0.0,0.0,1
2025-01-31 01:00:00,721,curing,31.28,32.39,30.91,32.18,22.37,23.52,49.68,52.11,35.46,36.45,8.08,0.13,0.0,0.0,0
2025-01-31 02:00:00,722,curing,30.67,32.8,30.24,32.39,22.39,23.42,49.98,52.12,35.36,36.27,8.17,0.13,0.0,0.0,0
2025-01-31 03:00:00,723,curing,30.81,32.68,30.74,32.0,22.5,23.37,49.67,52.11,35.3,36.43,8.25,0.13,0.0,0.0,0
2025-01-31 04:00:00,724,curing,30.91,32.68,30.49,31.95,22.44,23.44,49.55,52.12,35.35,36.38,8.33,0.13,0.0,0.0,0
2025-01-31 05:00:00,725,curing,31.34,32.79,30.63,32.57,22.38,23.37,49.59,52.05,35.45,36.4,8.4,0.13,0.0,0.0,0
2025-01-31 06:00:00,726,curing,31.13,33.08,30.19,32.49,22.4,23.46,49.79,52.14,35.33,36.42,8.47,0.13,0.0,0.0,0
2025-01-31 07:00:00,727,curing,31.21,32.26,30.74,32.14,22.4,23.42,49.84,52.13,35.43,36.49,8.54,0.13,0.0,0.0,0
2025-01-31 08:00:00,728,curing,30.87,32.43,30.62,32.33,22.36,23.36,49.67,52.09,35.32,36.47,8.59,0.13,0.0,0.0,0
2025-01-31 09:00:00,729,curing,30.88,32.45,30.48,32.51,22.36,23.55,49.84,52.17,35.31,36.34,8.65,0.13,0.0,0.0,0
2025-01-31 10:00:00,730,curing,31.16,32.41,30.6,32.4,22.46,23.43,49.79,52.18,35.41,36.39,8.69,0.13,0.0,0.0,0
2025-01-31 11:00:00,731,curing,31.09,32.37,30.35,32.35,22.38,23.37,49.71,52.11,35.3,36.36,8.73,0.13,0.0,0.0,0
2025-01-31 12:00:00,732,curing,31.18,32.51,30.38,32.52,22.35,23.51,49.7,52.15,35.42,36.27,9.56,0.0,0.0,0.0,1
2025-01-31 13:00:00,733,curing,31.04,32.34,30.4,32.2,22.4,23.42,49.74,52.35,35.39,36.39,8.78,0.13,0.0,0.0,0
2025-01-31 14:00:00,734,curing,31.13,32.63,30.15,32.33,22.41,23.52,49.8,52.35,35.3,36.54,8.8,0.13,0.0,0.0,0
2025-01-31 15:00:00,735,curing,31.11,32.58,30.64,32.32,22.3,23.42,49.76,52.07,35.36,36.26,8.8,0.13,0.0,0.0,0
2025-01-31 16:00:00,736,curing,31.22,32.65,30.69,32.28,22.4,23.43,49.67,52.08,35.32,36.4,8.8,0.13,0.0,0.0,0
2025-01-31 17:00:00,737,curing,31.22,32.66,30.36,32.26,22.45,23.48,49.71,52.07,35.39,36.39,8.78,0.13,0.0,0.0,0
2025-01-31 18:00:00,738,curing,30.79,32.68,30.54,32.34,22.43,23.49,49.9,52.25,35.5,36.42,8.76,0.13,0.0,0.0,0
2025-01-31 19:00:00,739,curing,30.68,32.5,30.43,32.33,22.52,23.5,49.75,52.13,35.33,36.32,8.73,0.13,0.0,0.0,0
2025-01-31 20:00:00,740,curing,31.26,32.95,30.54,32.14,22.47,23.46,49.8,52.18,35.4,36.29,8.69,0.13,0.0,0.0,0
2025-01-31 21:00:00,741,curing,31.29,32.61,30.37,32.47,22.48,23.49,49.77,52.34,35.36,36.29,8.65,0.13,0.0,0.0,0
2025-01-31 22:00:00,742,curing,30.9,32.23,30.33,32.15,22.56,23.5,49.75,52.16,35.36,36.5,8.59,0.13,0.0,0.0,0
2025-01-31 23:00:00,743,curing,30.75,32.38,30.67,32.29,22.45,23.47,49.74,52.22,35.35,36.32,8.54,0.13,0.0,0.0,0
2025-02-01 00:00:00,744,curing,30.2,31.29,29.62,31.05,22.38,23.38,49.6,51.84,35.14,36.1,9.27,0.0,0.0,0.0,1
2025-02-01 01:00:00,745,curing,30.34,31.61,29.99,31.16,22.42,23.31,49.58,51.74,35.23,36.3,8.4,0.13,0.0,0.0,0
2025-02-01 02:00:00,746,curing,30.5,31.58,29.63,30.72,22.34,23.42,49.54,51.89,35.18,36.08,8.33,0.13,0.0,0.0,0
2025-02-01 03:00:00,747,curing,30.27,31.52,29.46,31.26,22.38,23.39,49.46,51.72,35.14,36.16,8.25,0.13,0.0,0.0,0
2025-02-01 04:00:00,748,curing,30.11,31.97,29.84,30.98,22.34,23.36,49.55,51.91,35.28,36.22,8.17,0.13,0.0,0.0,0
2025-02-01 05:00:00,749,curing,30.02,31.7,29.74,31.32,22.39,23.45,49.51,51.74,35.21,36.22,8.08,0.13,0.0,0.0,0
2025-02-01 06:00:00,750,curing,30.18,31.74,29.76,31.01,22.34,23.31,49.49,51.75,35.19,36.03,8.0,0.13,0.0,0.0,0
2025-02-01 07:00:00,751,curing,30.13,31.44,29.84,31.09,22.34,23.47,49.75,51.7,35.3,36.08,8.0,0.13,0.0,0.0,0
2025-02-01 08:00:00,752,curing,30.0,31.42,29.51,31.44,22.39,23.38,49.39,51.71,35.07,36.16,8.0,0.13,0.0,0.0,0
2025-02-01 09:00:00,753,curing,30.54,31.61,29.6,31.05,22.37,23.4,49.6,51.76,35.3,36.29,8.0,0.13,0.0,0.0,0
2025-02-01 10:00:00,754,curing,30.5,31.64,29.6,31.32,22.27,23.36,49.44,51.58,35.14,36.08,8.0,0.13,0.0,0.0,0
2025-02-01 11:00:00,755,curing,30.38,31.27,29.4,31.11,22.29,23.3,49.53,51.77,35.22,36.1,8.0,0.13,0.0,0.0,0
2025-02-01 12:00:00,756,curing,30.01,31.57,29.58,31.17,22.31,23.38,49.74,51.75,35.16,36.17,8.33,0.0,0.0,0.0,1
2025-02-01 13:00:00,757,curing,30.33,31.61,29.86,31.11,22.33,23.4,49.44,51.86,35.13,36.19,8.0,0.13,0.0,0.0,0
2025-02-01 14:00:00,758,curing,30.29,31.57,29.67,31.25,22.39,23.42,49.46,51.83,35.3,36.19,8.0,0.13,0.0,0.0,0
2025-02-01 15:00:00,759,curing,30.26,31.46,29.39,30.98,22.38,23.38,49.52,51.73,35.34,36.07,8.0,0.13,0.0,0.0,0
2025-02-01 16:00:00,760,curing,30.4,31.51,29.35,30.92,22.43,23.27,49.45,51.75,35.19,36.1,8.0,0.13,0.0,0.0,0
2025-02-01 17:00:00,761,curing,30.29,31.57,29.92,30.99,22.41,23.3,49.59,51.77,35.23,36.15,8.0,0.13,0.0,0.0,0
2025-02-01 18:00:00,762,curing,30.31,31.62,29.61,31.12,22.43,23.5,49.47,51.92,35.21,36.24,8.0,0.13,0.0,0.0,0
2025-02-01 19:00:00,763,curing,30.29,31.71,29.51,31.06,22.41,23.33,49.58,51.72,35.33,36.12,8.0,0.13,0.0,0.0,0
2025-02-01 20:00:00,764,curing,30.24,31.8,29.58,31.23,22.38,23.46,49.4,51.73,35.05,36.14,8.0,0.13,0.0,0.0,0
2025-02-01 21:00:00,765,curing,29.86,31.55,29.36,31.33,22.43,23.34,49.36,51.7,35.23,36.06,8.0,0.13,0.0,0.0,0
2025-02-01 22:00:00,766,curing,30.19,31.52,29.88,30.93,22.42,23.38,49.5,51.66,35.15,36.28,8.0,0.13,0.0,0.0,0
2025-02-01 23:00:00,767,curing,30.08,31.68,29.56,30.97,22.39,23.42,49.38,51.82,35.03,36.15,8.0,0.13,0.0,0.0,0
2025-02-02 00:00:00,768,curing,29.95,31.17,29.13,30.17,22.41,23.27,49.44,51.45,35.02,35.96,8.04,0.0,0.0,0.0,1
2025-02-02 01:00:00,769,curing,30.48,30.98,28.89,30.79,22.21,23.4,49.18,51.54,35.18,35.88,8.0,0.13,0.0,0.0,0
2025-02-02 02:00:00,770,curing,30.48,31.21,29.14,30.48,22.32,23.31,49.22,51.52,35.0,35.89,8.0,0.13,0.0,0.0,0
2025-02-02 03:00:00,771,curing,30.42,31.24,28.93,30.51,22.32,23.34,49.35,51.64,35.1,35.76,8.0,0.13,0.0,0.0,0
2025-02-02 04:00:00,772,curing,30.22,31.3,29.04,30.19,22.4,23.3,49.26,51.42,35.13,35.71,8.0,0.13,0.0,0.0,0
2025-02-02 05:00:00,773,curing,30.42,31.38,29.01,30.43,22.42,23.35,49.18,51.41,35.04,35.98,8.0,0.13,0.0,0.0,0
2025-02-02 06:00:00,774,curing,30.18,30.9,28.99,30.52,22.26,23.4,49.49,51.31,35.05,35.88,8.0,0.13,0.0,0.0,0
2025-02-02 07:00:00,775,curing,30.21,31.06,28.95,30.38,22.42,23.3,49.23,51.49,34.92,35.89,8.0,0.13,0.0,0.0,0
2025-02-02 08:00:00,776,curing,29.98,31.06,28.84,30.62,22.28,23.4,49.3,51.44,34.99,35.78,8.0,0.13,0.0,0.0,0
2025-02-02 09:00:00,777,curing,30.25,31.04,29.22,30.84,22.28,23.28,49.29,51.49,35.11,35.81,8.0,0.13,0.0,0.0,0
2025-02-02 10:00:00,778,curing,30.19,30.94,28.72,30.26,22.33,23.35,49.37,51.33,35.05,35.96,8.0,0.13,0.0,0.0,0
2025-02-02 11:00:00,779,curing,29.94,30.79,28.88,30.24,22.32,23.34,49.35,51.46,35.07,36.01,8.0,0.13,0.0,0.0,0
2025-02-02 12:00:00,780,curing,30.17,31.08,28.89,30.27,22.26,23.25,49.24,51.45,35.05,35.83,8.8,0.0,0.0,0.0,1
2025-02-02 13:00:00,781,curing,30.16,30.92,28.96,30.71,22.37,23.32,49.28,51.44,35.21,35.93,8.08,0.13,0.0,0.0,0
2025-02-02 14:00:00,782,curing,30.5,31.08,28.81,30.61,22.38,23.31,49.29,51.37,35.01,35.89,8.17,0.13,0.0,0.0,0
2025-02-02 15:00:00,783,curing,30.33,30.92,28.94,30.4,22.4,23.27,49.38,51.53,35.16,35.87,8.25,0.13,0.0,0.0,0
2025-02-02 16:00:00,784,curing,30.18,30.86,28.85,30.43,22.32,23.33,49.21,51.61,35.05,36.02,8.33,0.13,0.0,0.0,0
2025-02-02 17:00:00,785,curing,30.22,31.1,28.6,30.28,22.34,23.32,49.49,51.33,35.17,35.84,8.4,0.13,0.0,0.0,0
2025-02-02 18:00:00,786,curing,30.18,31.09,28.89,30.59,22.34,23.31,49.25,51.49,34.95,35.97,8.47,0.13,0.0,0.0,0
2025-02-02 19:00:00,787,curing,30.14,31.17,28.69,30.36,22.43,23.31,49.31,51.18,35.06,35.91,8.54,0.13,0.0,0.0,0
2025-02-02 20:00:00,788,curing,29.98,31.46,28.58,30.38,22.19,23.31,49.21,51.49,35.02,35.88,8.59,0.13,0.0,0.0,0
2025-02-02 21:00:00,789,curing,30.15,31.11,28.91,30.54,22.29,23.29,49.2,51.26,35.05,35.99,8.65,0.13,0.0,0.0,0
2025-02-02 22:00:00,790,curing,30.04,31.15,28.97,30.39,22.34,23.32,49.24,51.38,35.13,35.9,8.69,0.13,0.0,0.0,0
2025-02-02 23:00:00,791,curing,29.95,30.87,28.98,30.39,22.28,23.28,49.23,51.31,35.07,35.87,8.73,0.13,0.0,0.0,0
2025-02-03 00:00:00,792,curing,28.86,30.11,28.8,29.99,22.29,23.38,49.07,51.04,34.98,35.73,9.56,0.0,0.0,0.0,1
2025-02-03 01:00:00,793,curing,28.84,30.63,28.35,30.13,22.3,23.16,49.02,51.14,34.84,35.72,8.78,0.13,0.0,0.0,0
2025-02-03 02:00:00,794,curing,28.45,30.17,28.45,30.28,22.27,23.2,49.17,50.9,34.82,35.71,8.8,0.13,0.0,0.0,0
2025-02-03 03:00:00,795,curing,28.75,30.15,29.05,30.09,22.31,23.21,49.04,51.03,34.89,35.32,8.8,0.13,0.0,0.0,0
2025-02-03 04:00:00,796,curing,28.94,30.33,28.51,30.13,22.34,23.35,49.03,51.02,34.88,35.65,8.8,0.13,0.0,0.0,0
2025-02-03 05:00:00,797,curing,28.96,30.32,28.8,29.95,22.3,23.17,49.07,51.2,34.87,35.64,8.78,0.13,0.0,0.0,0
2025-02-03 06:00:00,798,curing,28.95,30.18,28.57,29.86,22.28,23.26,49.19,51.1,34.81,35.62,8.76,0.13,0.0,0.0,0
2025-02-03 07:00:00,799,curing,28.77,30.28,28.71,30.1,22.3,23.25,49.12,50.96,34.97,35.67,8.73,0.13,0.0,0.0,0
2025-02-03 08:00:00,800,curing,28.62,30.56,28.58,30.02,22.31,23.25,49.1,51.02,34.86,35.64,8.69,0.13,0.0,0.0,0
2025-02-03 09:00:00,801,curing,28.57,30.19,28.79,29.73,22.21,23.3,48.98,51.2,34.99,35.67,8.65,0.13,0.0,0.0,0
2025-02-03 10:00:00,802,curing,28.83,30.09,28.72,29.93,22.33,23.3,49.01,51.12,34.89,35.6,8.59,0.13,0.0,0.0,0
2025-02-03 11:00:00,803,curing,28.84,30.51,28.62,29.97,22.28,23.21,49.0,50.98,34.93,35.74,8.54,0.13,0.0,0.0,0
2025-02-03 12:00:00,804,curing,29.0,30.43,28.51,29.89,22.38,23.25,49.22,51.04,34.93,35.68,9.27,0.0,0.0,0.0,1
2025-02-03 13:00:00,805,curing,28.96,30.23,28.74,30.25,22.34,23.14,49.15,51.04,34.82,35.66,8.4,0.13,0.0,0.0,0
2025-02-03 14:00:00,806,curing,28.74,30.05,28.48,30.07,22.37,23.24,49.03,51.01,34.91,35.66,8.33,0.13,0.0,0.0,0
2025-02-03 15:00:00,807,curing,28.55,30.2,28.77,30.23,22.25,23.19,49.06,50.91,35.03,35.71,8.25,0.13,0.0,0.0,0
2025-02-03 16:00:00,808,curing,28.71,30.33,29.16,30.03,22.29,23.23,49.03,51.0,34.9,35.7,8.17,0.13,0.0,0.0,0
2025-02-03 17:00:00,809,curing,28.81,30.55,28.93,30.0,22.24,23.15,49.03,51.18,34.95,35.61,8.08,0.13,0.0,0.0,0
2025-02-03 18:00:00,810,curing,28.73,30.15,28.82,29.82,22.27,23.26,49.14,51.03,34.94,35.7,8.0,0.13,0.0,0.0,0
2025-02-03 19:00:00,811,curing,28.66,30.32,28.68,29.99,22.37,23.14,49.08,51.05,34.91,35.63,8.0,0.13,0.0,0.0,0
2025-02-03 20:00:00,812,curing,28.81,30.46,28.35,29.99,22.39,23.24,49.28,51.07,34.9,35.77,8.0,0.13,0.0,0.0,0
2025-02-03 21:00:00,813,curing,28.68,29.91,28.46,29.74,22.25,23.17,49.21,51.26,34.93,35.7,8.0,0.13,0.0,0.0,0
2025-02-03 22:00:00,814,curing,28.66,30.53,28.92,29.89,22.28,23.19,49.22,51.06,34.94,35.57,8.0,0.13,0.0,0.0,0
2025-02-03 23:00:00,815,curing,28.82,30.12,28.56,29.93,22.3,23.3,49.16,51.16,34.79,35.8,8.0,0.13,0.0,0.0,0
2025-02-04 00:00:00,816,curing,28.64,30.25,27.73,29.56,22.31,23.19,48.83,50.67,34.74,35.2,8.33,0.0,0.0,0.0,1
2025-02-04 01:00:00,817,curing,28.76,30.24,27.82,29.57,22.18,23.22,48.92,50.7,34.71,35.41,8.0,0.13,0.0,0.0,0
2025-02-04 02:00:00,818,curing,28.76,30.39,27.66,29.38,22.19,23.25,48.84,50.72,34.7,35.31,8.0,0.13,0.0,0.0,0
2025-02-04 03:00:00,819,curing,28.51,30.29,27.63,29.57,22.3,23.12,49.01,50.65,34.82,35.51,8.0,0.13,0.0,0.0,0
2025-02-04 04:00:00,820,curing,28.63,29.76,27.84,29.45,22.17,23.24,48.91,50.7,34.67,35.38,8.0,0.13,0.0,0.0,0
2025-02-04 05:00:00,821,curing,28.97,30.05,27.69,28.97,22.25,23.08,48.89,50.8,34.62,35.3,8.0,0.12,0.0,0.0,0
2025-02-04 06:00:00,822,curing,28.51,30.22,27.72,29.4,22.28,23.2,48.88,50.65,34.79,35.34,8.0,0.12,0.0,0.0,0
2025-02-04 07:00:00,823,curing,28.34,30.16,27.71,29.68,22.3,23.13,49.02,50.72,34.62,35.3,8.0,0.13,0.0,0.0,0
2025-02-04 08:00:00,824,curing,28.38,30.28,27.94,29.19,22.27,23.11,48.75,50.78,34.58,35.34,8.0,0.13,0.0,0.0,0
2025-02-04 09:00:00,825,curing,28.72,30.34,27.81,29.51,22.26,23.19,49.03,50.65,34.79,35.33,8.0,0.13,0.0,0.0,0
2025-02-04 10:00:00,826,curing,28.72,30.3,27.82,29.77,22.32,23.21,48.85,50.82,34.74,35.3,8.0,0.13,0.0,0.0,0
2025-02-04 11:00:00,827,curing,28.69,30.15,27.96,29.35,22.29,23.21,48.75,50.73,34.76,35.38,8.0,0.13,0.0,0.0,0
2025-02-04 12:00:00,828,curing,28.93,29.86,27.83,29.49,22.24,23.17,48.81,50.71,34.69,35.39,8.04,0.0,0.0,0.0,1
2025-02-04 13:00:00,829,curing,28.24,30.11,27.8,29.25,22.28,23.17,48.73,50.55,34.62,35.28,8.0,0.13,0.0,0.0,0
2025-02-04 14:00:00,830,curing,28.78,30.27,27.93,29.78,22.3,23.19,48.93,50.69,34.64,35.23,8.0,0.12,0.0,0.0,0
2025-02-04 15:00:00,831,curing,28.99,30.0,27.97,29.47,22.37,23.18,48.78,50.75,34.71,35.38,8.0,0.13,0.0,0.0,0
2025-02-04 16:00:00,832,curing,28.51,30.31,27.83,29.5,22.32,23.19,48.89,50.87,34.63,35.4,8.0,0.12,0.0,0.0,0
2025-02-04 17:00:00,833,curing,28.64,30.36,27.87,29.73,22.34,23.17,48.97,50.77,34.75,35.42,8.0,0.12,0.0,0.0,0
2025-02-04 18:00:00,834,curing,28.58,30.22,27.71,29.61,22.24,23.21,48.81,50.82,34.69,35.4,8.0,0.13,0.0,0.0,0
2025-02-04 19:00:00,835,curing,28.55,29.64,27.7,29.33,22.25,23.07,48.85,50.62,34.74,35.48,8.0,0.12,0.0,0.0,0
2025-02-04 20:00:00,836,curing,28.65,29.96,27.99,29.37,22.26,23.15,48.76,50.71,34.74,35.44,8.0,0.13,0.0,0.0,0
2025-02-04 21:00:00,837,curing,28.97,30.54,27.93,29.58,22.27,23.09,48.84,50.83,34.75,35.57,8.0,0.13,0.0,0.0,0
2025-02-04 22:00:00,838,curing,29.04,30.09,27.93,29.38,22.22,23.18,49.09,50.64,34.76,35.6,8.0,0.13,0.0,0.0,0
2025-02-04 23:00:00,839,curing,28.65,29.83,27.9,29.11,22.34,23.25,48.94,50.81,34.7,35.22,8.0,0.13,0.0,0.0,0
2025-02-05 00:00:00,840,curing,28.73,29.32,27.52,28.87,22.29,23.06,48.54,50.51,34.58,34.93,8.8,0.0,0.0,0.0,1
2025-02-05 01:00:00,841,curing,28.4,29.1,27.64,28.62,22.23,23.09,48.51,50.47,34.58,35.1,8.08,0.12,0.0,0.0,0
2025-02-05 02:00:00,842,curing,28.7,29.3,27.68,29.17,22.28,23.13,48.56,50.42,34.39,35.14,8.17,0.12,0.0,0.0,0
2025-02-05 03:00:00,843,curing,28.37,29.15,27.67,28.91,22.25,22.98,48.58,50.36,34.62,35.09,8.25,0.12,0.0,0.0,0
2025-02-05 04:00:00,844,curing,28.41,29.18,27.49,28.72,22.28,23.06,48.53,50.6,34.58,35.15,8.33,0.12,0.0,0.0,0
2025-02-05 05:00:00,845,curing,28.45,29.16,27.76,28.76,22.17,23.11,48.61,50.5,34.61,35.08,8.4,0.12,0.0,0.0,0
2025-02-05 06:00:00,846,curing,28.96,29.22,27.55,28.54,22.23,22.93,48.49,50.48,34.47,35.05,8.47,0.12,0.0,0.0,0
2025-02-05 07:00:00,847,curing,28.54,29.51,27.62,28.69,22.24,23.03,48.49,50.41,34.54,35.06,8.54,0.13,0.0,0.0,0
2025-02-05 08:00:00,848,curing,28.26,29.27,27.56,29.06,22.28,23.15,48.6,50.45,34.49,35.08,8.59,0.13,0.0,0.0,0
2025-02-05 09:00:00,849,curing,28.56,28.81,27.56,29.28,22.21,23.14,48.47,50.46,34.62,35.17,8.65,0.12,0.0,0.0,0
2025-02-05 10:00:00,850,curing,28.32,29.18,27.38,29.01,22.11,23.11,48.63,50.48,34.46,35.06,8.69,0.12,0.0,0.0,0
2025-02-05 11:00:00,851,curing,28.3,29.3,27.64,28.87,22.18,23.13,48.57,50.51,34.5,35.08,8.73,0.12,0.0,0.0,0
2025-02-05 12:00:00,852,curing,28.55,29.31,28.02,28.8,22.24,23.1,48.41,50.38,34.61,35.14,9.56,0.0,0.0,0.0,1
2025-02-05 13:00:00,853,curing,28.39,29.02,27.45,28.71,22.25,23.12,48.58,50.32,34.52,35.08,8.78,0.12,0.0,0.0,0
2025-02-05 14:00:00,854,curing,28.44,29.31,27.52,29.25,22.33,23.07,48.42,50.46,34.5,35.19,8.8,0.12,0.0,0.0,0
2025-02-05 15:00:00,855,curing,28.39,29.26,27.43,28.85,22.27,23.09,48.63,50.29,34.63,35.03,8.8,0.13,0.0,0.0,0
2025-02-05 16:00:00,856,curing,28.45,29.56,27.43,29.26,22.25,23.05,48.55,50.42,34.64,35.01,8.8,0.12,0.0,0.0,0
2025-02-05 17:00:00,857,curing,28.46,28.96,27.79,29.13,22.24,23.15,48.73,50.4,34.62,35.12,8.78,0.12,0.0,0.0,0
2025-02-05 18:00:00,858,curing,28.04,29.0,27.39,28.57,22.3,23.17,48.66,50.49,34.63,35.13,8.76,0.12,0.0,0.0,0
2025-02-05 19:00:00,859,curing,28.51,29.04,27.43,28.76,22.21,23.16,48.48,50.62,34.55,35.03,8.73,0.12,0.0,0.0,0
2025-02-05 20:00:00,860,curing,28.21,29.01,27.23,28.76,22.24,23.06,48.39,50.28,34.55,35.2,8.69,0.12,0.0,0.0,0
2025-02-05 21:00:00,861,curing,28.13,28.93,27.38,28.87,22.18,23.04,48.5,50.65,34.52,35.25,8.65,0.12,0.0,0.0,0
2025-02-05 22:00:00,862,curing,28.38,28.59,27.21,28.87,22.32,23.16,48.46,50.43,34.58,35.05,8.59,0.12,0.0,0.0,0
2025-02-05 23:00:00,863,curing,28.4,29.02,27.62,29.42,22.26,23.12,48.72,50.48,34.53,35.22,8.54,0.12,0.0,0.0,0
2025-02-06 00:00:00,864,curing,28.03,28.97,27.66,28.15,22.16,23.03,48.26,50.05,34.31,34.75,9.27,0.0,0.0,0.0,1
2025-02-06 01:00:00,865,curing,28.3,28.82,27.1,28.38,22.19,22.98,48.34,50.26,34.38,35.02,8.4,0.12,0.0,0.0,0
2025-02-06 02:00:00,866,curing,27.91,29.26,26.86,28.45,22.22,23.04,48.24,50.18,34.43,34.87,8.33,0.12,0.0,0.0,0
2025-02-06 03:00:00,867,curing,28.08,28.91,27.32,28.34,22.18,22.96,48.25,50.17,34.37,35.01,8.25,0.12,0.0,0.0,0
2025-02-06 04:00:00,868,curing,28.04,29.14,27.03,28.36,22.16,23.05,48.26,50.0,34.47,34.86,8.17,0.12,0.0,0.0,0
2025-02-06 05:00:00,869,curing,28.14,28.95,27.39,28.15,22.16,23.09,48.36,50.18,34.29,34.93,8.08,0.12,0.0,0.0,0
2025-02-06 06:00:00,870,curing,28.2,29.06,27.11,28.36,22.21,23.1,48.29,50.25,34.2,34.87,8.0,0.12,0.0,0.0,0
2025-02-06 07:00:00,871,curing,27.97,28.96,27.05,28.43,22.17,23.05,48.17,50.15,34.39,34.92,8.0,0.12,0.0,0.0,0
2025-02-06 08:00:00,872,curing,28.28,29.16,27.13,28.4,22.17,22.94,48.4,50.28,34.28,35.08,8.0,0.12,0.0,0.0,0
2025-02-06 09:00:00,873,curing,28.16,28.92,27.29,28.44,22.12,23.03,48.24,50.27,34.32,34.92,8.0,0.12,0.0,0.0,0
2025-02-06 10:00:00,874,curing,27.81,29.0,27.12,28.59,22.2,23.13,48.22,50.12,34.21,35.1,8.0,0.12,0.0,0.0,0
2025-02-06 11:00:00,875,curing,27.8,28.97,27.07,28.51,22.18,22.97,48.02,50.31,34.27,34.9,8.0,0.12,0.0,0.0,0
2025-02-06 12:00:00,876,curing,28.15,28.85,27.13,28.35,22.18,23.01,48.32,50.18,34.23,35.05,8.33,0.0,0.0,0.0,1
2025-02-06 13:00:00,877,curing,28.11,28.98,26.93,28.13,22.2,23.09,48.27,50.18,34.31,34.81,8.0,0.12,0.0,0.0,0
2025-02-06 14:00:00,878,curing,28.13,29.31,27.23,28.23,22.23,23.05,48.27,50.18,34.31,34.91,8.0,0.12,0.0,0.0,0
2025-02-06 15:00:00,879,curing,28.14,28.86,26.84,28.3,22.23,23.15,48.23,50.18,34.35,34.89,8.0,0.12,0.0,0.0,0
2025-02-06 16:00:00,880,curing,28.19,28.98,27.08,28.39,22.22,22.98,48.21,49.94,34.43,35.05,8.0,0.12,0.0,0.0,0
2025-02-06 17:00:00,881,curing,28.32,29.14,27.3,28.26,22.18,22.96,48.23,50.16,34.39,34.95,8.0,0.12,0.0,0.0,0
2025-02-06 18:00:00,882,curing,27.95,29.11,27.21,28.17,22.16,23.08,48.3,50.05,34.22,34.77,8.0,0.12,0.0,0.0,0
2025-02-06 19:00:00,883,curing,27.94,28.91,27.27,28.13,22.14,22.95,48.32,50.32,34.38,34.83,8.0,0.12,0.0,0.0,0
2025-02-06 20:00:00,884,curing,27.95,28.47,27.15,28.05,22.16,23.01,48.24,50.31,34.35,34.85,8.0,0.12,0.0,0.0,0
2025-02-06 21:00:00,885,curing,28.2,29.0,27.37,28.3,22.19,23.01,48.35,50.25,34.33,35.01,8.0,0.12,0.0,0.0,0
2025-02-06 22:00:00,886,curing,28.37,28.5,27.32,28.08,22.15,23.07,48.26,50.15,34.34,35.0,8.0,0.12,0.0,0.0,0
2025-02-06 23:00:00,887,curing,28.07,29.17,27.24,28.16,22.2,23.05,48.22,50.09,34.35,34.91,8.0,0.12,0.0,0.0,0
2025-02-07 00:00:00,888,curing,27.55,28.34,27.06,28.08,22.08,22.97,47.98,49.84,34.01,34.79,8.04,0.0,0.0,0.0,1
2025-02-07 01:00:00,889,curing,27.7,28.49,27.03,27.91,22.04,22.93,47.84,50.07,34.05,34.88,8.0,0.12,0.0,0.0,0
2025-02-07 02:00:00,890,curing,27.85,28.15,26.82,28.22,22.18,23.01,47.98,49.84,34.15,34.74,8.0,0.12,0.0,0.0,0
2025-02-07 03:00:00,891,curing,27.9,28.03,26.66,28.28,22.11,23.16,47.83,49.69,34.01,34.86,8.0,0.12,0.0,0.0,0
2025-02-07 04:00:00,892,curing,27.93,28.36,26.97,28.05,22.09,22.98,47.87,49.99,33.99,34.86,8.0,0.12,0.0,0.0,0
2025-02-07 05:00:00,893,curing,28.01,28.3,27.0,28.07,22.07,22.95,47.79,50.03,34.06,34.81,8.0,0.12,0.0,0.0,0
2025-02-07 06:00:00,894,curing,27.94,28.22,27.09,28.25,22.16,22.88,47.95,50.05,33.98,34.86,8.0,0.12,0.0,0.0,0
2025-02-07 07:00:00,895,curing,28.19,28.33,26.73,28.02,22.21,22.91,48.1,49.99,33.94,34.84,8.0,0.12,0.0,0.0,0
2025-02-07 08:00:00,896,curing,27.88,28.81,26.74,28.01,22.11,22.94,47.95,50.01,34.04,34.87,8.0,0.12,0.0,0.0,0
2025-02-07 09:00:00,897,curing,27.85,28.46,26.98,28.36,22.12,22.92,48.02,49.9,34.17,34.72,8.0,0.12,0.0,0.0,0
2025-02-07 10:00:00,898,curing,28.09,28.5,26.89,28.31,22.19,22.95,48.16,49.72,34.06,34.88,8.0,0.12,0.0,0.0,0
2025-02-07 11:00:00,899,curing,27.73,28.46,26.57,28.26,22.04,23.04,47.99,49.9,34.08,34.91,8.0,0.12,0.0,0.0,0
2025-02-07 12:00:00,900,curing,28.07,28.58,26.97,28.32,22.24,23.01,47.89,49.95,33.91,34.85,8.8,0.0,0.0,0.0,1
2025-02-07 13:00:00,901,curing,28.02,28.28,26.57,27.8,22.26,22.94,47.91,49.89,34.1,34.88,8.08,0.12,0.0,0.0,0
2025-02-07 14:00:00,902,curing,27.97,27.94,26.73,28.39,21.99,22.88,47.96,49.88,34.07,34.82,8.17,0.12,0.0,0.0,0
2025-02-07 15:00:00,903,curing,28.28,28.28,27.14,28.22,22.13,23.02,47.91,49.82,34.01,34.9,8.25,0.12,0.0,0.0,0
2025-02-07 16:00:00,904,curing,27.89,28.46,27.22,28.33,22.09,22.94,47.91,49.81,34.08,34.83,8.33,0.12,0.0,0.0,0
2025-02-07 17:00:00,905,curing,28.37,28.13,26.68,28.22,22.12,22.85,48.04,50.06,34.08,34.74,8.4,0.12,0.0,0.0,0
2025-02-07 18:00:00,906,curing,27.96,28.28,26.84,28.16,22.11,22.99,48.05,50.06,33.99,34.89,8.47,0.12,0.0,0.0,0
2025-02-07 19:00:00,907,curing,27.77,28.18,26.91,28.1,22.18,23.0,47.82,49.9,34.09,34.7,8.54,0.12,0.0,0.0,0
2025-02-07 20:00:00,908,curing,28.01,28.58,27.22,28.22,22.13,22.82,47.89,49.92,34.15,34.85,8.59,0.12,0.0,0.0,0
2025-02-07 21:00:00,909,curing,27.81,28.45,26.81,28.09,22.08,22.9,47.92,49.81,34.05,34.8,8.65,0.12,0.0,0.0,0
2025-02-07 22:00:00,910,curing,27.87,28.43,26.82,28.31,22.12,22.94,48.01,49.96,34.0,34.79,8.69,0.12,0.0,0.0,0
2025-02-07 23:00:00,911,curing,28.07,28.42,27.17,27.87,22.16,22.99,48.06,50.05,34.05,34.84,8.73,0.12,0.0,0.0,0
2025-02-08 00:00:00,912,curing,27.57,28.46,26.51,27.28,22.01,22.85,47.88,49.49,33.85,34.67,9.56,0.0,0.0,0.0,1
2025-02-08 01:00:00,913,curing,27.36,28.5,26.7,27.74,21.98,22.83,47.61,49.66,33.7,34.76,8.78,0.12,0.0,0.0,0
2025-02-08 02:00:00,914,curing,27.65,28.25,26.31,27.27,22.18,22.92,47.62,49.67,33.83,34.73,8.8,0.12,0.0,0.0,0
2025-02-08 03:00:00,915,curing,27.68,28.07,26.55,27.34,22.04,22.85,47.7,49.67,33.74,34.68,8.8,0.12,0.0,0.0,0
2025-02-08 04:00:00,916,curing,27.73,28.49,26.28,27.22,22.06,22.91,47.59,49.77,33.81,34.83,8.8,0.12,0.0,0.0,0
2025-02-08 05:00:00,917,curing,27.56,28.53,26.39,27.44,22.05,22.82,47.64,49.8,33.75,34.74,8.78,0.12,0.0,0.0,0
2025-02-08 06:00:00,918,curing,27.71,28.69,26.73,27.25,22.1,22.81,47.62,49.6,33.75,34.77,8.76,0.12,0.0,0.0,0
2025-02-08 07:00:00,919,curing,27.13,28.75,26.57,27.34,22.17,22.92,47.43,49.68,33.9,34.83,8.73,0.12,0.0,0.0,0
2025-02-08 08:00:00,920,curing,27.41,28.75,26.52,27.53,22.1,22.89,47.66,49.63,33.68,34.83,8.69,0.12,0.0,0.0,0
2025-02-08 09:00:00,921,curing,27.31,28.29,26.44,27.25,21.99,22.93,47.64,49.57,33.82,34.77,8.65,0.12,0.0,0.0,0
2025-02-08 10:00:00,922,curing,27.49,28.4,26.54,27.52,22.0,22.85,47.76,49.65,33.92,34.7,8.59,0.12,0.0,0.0,0
2025-02-08 11:00:00,923,curing,27.37,28.55,26.63,27.52,22.05,22.84,47.65,49.68,33.84,34.61,8.54,0.12,0.0,0.0,0
2025-02-08 12:00:00,924,curing,27.44,28.93,26.75,27.57,22.06,22.95,47.54,49.64,33.69,34.74,9.27,0.0,0.0,0.0,1
2025-02-08 13:00:00,925,curing,27.8,28.74,26.11,27.4,21.98,22.8,47.63,49.55,33.69,34.81,8.4,0.12,0.0,0.0,0
2025-02-08 14:00:00,926,curing,27.44,28.67,26.43,27.96,22.12,22.95,47.47,49.58,33.73,34.75,8.33,0.12,0.0,0.0,0
2025-02-08 15:00:00,927,curing,27.54,28.4,26.6,27.57,22.01,22.95,47.55,49.58,33.8,34.46,8.25,0.12,0.0,0.0,0
2025-02-08 16:00:00,928,curing,27.43,28.31,26.56,27.44,22.15,22.92,47.71,49.55,33.81,34.79,8.17,0.12,0.0,0.0,0
2025-02-08 17:00:00,929,curing,27.48,28.61,26.65,27.22,22.17,22.84,47.63,49.65,33.69,34.8,8.08,0.12,0.0,0.0,0
2025-02-08 18:00:00,930,curing,27.47,28.27,26.62,27.36,22.06,22.83,47.73,49.66,33.72,34.7,8.0,0.12,0.0,0.0,0
2025-02-08 19:00:00,931,curing,27.55,28.42,26.52,27.63,22.1,22.87,47.48,49.71,33.73,34.8,8.0,0.12,0.0,0.0,0
2025-02-08 20:00:00,932,curing,27.68,28.45,26.48,27.68,22.01,22.81,47.63,49.55,33.78,34.77,8.0,0.12,0.0,0.0,0
2025-02-08 21:00:00,933,curing,27.76,28.76,26.53,27.64,22.11,22.83,47.61,49.57,33.94,34.67,8.0,0.12,0.0,0.0,0
2025-02-08 22:00:00,934,curing,27.52,28.4,26.78,27.52,22.05,22.91,47.73,49.76,33.72,34.82,8.0,0.12,0.0,0.0,0
2025-02-08 23:00:00,935,curing,27.57,28.02,26.45,27.15,22.01,22.91,47.71,49.61,33.72,34.62,8.0,0.12,0.0,0.0,0
2025-02-09 00:00:00,936,curing,26.64,28.25,26.15,27.03,22.0,22.75,47.33,49.3,33.43,34.61,8.33,0.0,0.0,0.0,1
2025-02-09 01:00:00,937,curing,26.83,28.04,26.2,26.72,21.99,22.85,47.41,49.29,33.56,34.61,8.0,0.12,0.0,0.0,0
2025-02-09 02:00:00,938,curing,27.01,28.17,26.44,26.68,21.99,22.83,47.24,49.4,33.51,34.55,8.0,0.12,0.0,0.0,0
2025-02-09 03:00:00,939,curing,27.0,28.15,26.11,26.99,22.06,22.89,47.39,49.4,33.45,34.64,8.0,0.12,0.0,0.0,0
2025-02-09 04:00:00,940,curing,26.88,28.11,26.33,27.04,21.97,22.84,47.19,49.4,33.49,34.72,8.0,0.12,0.0,0.0,0
2025-02-09 05:00:00,941,curing,27.0,28.31,26.38,27.11,22.1,22.87,47.18,49.3,33.46,34.72,8.0,0.12,0.0,0.0,0
2025-02-09 06:00:00,942,curing,26.93,27.88,26.15,27.03,21.94,22.84,47.34,49.23,33.54,34.67,8.0,0.12,0.0,0.0,0
2025-02-09 07:00:00,943,curing,27.06,28.07,26.13,27.04,22.1,22.86,47.15,49.47,33.71,34.49,8.0,0.12,0.0,0.0,0
2025-02-09 08:00:00,944,curing,26.89,28.29,26.11,26.77,21.96,22.74,47.32,49.38,33.55,34.51,8.0,0.12,0.0,0.0,0
2025-02-09 09:00:00,945,curing,26.78,28.05,26.12,26.93,22.01,22.8,47.28,49.26,33.51,34.63,8.0,0.12,0.0,0.0,0
2025-02-09 10:00:00,946,curing,26.9,27.87,26.32,26.67,21.99,22.81,47.37,49.43,33.46,34.62,8.0,0.12,0.0,0.0,0
2025-02-09 11:00:00,947,curing,26.32,28.28,26.21,26.59,21.99,22.8,47.27,49.25,33.41,34.58,8.0,0.12,0.0,0.0,0
2025-02-09 12:00:00,948,curing,26.91,28.37,26.21,27.08,22.05,22.83,47.28,49.43,33.57,34.77,8.04,0.0,0.0,0.0,1
2025-02-09 13:00:00,949,curing,26.19,28.15,25.96,26.81,22.09,22.84,47.32,49.43,33.56,34.63,8.0,0.12,0.0,0.0,0
2025-02-09 14:00:00,950,curing,26.53,27.81,25.99,27.1,22.07,22.83,47.22,49.22,33.48,34.66,8.0,0.12,0.0,0.0,0
2025-02-09 15:00:00,951,curing,26.92,28.29,26.54,27.14,21.99,22.8,47.21,49.35,33.6,34.7,8.0,0.12,0.0,0.0,0
2025-02-09 16:00:00,952,curing,26.93,27.86,26.13,26.83,22.02,22.77,47.32,49.37,33.52,34.62,8.0,0.12,0.0,0.0,0
2025-02-09 17:00:00,953,curing,26.63,28.22,26.03,27.05,21.97,22.87,47.27,49.53,33.57,34.82,8.0,0.12,0.0,0.0,0
2025-02-09 18:00:00,954,curing,26.71,28.0,26.42,26.83,21.96,22.83,47.24,49.24,33.54,34.55,8.0,0.12,0.0,0.0,0
2025-02-09 19:00:00,955,curing,27.09,27.95,26.21,26.61,21.95,22.76,47.27,49.43,33.5,34.57,8.0,0.12,0.0,0.0,0
2025-02-09 20:00:00,956,curing,26.76,28.08,26.27,26.97,21.99,22.8,47.41,49.3,33.44,34.54,8.0,0.12,0.0,0.0,0
2025-02-09 21:00:00,957,curing,27.24,28.13,26.14,26.86,22.02,22.72,47.24,49.19,33.5,34.74,8.0,0.12,0.0,0.0,0
2025-02-09 22:00:00,958,curing,26.84,28.05,26.11,26.87,21.91,22.81,47.23,49.29,33.58,34.68,8.0,0.12,0.0,0.0,0
2025-02-09 23:00:00,959,curing,26.91,28.27,26.13,27.3,22.01,22.8,47.13,49.3,33.48,34.58,8.0,0.12,0.0,0.0,0
2025-02-10 00:00:00,960,curing,27.11,27.46,25.14,27.2,22.03,22.71,46.9,48.89,33.27,34.45,8.8,0.0,0.0,0.0,1
2025-02-10 01:00:00,961,curing,26.84,27.72,25.37,27.55,22.01,22.83,46.96,49.01,33.16,34.62,8.08,0.12,0.0,0.0,0
2025-02-10 02:00:00,962,curing,26.64,27.59,25.44,27.3,21.92,22.68,46.97,49.06,33.3,34.54,8.17,0.12,0.0,0.0,0
2025-02-10 03:00:00,963,curing,26.8,27.41,25.72,27.64,21.88,22.78,46.91,49.0,33.26,34.62,8.25,0.12,0.0,0.0,0
2025-02-10 04:00:00,964,curing,26.81,27.38,25.4,27.53,21.98,22.86,46.98,48.93,33.15,34.51,8.33,0.12,0.0,0.0,0
2025-02-10 05:00:00,965,curing,26.58,27.24,24.97,27.55,21.83,22.8,46.96,48.97,33.22,34.55,8.4,0.12,0.0,0.0,0
2025-02-10 06:00:00,966,curing,26.77,27.59,25.37,27.31,22.01,22.74,46.99,48.98,33.31,34.54,8.47,0.12,0.0,0.0,0
2025-02-10 07:00:00,967,curing,26.69,27.48,25.87,27.34,21.94,22.68,46.98,49.0,33.15,34.46,8.54,0.12,0.0,0.0,0
2025-02-10 08:00:00,968,curing,26.98,27.11,25.54,27.64,22.05,22.67,47.03,49.08,33.16,34.5,8.59,0.12,0.0,0.0,0
2025-02-10 09:00:00,969,curing,26.83,27.44,25.24,27.79,21.86,22.72,46.88,49.0,33.23,34.42,8.65,0.12,0.0,0.0,0
2025-02-10 10:00:00,970,curing,26.77,27.38,25.49,27.56,22.0,22.71,46.78,48.86,33.4,34.55,8.69,0.12,0.0,0.0,0
2025-02-10 11:00:00,971,curing,26.8,27.83,25.26,27.32,21.95,22.7,46.96,48.93,33.19,34.57,8.73,0.11,0.0,0.0,0
2025-02-10 12:00:00,972,curing,26.86,27.23,25.15,27.54,21.93,22.72,46.97,48.99,33.28,34.59,9.56,0.0,0.0,0.0,1
2025-02-10 13:00:00,973,curing,26.93,27.28,25.33,27.91,21.88,22.74,47.03,49.08,33.26,34.57,8.78,0.12,0.0,0.0,0
2025-02-10 14:00:00,974,curing,26.64,27.74,25.4,27.5,21.98,22.77,47.01,49.09,33.2,34.5,8.8,0.12,0.0,0.0,0
2025-02-10 15:00:00,975,curing,26.63,27.79,25.05,27.74,21.99,22.68,47.07,49.14,33.25,34.63,8.8,0.12,0.0,0.0,0
2025-02-10 16:00:00,976,curing,27.02,27.41,25.18,27.35,22.05,22.71,46.95,48.99,33.21,34.58,8.8,0.12,0.0,0.0,0
2025-02-10 17:00:00,977,curing,26.75,27.43,25.39,27.47,22.0,22.73,46.92,49.05,33.21,34.62,8.78,0.12,0.0,0.0,0
2025-02-10 18:00:00,978,curing,26.57,27.65,25.31,27.59,21.92,22.73,46.78,48.85,33.12,34.63,8.76,0.12,0.0,0.0,0
2025-02-10 19:00:00,979,curing,26.9,27.12,25.46,27.55,21.9,22.84,46.93,49.02,33.24,34.5,8.73,0.12,0.0,0.0,0
2025-02-10 20:00:00,980,curing,26.9,27.2,25.17,27.34,21.88,22.75,46.85,48.89,33.31,34.54,8.69,0.12,0.0,0.0,0
2025-02-10 21:00:00,981,curing,26.55,27.49,25.51,27.33,22.03,22.66,46.92,48.97,33.24,34.57,8.65,0.12,0.0,0.0,0
2025-02-10 22:00:00,982,curing,26.86,27.82,25.18,27.65,21.91,22.76,46.9,49.25,33.32,34.42,8.59,0.12,0.0,0.0,0
2025-02-10 23:00:00,983,curing,26.95,27.46,25.68,27.69,22.03,22.77,46.94,49.01,33.28,34.43,8.54,0.12,0.0,0.0,0
2025-02-11 00:00:00,984,curing,26.14,27.85,25.26,27.04,21.92,22.67,46.51,48.58,32.96,34.31,9.27,0.0,0.0,0.0,1
2025-02-11 01:00:00,985,curing,26.18,28.04,25.37,27.09,21.91,22.61,46.6,48.69,32.92,34.4,8.4,0.12,0.0,0.0,0
2025-02-11 02:00:00,986,curing,25.82,28.21,25.64,26.8,21.87,22.77,46.29,48.61,32.93,34.38,8.33,0.12,0.0,0.0,0
2025-02-11 03:00:00,987,curing,26.13,27.73,25.86,26.72,21.93,22.62,46.54,48.57,32.86,34.3,8.25,0.11,0.0,0.0,0
2025-02-11 04:00:00,988,curing,26.02,27.83,25.62,27.01,21.89,22.71,46.63,48.84,32.94,34.42,8.17,0.11,0.0,0.0,0
2025-02-11 05:00:00,989,curing,25.98,28.16,25.66,26.9,21.87,22.68,46.68,48.75,32.97,34.4,8.08,0.12,0.0,0.0,0
2025-02-11 06:00:00,990,curing,26.23,27.55,25.57,26.6,21.93,22.71,46.59,48.69,33.09,34.5,8.0,0.12,0.0,0.0,0
2025-02-11 07:00:00,991,curing,26.33,28.02,25.38,26.59,21.88,22.77,46.67,48.62,33.0,34.57,8.0,0.12,0.0,0.0,0
2025-02-11 08:00:00,992,curing,26.39,27.65,25.48,26.86,21.85,22.7,46.54,48.63,32.9,34.44,8.0,0.12,0.0,0.0,0
2025-02-11 09:00:00,993,curing,26.31,27.85,25.35,26.74,21.92,22.64,46.52,48.79,32.86,34.35,8.0,0.12,0.0,0.0,0
2025-02-11 10:00:00,994,curing,26.05,27.79,25.34,26.77,21.89,22.73,46.57,48.69,32.95,34.46,8.0,0.11,0.0,0.0,0
2025-02-11 11:00:00,995,curing,26.13,27.66,25.64,26.96,21.92,22.64,46.52,48.39,33.02,34.41,8.0,0.12,0.0,0.0,0
2025-02-11 12:00:00,996,curing,26.21,27.65,25.36,26.91,21.87,22.68,46.46,48.87,32.95,34.39,8.33,0.0,0.0,0.0,1
2025-02-11 13:00:00,997,curing,26.09,27.88,25.62,27.01,21.83,22.6,46.48,48.67,33.0,34.34,8.0,0.12,0.0,0.0,0
2025-02-11 14:00:00,998,curing,26.09,28.01,25.33,26.43,21.98,22.62,46.43,48.69,32.95,34.37,8.0,0.12,0.0,0.0,0
2025-02-11 15:00:00,999,curing,26.22,27.81,25.62,26.82,21.97,22.68,46.57,48.75,33.02,34.39,8.0,0.11,0.0,0.0,0
2025-02-11 16:00:00,1000,curing,26.06,27.84,25.48,26.9,21.94,22.69,46.52,48.7,32.85,34.47,8.0,0.11,0.0,0.0,0
2025-02-11 17:00:00,1001,curing,25.94,27.93,25.81,26.5,21.87,22.58,46.49,48.72,33.08,34.45,8.0,0.12,0.0,0.0,0
2025-02-11 18:00:00,1002,curing,26.0,27.65,25.62,26.65,21.87,22.7,46.47,48.62,32.88,34.55,8.0,0.11,0.0,0.0,0
2025-02-11 19:00:00,1003,curing,26.18,27.96,25.78,26.62,21.96,22.63,46.57,48.55,33.02,34.46,8.0,0.12,0.0,0.0,0
2025-02-11 20:00:00,1004,curing,26.07,27.98,25.43,26.78,21.87,22.74,46.59,48.68,32.94,34.44,8.0,0.12,0.0,0.0,0
2025-02-11 21:00:00,1005,curing,26.13,28.3,25.57,27.06,21.86,22.65,46.43,48.78,32.96,34.38,8.0,0.12,0.0,0.0,0
2025-02-11 22:00:00,1006,curing,26.19,27.76,25.39,27.13,21.99,22.61,46.41,48.6,32.95,34.33,8.0,0.12,0.0,0.0,0
2025-02-11 23:00:00,1007,curing,26.0,27.75,25.49,26.63,21.89,22.68,46.6,48.59,32.98,34.36,8.0,0.11,0.0,0.0,0
2025-02-12 00:00:00,1008,curing,26.65,27.25,25.15,26.93,21.93,22.6,46.03,48.44,32.65,34.04,8.04,0.0,0.0,0.0,1
2025-02-12 01:00:00,1009,curing,26.58,27.26,25.06,26.94,21.76,22.72,46.19,48.3,32.7,33.9,8.0,0.11,0.0,0.0,0
2025-02-12 02:00:00,1010,curing,26.3,27.01,24.98,26.91,21.87,22.65,46.28,48.3,32.72,34.02,8.0,0.11,0.0,0.0,0
2025-02-12 03:00:00,1011,curing,26.77,27.04,24.94,26.91,21.95,22.64,46.29,48.3,32.64,34.22,8.0,0.12,0.0,0.0,0
2025-02-12 04:00:00,1012,curing,26.43,27.21,24.78,26.89,21.84,22.68,46.21,48.33,32.75,34.12,8.0,0.11,0.0,0.0,0
2025-02-12 05:00:00,1013,curing,26.22,26.96,25.0,27.14,21.83,22.6,46.21,48.2,32.63,34.07,8.0,0.11,0.0,0.0,0
2025-02-12 06:00:00,1014,curing,26.33,27.04,25.3,27.03,21.78,22.58,46.34,48.29,32.7,34.13,8.0,0.11,0.0,0.0,0
2025-02-12 07:00:00,1015,curing,26.33,27.13,24.91,26.65,21.9,22.67,45.95,48.36,32.65,33.94,8.0,0.11,0.0,0.0,0
2025-02-12 08:00:00,1016,curing,26.53,27.29,24.95,26.98,21.8,22.59,46.11,48.36,32.58,34.12,8.0,0.11,0.0,0.0,0
2025-02-12 09:00:00,1017,curing,26.47,27.0,25.51,27.0,21.83,22.59,46.22,48.44,32.63,34.19,8.0,0.11,0.0,0.0,0
2025-02-12 10:00:00,1018,curing,26.46,26.78,25.08,26.89,21.77,22.7,46.12,48.5,32.66,34.09,8.0,0.11,0.0,0.0,0
2025-02-12 11:00:00,1019,curing,26.63,26.76,25.25,27.04,21.92,22.68,46.25,48.47,32.62,33.96,8.0,0.11,0.0,0.0,0
2025-02-12 12:00:00,1020,curing,26.58,26.88,25.31,26.87,21.9,22.58,46.14,48.42,32.65,34.06,8.8,0.0,0.0,0.0,1
2025-02-12 13:00:00,1021,curing,26.57,26.87,25.31,26.87,21.84,22.62,46.16,48.32,32.68,34.19,8.08,0.11,0.0,0.0,0
2025-02-12 14:00:00,1022,curing,26.59,27.08,24.92,26.86,21.78,22.6,46.12,48.28,32.62,34.12,8.17,0.11,0.0,0.0,0
2025-02-12 15:00:00,1023,curing,26.63,26.9,25.15,26.48,21.92,22.75,46.1,48.34,32.4,33.98,8.25,0.11,0.0,0.0,0
2025-02-12 16:00:00,1024,curing,26.14,26.98,24.9,26.82,21.82,22.7,46.1,48.39,32.74,34.28,8.33,0.11,0.0,0.0,0
2025-02-12 17:00:00,1025,curing,26.45,26.97,25.63,26.72,21.78,22.63,46.17,48.41,32.6,34.0,8.4,0.11,0.0,0.0,0
2025-02-12 18:00:00,1026,curing,26.13,27.03,24.91,26.63,21.74,22.68,46.08,48.39,32.56,34.08,8.47,0.11,0.0,0.0,0
2025-02-12 19:00:00,1027,curing,26.52,27.35,25.01,27.09,21.8,22.58,46.23,48.33,32.54,34.01,8.54,0.11,0.0,0.0,0
2025-02-12 20:00:00,1028,curing,26.52,27.23,25.01,26.93,21.76,22.62,46.2,48.41,32.59,34.01,8.59,0.11,0.0,0.0,0
2025-02-12 21:00:00,1029,curing,26.7,27.11,24.93,26.83,21.81,22.66,46.24,48.45,32.58,34.06,8.65,0.11,0.0,0.0,0
2025-02-12 22:00:00,1030,curing,26.73,27.03,25.43,26.74,21.88,22.68,46.05,48.41,32.56,34.14,8.69,0.11,0.0,0.0,0
2025-02-12 23:00:00,1031,curing,26.55,27.03,25.62,26.89,21.82,22.65,46.0,48.33,32.57,34.2,8.73,0.11,0.0,0.0,0
2025-02-13 00:00:00,1032,curing,25.83,26.69,25.07,27.02,21.81,22.66,45.83,47.82,32.28,33.66,9.56,0.0,0.0,0.0,1
2025-02-13 01:00:00,1033,curing,26.0,26.74,24.92,26.69,21.75,22.65,46.07,47.82,32.39,33.61,8.78,0.11,0.0,0.0,0
2025-02-13 02:00:00,1034,curing,25.82,26.47,24.75,26.84,21.8,22.64,45.93,47.83,32.3,33.73,8.8,0.11,0.0,0.0,0
2025-02-13 03:00:00,1035,curing,25.91,26.64,25.11,27.0,21.9,22.63,45.78,47.92,32.33,33.73,8.8,0.11,0.0,0.0,0
2025-02-13 04:00:00,1036,curing,26.09,26.26,25.09,26.5,21.77,22.63,45.86,47.94,32.22,33.71,8.8,0.11,0.0,0.0,0
2025-02-13 05:00:00,1037,curing,25.82,26.67,25.03,26.83,21.81,22.66,45.89,47.77,32.25,33.71,8.78,0.11,0.0,0.0,0
2025-02-13 06:00:00,1038,curing,26.06,26.77,25.19,26.77,21.71,22.67,45.71,47.85,32.27,33.68,8.76,0.11,0.0,0.0,0
2025-02-13 07:00:00,1039,curing,26.04,26.58,25.22,26.82,21.87,22.66,45.94,47.91,32.19,33.7,8.73,0.11,0.0,0.0,0
2025-02-13 08:00:00,1040,curing,25.74,26.96,25.21,26.75,21.77,22.59,45.81,47.81,32.21,33.68,8.69,0.11,0.0,0.0,0
2025-02-13 09:00:00,1041,curing,26.09,26.47,25.09,26.87,21.85,22.6,45.82,47.93,32.31,33.78,8.65,0.11,0.0,0.0,0
2025-02-13 10:00:00,1042,curing,26.04,26.67,24.95,27.19,21.79,22.67,45.83,47.87,32.32,33.87,8.59,0.11,0.0,0.0,0
2025-02-13 11:00:00,1043,curing,25.93,26.63,25.27,26.78,21.83,22.73,45.92,47.83,32.25,33.71,8.54,0.11,0.0,0.0,0
2025-02-13 12:00:00,1044,curing,25.78,26.61,25.15,26.89,21.83,22.66,45.76,47.9,32.16,33.69,9.27,0.0,0.0,0.0,1
2025-02-13 13:00:00,1045,curing,25.76,26.61,25.31,27.2,21.77,22.63,45.68,47.93,32.22,33.71,8.4,0.11,0.0,0.0,0
2025-02-13 14:00:00,1046,curing,25.82,26.65,25.29,26.74,21.85,22.66,45.85,47.82,32.14,33.64,8.33,0.11,0.0,0.0,0
2025-02-13 15:00:00,1047,curing,26.01,26.79,24.9,27.17,21.75,22.59,45.65,47.87,32.25,33.75,8.25,0.11,0.0,0.0,0
2025-02-13 16:00:00,1048,curing,25.74,26.88,24.9,26.84,21.83,22.72,45.8,47.93,32.26,33.73,8.17,0.11,0.0,0.0,0
2025-02-13 17:00:00,1049,curing,25.99,26.63,25.02,27.16,21.77,22.66,45.93,47.83,32.22,33.66,8.08,0.11,0.0,0.0,0
2025-02-13 18:00:00,1050,curing,25.69,26.78,24.96,26.98,21.81,22.61,45.88,47.75,32.26,33.76,8.0,0.11,0.0,0.0,0
2025-02-13 19:00:00,1051,curing,25.88,26.5,25.28,26.9,21.77,22.64,45.92,47.76,32.27,33.69,8.0,0.11,0.0,0.0,0
2025-02-13 20:00:00,1052,curing,25.93,26.77,25.21,26.83,21.8,22.62,45.88,47.86,32.26,33.62,8.0,0.11,0.0,0.0,0
2025-02-13 21:00:00,1053,curing,26.35,26.49,25.35,26.73,21.74,22.72,46.03,47.78,32.15,33.72,8.0,0.11,0.0,0.0,0
2025-02-13 22:00:00,1054,curing,25.67,26.83,25.22,26.86,21.81,22.64,45.78,47.86,32.22,33.71,8.0,0.11,0.0,0.0,0
2025-02-13 23:00:00,1055,curing,26.18,27.03,25.19,27.0,21.79,22.66,45.86,48.04,32.27,33.77,8.0,0.11,0.0,0.0,0
2025-02-14 00:00:00,1056,curing,25.63,26.7,25.45,26.57,21.72,22.68,45.48,47.31,31.98,33.36,8.33,0.0,0.0,0.0,1
2025-02-14 01:00:00,1057,curing,25.67,26.32,25.32,26.52,21.74,22.61,45.6,47.4,31.85,33.28,8.0,0.11,0.0,0.0,0
2025-02-14 02:00:00,1058,curing,25.62,26.62,25.25,26.53,21.75,22.66,45.51,47.62,31.91,33.25,8.0,0.11,0.0,0.0,0
2025-02-14 03:00:00,1059,curing,25.68,26.94,25.5,26.75,21.71,22.66,45.66,47.46,31.93,33.29,8.0,0.11,0.0,0.0,0
2025-02-14 04:00:00,1060,curing,25.57,26.82,25.26,26.79,21.74,22.56,45.47,47.4,31.85,33.32,8.0,0.11,0.0,0.0,0
2025-02-14 05:00:00,1061,curing,25.86,26.76,25.18,26.45,21.69,22.66,45.64,47.42,31.95,33.33,8.0,0.11,0.0,0.0,0
2025-02-14 06:00:00,1062,curing,25.52,26.9,25.09,26.45,21.87,22.64,45.57,47.47,31.96,33.31,8.0,0.11,0.0,0.0,0
2025-02-14 07:00:00,1063,curing,25.8,26.81,25.36,26.64,21.8,22.65,45.51,47.58,31.97,33.28,8.0,0.11,0.0,0.0,0
2025-02-14 08:00:00,1064,curing,25.48,26.94,25.46,26.85,21.76,22.65,45.56,47.38,31.9,33.37,8.0,0.11,0.0,0.0,0
2025-02-14 09:00:00,1065,curing,25.59,26.89,25.23,26.78,21.81,22.66,45.54,47.36,32.04,33.24,8.0,0.11,0.0,0.0,0
2025-02-14 10:00:00,1066,curing,25.41,27.0,25.47,26.35,21.64,22.72,45.55,47.31,31.82,33.48,8.0,0.11,0.0,0.0,0
2025-02-14 11:00:00,1067,curing,25.68,26.78,24.89,26.53,21.61,22.58,45.5,47.44,32.03,33.35,8.0,0.11,0.0,0.0,0
2025-02-14 12:00:00,1068,curing,25.86,26.88,25.23,26.41,21.72,22.63,45.45,47.31,31.92,33.2,8.04,0.0,0.0,0.0,1
2025-02-14 13:00:00,1069,curing,25.59,26.66,25.23,26.52,21.67,22.68,45.49,47.39,31.97,33.31,8.0,0.11,0.0,0.0,0
2025-02-14 14:00:00,1070,curing,25.56,26.61,25.11,26.86,21.73,22.67,45.37,47.35,31.84,33.35,8.0,0.11,0.0,0.0,0
2025-02-14 15:00:00,1071,curing,25.4,27.03,25.66,26.32,21.76,22.67,45.59,47.52,31.93,33.26,8.0,0.11,0.0,0.0,0
2025-02-14 16:00:00,1072,curing,25.56,26.76,25.23,26.28,21.8,22.8,45.41,47.38,31.97,33.17,8.0,0.11,0.0,0.0,0
2025-02-14 17:00:00,1073,curing,25.32,26.87,25.17,26.42,21.68,22.68,45.5,47.46,31.79,33.21,8.0,0.11,0.0,0.0,0
2025-02-14 18:00:00,1074,curing,25.44,26.74,25.24,26.62,21.77,22.71,45.57,47.29,31.86,33.33,8.0,0.11,0.0,0.0,0
2025-02-14 19:00:00,1075,curing,25.64,26.61,24.88,26.68,21.75,22.63,45.59,47.44,31.71,33.15,8.0,0.11,0.0,0.0,0
2025-02-14 20:00:00,1076,curing,25.83,26.72,25.1,26.65,21.76,22.59,45.36,47.32,31.86,33.18,8.0,0.11,0.0,0.0,0
2025-02-14 21:00:00,1077,curing,26.1,26.98,25.41,26.78,21.72,22.63,45.51,47.39,31.81,33.33,8.0,0.11,0.0,0.0,0
2025-02-14 22:00:00,1078,curing,25.49,26.82,25.13,26.26,21.82,22.69,45.55,47.62,31.85,33.27,8.0,0.11,0.0,0.0,0
2025-02-14 23:00:00,1079,curing,25.86,26.41,25.09,26.78,21.74,22.67,45.52,47.51,32.08,33.24,8.0,0.11,0.0,0.0,0
2025-02-15 00:00:00,1080,curing,25.48,26.67,25.25,25.91,21.79,22.67,45.32,46.95,31.62,32.85,8.8,0.0,0.0,0.0,1
2025-02-15 01:00:00,1081,curing,25.41,27.03,25.26,26.09,21.66,22.63,45.13,47.24,31.39,32.77,8.08,0.11,0.0,0.0,0
2025-02-15 02:00:00,1082,curing,25.52,26.67,25.11,25.72,21.74,22.62,45.03,46.88,31.53,32.93,8.17,0.11,0.0,0.0,0
2025-02-15 03:00:00,1083,curing,25.45,26.38,24.94,25.96,21.7,22.64,45.27,47.07,31.55,32.83,8.25,0.11,0.0,0.0,0
2025-02-15 04:00:00,1084,curing,25.46,27.05,24.98,26.0,21.68,22.68,45.16,46.83,31.47,32.85,8.33,0.11,0.0,0.0,0
2025-02-15 05:00:00,1085,curing,25.37,26.83,24.88,26.17,21.73,22.69,45.05,46.94,31.51,32.92,8.4,0.11,0.0,0.0,0
2025-02-15 06:00:00,1086,curing,25.19,26.7,24.84,25.68,21.68,22.59,45.19,46.85,31.51,32.87,8.47,0.11,0.0,0.0,0
2025-02-15 07:00:00,1087,curing,25.16,26.64,24.84,25.97,21.56,22.69,45.31,46.99,31.39,32.83,8.54,0.11,0.0,0.0,0
2025-02-15 08:00:00,1088,curing,25.56,26.91,24.91,25.77,21.54,22.61,45.1,46.97,31.42,32.73,8.59,0.11,0.0,0.0,0
2025-02-15 09:00:00,1089,curing,25.39,26.61,24.84,26.05,21.77,22.67,45.4,46.94,31.51,32.92,8.65,0.11,0.0,0.0,0
2025-02-15 10:00:00,1090,curing,25.33,26.92,24.74,26.1,21.76,22.63,45.13,47.06,31.5,32.9,8.69,0.11,0.0,0.0,0
2025-02-15 11:00:00,1091,curing,25.44,26.81,25.06,26.19,21.8,22.73,45.21,46.91,31.44,32.85,8.73,0.11,0.0,0.0,0
2025-02-15 12:00:00,1092,curing,25.58,26.75,25.06,25.87,21.7,22.62,45.1,46.99,31.43,32.81,9.56,0.0,0.0,0.0,1
2025-02-15 13:00:00,1093,curing,25.47,26.74,25.32,26.13,21.63,22.65,45.21,47.04,31.49,32.89,8.78,0.11,0.0,0.0,0
2025-02-15 14:00:00,1094,curing,25.32,26.68,24.9,26.2,21.68,22.68,45.19,46.83,31.56,32.93,8.8,0.11,0.0,0.0,0
2025-02-15 15:00:00,1095,curing,25.66,26.9,25.07,25.67,21.7,22.6,45.08,46.9,31.49,32.9,8.8,0.11,0.0,0.0,0
2025-02-15 16:00:00,1096,curing,25.72,26.55,25.08,26.07,21.65,22.64,45.45,46.97,31.61,33.02,8.8,0.11,0.0,0.0,0
2025-02-15 17:00:00,1097,curing,25.53,26.41,24.98,26.13,21.79,22.63,45.16,47.02,31.44,32.94,8.78,0.11,0.0,0.0,0
2025-02-15 18:00:00,1098,curing,25.61,26.82,25.15,25.91,21.82,22.62,45.16,47.09,31.51,32.88,8.76,0.11,0.0,0.0,0
2025-02-15 19:00:00,1099,curing,25.66,26.82,25.16,25.74,21.72,22.62,45.29,46.95,31.47,32.95,8.73,0.11,0.0,0.0,0
2025-02-15 20:00:00,1100,curing,25.64,26.8,25.08,26.13,21.7,22.7,45.36,46.94,31.54,32.89,8.69,0.11,0.0,0.0,0
2025-02-15 21:00:00,1101,curing,25.55,26.78,24.98,25.75,21.63,22.61,45.3,46.89,31.44,32.89,8.65,0.11,0.0,0.0,0
2025-02-15 22:00:00,1102,curing,25.55,26.65,24.96,25.93,21.78,22.68,45.1,46.99,31.64,32.99,8.59,0.11,0.0,0.0,0
2025-02-15 23:00:00,1103,curing,25.53,26.85,24.78,25.95,21.7,22.66,45.22,46.94,31.37,32.82,8.54,0.11,0.0,0.0,0
2025-02-16 00:00:00,1104,curing,25.24,26.4,24.58,26.16,21.64,22.57,44.73,46.48,31.24,32.49,9.27,0.0,0.0,0.0,1
2025-02-16 01:00:00,1105,curing,25.56,26.32,24.61,25.92,21.68,22.67,44.97,46.49,31.12,32.58,8.4,0.11,0.0,0.0,0
2025-02-16 02:00:00,1106,curing,25.19,26.35,24.52,25.91,21.62,22.57,44.75,46.55,31.16,32.51,8.33,0.11,0.0,0.0,0
2025-02-16 03:00:00,1107,curing,25.29,26.77,24.8,26.05,21.66,22.68,44.82,46.45,31.22,32.46,8.25,0.11,0.0,0.0,0
2025-02-16 04:00:00,1108,curing,25.66,26.09,24.93,26.21,21.58,22.62,44.89,46.43,31.18,32.35,8.17,0.11,0.0,0.0,0
2025-02-16 05:00:00,1109,curing,25.58,26.5,24.56,26.44,21.71,22.64,44.93,46.54,31.06,32.31,8.08,0.11,0.0,0.0,0
2025-02-16 06:00:00,1110,curing,25.7,26.1,24.77,25.76,21.65,22.57,44.87,46.24,31.16,32.65,8.0,0.11,0.0,0.0,0
2025-02-16 07:00:00,1111,curing,25.38,26.39,24.54,26.08,21.71,22.65,45.02,46.45,31.26,32.51,8.0,0.11,0.0,0.0,0
2025-02-16 08:00:00,1112,curing,25.23,26.33,24.67,25.83,21.64,22.69,44.95,46.4,31.05,32.44,8.0,0.11,0.0,0.0,0
2025-02-16 09:00:00,1113,curing,25.39,26.03,24.6,26.21,21.65,22.6,44.95,46.61,31.27,32.51,8.0,0.11,0.0,0.0,0
2025-02-16 10:00:00,1114,curing,25.45,26.48,24.83,25.86,21.59,22.61,44.79,46.46,31.15,32.41,8.0,0.11,0.0,0.0,0
2025-02-16 11:00:00,1115,curing,25.45,26.34,24.6,25.91,21.69,22.67,45.04,46.45,31.09,32.46,8.0,0.11,0.0,0.0,0
2025-02-16 12:00:00,1116,curing,25.63,26.03,24.9,25.92,21.61,22.67,44.82,46.5,31.05,32.41,8.33,0.0,0.0,0.0,1
2025-02-16 13:00:00,1117,curing,25.37,26.56,24.68,26.01,21.63,22.51,45.04,46.45,31.1,32.38,8.0,0.11,0.0,0.0,0
2025-02-16 14:00:00,1118,curing,25.49,26.67,24.6,26.09,21.65,22.75,45.07,46.46,30.97,32.32,8.0,0.11,0.0,0.0,0
2025-02-16 15:00:00,1119,curing,25.26,26.68,24.5,26.11,21.66,22.67,44.94,46.51,31.09,32.36,8.0,0.11,0.0,0.0,0
2025-02-16 16:00:00,1120,curing,25.51,26.47,24.77,26.03,21.56,22.68,44.98,46.46,31.1,32.57,8.0,0.11,0.0,0.0,0
2025-02-16 17:00:00,1121,curing,25.43,26.41,24.88,25.79,21.64,22.64,44.63,46.46,31.04,32.41,8.0,0.11,0.0,0.0,0
2025-02-16 18:00:00,1122,curing,25.3,26.65,24.77,26.16,21.7,22.54,44.88,46.41,31.17,32.53,8.0,0.11,0.0,0.0,0
2025-02-16 19:00:00,1123,curing,25.39,26.71,25.12,26.02,21.63,22.68,44.99,46.4,31.1,32.56,8.0,0.11,0.0,0.0,0
2025-02-16 20:00:00,1124,curing,25.4,26.61,24.97,26.24,21.64,22.61,44.97,46.51,31.07,32.49,8.0,0.11,0.0,0.0,0
2025-02-16 21:00:00,1125,curing,25.38,26.24,24.67,25.9,21.66,22.67,44.79,46.53,31.09,32.46,8.0,0.11,0.0,0.0,0
2025-02-16 22:00:00,1126,curing,25.75,26.44,24.66,25.74,21.65,22.63,44.87,46.38,31.14,32.5,8.0,0.11,0.0,0.0,0
2025-02-16 23:00:00,1127,curing,25.41,26.49,24.8,26.02,21.6,22.66,44.67,46.57,31.12,32.45,8.0,0.11,0.0,0.0,0
2025-02-17 00:00:00,1128,curing,25.17,26.56,24.5,25.75,21.6,22.6,44.51,46.24,30.69,32.18,8.04,0.0,0.0,0.0,1
2025-02-17 01:00:00,1129,curing,24.84,26.98,24.86,25.55,21.66,22.69,44.31,46.26,30.75,32.23,8.0,0.11,0.0,0.0,0
2025-02-17 02:00:00,1130,curing,25.05,27.3,24.72,25.48,21.55,22.58,44.57,46.2,30.74,32.2,8.0,0.11,0.0,0.0,0
2025-02-17 03:00:00,1131,curing,25.16,27.01,24.7,25.36,21.59,22.76,44.57,46.23,30.66,31.92,8.0,0.11,0.0,0.0,0
2025-02-17 04:00:00,1132,curing,25.09,27.16,24.77,25.83,21.53,22.76,44.43,46.36,30.72,32.05,8.0,0.11,0.0,0.0,0
2025-02-17 05:00:00,1133,curing,25.46,26.93,24.96,25.33,21.66,22.73,44.52,46.14,30.79,32.08,8.0,0.11,0.0,0.0,0
2025-02-17 06:00:00,1134,curing,25.18,26.88,24.68,25.39,21.6,22.71,44.45,46.08,30.78,32.12,8.0,0.11,0.0,0.0,0
2025-02-17 07:00:00,1135,curing,25.44,26.96,24.63,25.62,21.56,22.64,44.49,46.04,30.73,31.95,8.0,0.11,0.0,0.0,0
2025-02-17 08:00:00,1136,curing,25.22,26.74,24.92,25.19,21.61,22.7,44.37,46.32,30.79,31.95,8.0,0.11,0.0,0.0,0
2025-02-17 09:00:00,1137,curing,25.22,26.72,24.82,25.75,21.54,22.64,44.52,46.33,30.67,32.19,8.0,0.11,0.0,0.0,0
2025-02-17 10:00:00,1138,curing,25.2,27.12,24.6,25.63,21.55,22.56,44.33,46.09,30.67,32.04,8.0,0.11,0.0,0.0,0
2025-02-17 11:00:00,1139,curing,25.21,27.14,24.65,25.68,21.53,22.72,44.31,46.11,30.72,31.97,8.0,0.11,0.0,0.0,0
2025-02-17 12:00:00,1140,curing,25.52,26.71,24.69,25.62,21.55,22.7,44.46,46.14,30.85,32.0,8.8,0.0,0.0,0.0,1
2025-02-17 13:00:00,1141,curing,24.8,27.07,24.72,25.49,21.68,22.64,44.45,46.28,30.75,32.11,8.08,0.11,0.0,0.0,0
2025-02-17 14:00:00,1142,curing,24.85,26.88,24.41,25.33,21.57,22.57,44.49,46.06,30.72,32.02,8.17,0.11,0.0,0.0,0
2025-02-17 15:00:00,1143,curing,25.11,26.95,24.38,25.49,21.63,22.61,44.42,46.0,30.86,32.1,8.25,0.11,0.0,0.0,0
2025-02-17 16:00:00,1144,curing,25.21,26.98,24.49,25.34,21.56,22.54,44.63,46.36,30.72,32.01,8.33,0.11,0.0,0.0,0
2025-02-17 17:00:00,1145,curing,25.33,27.07,24.48,25.6,21.65,22.69,44.49,46.2,30.91,31.95,8.4,0.11,0.0,0.0,0
2025-02-17 18:00:00,1146,curing,25.3,26.91,24.54,25.66,21.55,22.55,44.49,46.21,30.7,32.2,8.47,0.11,0.0,0.0,0
2025-02-17 19:00:00,1147,curing,25.14,27.15,24.76,25.78,21.61,22.66,44.49,46.15,30.67,32.12,8.54,0.11,0.0,0.0,0
2025-02-17 20:00:00,1148,curing,25.39,26.95,24.62,25.58,21.61,22.6,44.56,46.21,30.73,32.06,8.59,0.11,0.0,0.0,0
2025-02-17 21:00:00,1149,curing,25.39,27.01,24.69,25.68,21.73,22.56,44.52,46.04,30.72,32.04,8.65,0.11,0.0,0.0,0
2025-02-17 22:00:00,1150,curing,25.24,26.74,24.43,25.46,21.64,22.65,44.51,46.1,30.68,32.2,8.69,0.11,0.0,0.0,0
2025-02-17 23:00:00,1151,curing,25.38,27.28,24.57,25.43,21.57,22.62,44.53,46.18,30.93,32.13,8.73,0.11,0.0,0.0,0
2025-02-18 00:00:00,1152,curing,25.81,26.5,24.13,25.74,21.64,22.61,43.83,45.72,30.6,31.96,9.56,0.0,0.0,0.0,1
2025-02-18 01:00:00,1153,curing,25.66,26.54,24.13,25.59,21.72,22.49,43.84,45.89,30.61,31.83,8.78,0.11,0.0,0.0,0
2025-02-18 02:00:00,1154,curing,25.88,26.12,23.9,25.71,21.51,22.52,43.98,45.88,30.54,31.87,8.8,0.11,0.0,0.0,0
2025-02-18 03:00:00,1155,curing,25.78,26.26,24.06,25.47,21.56,22.43,43.97,45.89,30.53,31.9,8.8,0.11,0.0,0.0,0
2025-02-18 04:00:00,1156,curing,25.76,26.64,24.42,25.5,21.59,22.45,44.04,45.87,30.65,31.83,8.8,0.11,0.0,0.0,0
2025-02-18 05:00:00,1157,curing,26.02,26.47,24.02,25.77,21.58,22.66,43.99,45.83,30.45,31.86,8.78,0.11,0.0,0.0,0
2025-02-18 06:00:00,1158,curing,25.32,26.07,23.9,25.82,21.58,22.67,44.04,45.76,30.49,31.83,8.76,0.11,0.0,0.0,0
2025-02-18 07:00:00,1159,curing,25.5,26.6,24.0,25.48,21.53,22.57,43.88,45.93,30.56,31.9,8.73,0.11,0.0,0.0,0
2025-02-18 08:00:00,1160,curing,25.55,26.31,24.04,25.78,21.68,22.52,43.99,45.89,30.68,31.77,8.69,0.11,0.0,0.0,0
2025-02-18 09:00:00,1161,curing,25.69,26.67,24.0,25.56,21.53,22.55,43.87,45.79,30.55,31.92,8.65,0.11,0.0,0.0,0
2025-02-18 10:00:00,1162,curing,25.71,26.4,24.02,25.66,21.59,22.61,44.02,45.92,30.61,31.89,8.59,0.11,0.0,0.0,0
2025-02-18 11:00:00,1163,curing,25.49,26.45,23.77,25.91,21.66,22.53,43.83,45.89,30.58,31.85,8.54,0.11,0.0,0.0,0
2025-02-18 12:00:00,1164,curing,25.58,26.63,23.86,25.8,21.6,22.58,44.02,45.88,30.67,31.91,9.27,0.0,0.0,0.0,1
2025-02-18 13:00:00,1165,curing,25.6,26.25,24.0,25.8,21.55,22.56,43.86,45.73,30.46,31.84,8.4,0.11,0.0,0.0,0
2025-02-18 14:00:00,1166,curing,26.2,26.23,24.0,26.0,21.53,22.53,43.96,45.98,30.63,31.82,8.33,0.11,0.0,0.0,0
2025-02-18 15:00:00,1167,curing,26.08,26.38,23.93,25.53,21.59,22.53,44.07,45.81,30.56,31.91,8.25,0.11,0.0,0.0,0
2025-02-18 16:00:00,1168,curing,25.68,26.56,24.0,25.48,21.56,22.58,44.01,45.92,30.65,31.92,8.17,0.11,0.0,0.0,0
2025-02-18 17:00:00,1169,curing,25.69,26.17,24.04,25.53,21.61,22.51,43.85,45.84,30.52,31.83,8.08,0.11,0.0,0.0,0
2025-02-18 18:00:00,1170,curing,25.55,26.11,24.19,25.61,21.53,22.59,43.93,45.88,30.58,31.82,8.0,0.11,0.0,0.0,0
2025-02-18 19:00:00,1171,curing,25.42,26.56,24.01,25.24,21.64,22.54,43.86,46.02,30.57,31.86,8.0,0.11,0.0,0.0,0
2025-02-18 20:00:00,1172,curing,25.74,26.3,24.1,25.62,21.61,22.57,43.84,45.96,30.5,31.83,8.0,0.11,0.0,0.0,0
2025-02-18 21:00:00,1173,curing,25.58,26.34,23.93,25.56,21.61,22.64,44.0,46.01,30.48,31.99,8.0,0.11,0.0,0.0,0
2025-02-18 22:00:00,1174,curing,25.74,26.08,24.13,25.8,21.68,22.55,44.04,45.94,30.53,31.9,8.0,0.11,0.0,0.0,0
2025-02-18 23:00:00,1175,curing,25.47,26.29,24.09,25.72,21.58,22.61,44.03,45.95,30.59,31.87,8.0,0.1,0.0,0.0,0
2025-02-19 00:00:00,1176,curing,24.76,26.52,24.49,25.73,21.57,22.37,43.56,45.5,30.41,31.63,8.33,0.0,0.0,0.0,1
2025-02-19 01:00:00,1177,curing,24.92,26.69,24.46,25.94,21.58,22.44,43.51,45.63,30.44,31.76,8.0,0.11,0.0,0.0,0
2025-02-19 02:00:00,1178,curing,24.96,26.38,24.44,25.96,21.6,22.47,43.48,45.64,30.32,31.66,8.0,0.1,0.0,0.0,0
2025-02-19 03:00:00,1179,curing,24.97,26.82,24.32,25.7,21.6,22.57,43.41,45.77,30.44,31.65,8.0,0.1,0.0,0.0,0
2025-02-19 04:00:00,1180,curing,24.66,26.39,24.38,25.75,21.56,22.36,43.47,45.62,30.54,31.76,8.0,0.11,0.0,0.0,0
2025-02-19 05:00:00,1181,curing,25.04,26.39,24.52,25.44,21.5,22.46,43.39,45.68,30.52,31.73,8.0,0.11,0.0,0.0,0
2025-02-19 06:00:00,1182,curing,24.75,26.8,24.22,25.64,21.58,22.54,43.43,45.68,30.46,31.51,8.0,0.11,0.0,0.0,0
2025-02-19 07:00:00,1183,curing,25.01,26.56,24.22,25.7,21.63,22.42,43.51,45.76,30.48,31.69,8.0,0.11,0.0,0.0,0
2025-02-19 08:00:00,1184,curing,24.89,26.42,24.37,25.85,21.61,22.45,43.5,45.65,30.4,31.71,8.0,0.1,0.0,0.0,0
2025-02-19 09:00:00,1185,curing,24.65,26.49,24.41,25.66,21.67,22.48,43.77,45.73,30.58,31.68,8.0,0.1,0.0,0.0,0
2025-02-19 10:00:00,1186,curing,24.84,26.76,24.19,25.74,21.71,22.48,43.39,45.51,30.62,31.72,8.0,0.1,0.0,0.0,0
2025-02-19 11:00:00,1187,curing,24.96,26.78,24.32,25.61,21.65,22.55,43.5,45.52,30.48,31.56,8.0,0.11,0.0,0.0,0
2025-02-19 12:00:00,1188,curing,25.0,26.37,24.32,25.86,21.68,22.49,43.38,45.46,30.66,31.48,8.04,0.0,0.0,0.0,1
2025-02-19 13:00:00,1189,curing,24.87,26.51,23.94,25.91,21.65,22.54,43.47,45.73,30.41,31.63,8.0,0.11,0.0,0.0,0
2025-02-19 14:00:00,1190,curing,25.17,26.53,24.3,25.91,21.7,22.45,43.48,45.72,30.37,31.73,8.0,0.11,0.0,0.0,0
2025-02-19 15:00:00,1191,curing,25.07,26.34,24.31,25.84,21.71,22.43,43.58,45.74,30.41,31.45,8.0,0.1,0.0,0.0,0
2025-02-19 16:00:00,1192,curing,24.85,26.51,24.31,25.56,21.66,22.45,43.47,45.6,30.45,31.64,8.0,0.1,0.0,0.0,0
2025-02-19 17:00:00,1193,curing,25.03,26.52,24.59,25.72,21.64,22.4,43.49,45.61,30.63,31.55,8.0,0.1,0.0,0.0,0
2025-02-19 18:00:00,1194,curing,25.24,26.73,24.12,25.76,21.6,22.49,43.47,45.65,30.44,31.68,8.0,0.1,0.0,0.0,0
2025-02-19 19:00:00,1195,curing,25.24,26.74,24.19,25.76,21.6,22.44,43.39,45.79,30.4,31.86,8.0,0.1,0.0,0.0,0
2025-02-19 20:00:00,1196,curing,24.67,26.46,23.87,25.85,21.59,22.43,43.45,45.81,30.4,31.69,8.0,0.11,0.0,0.0,0
2025-02-19 21:00:00,1197,curing,24.73,26.48,24.25,26.09,21.64,22.49,43.47,45.73,30.55,31.7,8.0,0.1,0.0,0.0,0
2025-02-19 22:00:00,1198,curing,25.16,26.64,24.26,25.98,21.57,22.4,43.51,45.69,30.54,31.77,8.0,0.1,0.0,0.0,0
2025-02-19 23:00:00,1199,curing,24.7,26.41,24.24,25.66,21.6,22.51,43.56,45.78,30.43,31.71,8.0,0.1,0.0,0.0,0
2025-02-20 00:00:00,1200,curing,24.74,26.44,24.53,25.6,21.49,22.34,43.0,45.38,30.21,31.52,8.8,0.0,0.0,0.0,1
2025-02-20 01:00:00,1201,curing,24.89,26.31,24.49,25.59,21.71,22.43,43.0,45.37,30.27,31.61,8.08,0.1,0.0,0.0,0
2025-02-20 02:00:00,1202,curing,25.05,26.15,24.35,25.33,21.6,22.35,42.88,45.39,30.48,31.57,8.17,0.1,0.0,0.0,0
2025-02-20 03:00:00,1203,curing,24.96,26.15,24.27,25.63,21.64,22.4,43.07,45.32,30.4,31.56,8.25,0.1,0.0,0.0,0
2025-02-20 04:00:00,1204,curing,24.86,26.59,24.52,25.45,21.69,22.38,42.97,45.39,30.36,31.53,8.33,0.1,0.0,0.0,0
2025-02-20 05:00:00,1205,curing,24.86,26.3,24.33,25.23,21.63,22.41,43.09,45.31,30.49,31.51,8.4,0.1,0.0,0.0,0
2025-02-20 06:00:00,1206,curing,24.85,26.63,24.19,25.56,21.69,22.37,43.14,45.5,30.5,31.61,8.47,0.1,0.0,0.0,0
2025-02-20 07:00:00,1207,curing,24.82,26.24,24.03,25.52,21.55,22.28,43.01,45.45,30.35,31.51,8.54,0.1,0.0,0.0,0
2025-02-20 08:00:00,1208,curing,25.38,26.38,24.26,25.44,21.74,22.42,42.94,45.53,30.35,31.63,8.59,0.1,0.0,0.0,0
2025-02-20 09:00:00,1209,curing,25.03,26.76,24.47,25.47,21.67,22.36,43.02,45.26,30.31,31.46,8.65,0.1,0.0,0.0,0
2025-02-20 10:00:00,1210,curing,25.14,26.14,24.74,25.35,21.62,22.41,43.05,45.57,30.33,31.65,8.69,0.1,0.0,0.0,0
2025-02-20 11:00:00,1211,curing,24.89,25.98,24.35,25.59,21.69,22.41,43.0,45.27,30.24,31.57,8.73,0.1,0.0,0.0,0
2025-02-20 12:00:00,1212,curing,24.95,26.56,24.2,25.47,21.55,22.33,42.98,45.3,30.24,31.46,9.56,0.0,0.0,0.0,1
2025-02-20 13:00:00,1213,curing,24.85,26.18,24.13,25.51,21.6,22.32,43.07,45.35,30.22,31.58,8.78,0.11,0.0,0.0,0
2025-02-20 14:00:00,1214,curing,24.51,26.32,24.44,25.54,21.69,22.4,43.07,45.52,30.43,31.49,8.8,0.1,0.0,0.0,0
2025-02-20 15:00:00,1215,curing,24.73,26.22,24.03,25.27,21.51,22.35,43.0,45.43,30.24,31.54,8.8,0.1,0.0,0.0,0
2025-02-20 16:00:00,1216,curing,24.66,26.38,24.44,25.32,21.64,22.42,42.88,45.38,30.49,31.5,8.8,0.1,0.0,0.0,0
2025-02-20 17:00:00,1217,curing,24.58,26.16,24.48,25.08,21.64,22.36,43.06,45.34,30.3,31.53,8.78,0.1,0.0,0.0,0
2025-02-20 18:00:00,1218,curing,24.77,26.3,24.42,25.58,21.72,22.42,42.96,45.28,30.48,31.61,8.76,0.1,0.0,0.0,0
2025-02-20 19:00:00,1219,curing,25.21,26.41,24.3,25.26,21.53,22.39,43.04,45.5,30.32,31.58,8.73,0.11,0.0,0.0,0
2025-02-20 20:00:00,1220,curing,24.97,26.15,24.44,25.5,21.7,22.38,43.04,45.48,30.23,31.45,8.69,0.1,0.0,0.0,0
2025-02-20 21:00:00,1221,curing,25.21,26.2,24.37,25.54,21.58,22.35,42.86,45.52,30.45,31.45,8.65,0.1,0.0,0.0,0
2025-02-20 22:00:00,1222,curing,25.05,26.27,24.2,25.59,21.59,22.38,43.03,45.44,30.45,31.56,8.59,0.1,0.0,0.0,0
2025-02-20 23:00:00,1223,curing,25.12,26.07,24.67,25.26,21.55,22.43,43.07,45.17,30.28,31.56,8.54,0.1,0.0,0.0,0
2025-02-21 00:00:00,1224,curing,24.72,25.39,23.85,24.65,21.56,22.27,42.73,45.02,30.21,31.32,9.27,0.0,0.0,0.0,1
2025-02-21 01:00:00,1225,curing,24.98,25.49,24.05,24.96,21.64,22.3,42.68,45.17,30.17,31.49,8.4,0.1,0.0,0.0,0
2025-02-21 02:00:00,1226,curing,25.01,25.39,23.48,24.97,21.56,22.27,42.5,45.09,30.23,31.43,8.33,0.1,0.0,0.0,0
2025-02-21 03:00:00,1227,curing,24.78,25.42,24.14,24.84,21.66,22.28,42.78,45.08,30.25,31.32,8.25,0.1,0.0,0.0,0
2025-02-21 04:00:00,1228,curing,24.98,25.46,24.17,24.73,21.58,22.36,42.71,45.03,30.21,31.31,8.17,0.1,0.0,0.0,0
2025-02-21 05:00:00,1229,curing,24.99,25.35,23.92,24.49,21.55,22.34,42.57,45.21,30.1,31.35,8.08,0.1,0.0,0.0,0
2025-02-21 06:00:00,1230,curing,24.79,25.59,24.01,24.79,21.59,22.28,42.6,45.17,30.19,31.34,8.0,0.1,0.0,0.0,0
2025-02-21 07:00:00,1231,curing,24.68,25.73,24.01,24.64,21.64,22.28,42.69,45.17,30.29,31.47,8.0,0.1,0.0,0.0,0
2025-02-21 08:00:00,1232,curing,24.67,25.38,23.8,24.77,21.6,22.23,42.73,45.07,30.22,31.45,8.0,0.1,0.0,0.0,0
2025-02-21 09:00:00,1233,curing,24.9,25.56,24.01,24.55,21.62,22.26,42.63,45.14,30.21,31.37,8.0,0.1,0.0,0.0,0
2025-02-21 10:00:00,1234,curing,24.94,25.42,23.77,24.63,21.66,22.29,42.74,45.01,30.17,31.42,8.0,0.1,0.0,0.0,0
2025-02-21 11:00:00,1235,curing,24.74,25.53,23.8,24.69,21.68,22.32,42.52,45.12,30.19,31.43,8.0,0.1,0.0,0.0,0
2025-02-21 12:00:00,1236,curing,24.89,25.75,24.11,24.71,21.6,22.31,42.58,44.91,30.34,31.37,8.33,0.0,0.0,0.0,1
2025-02-21 13:00:00,1237,curing,24.99,25.56,24.09,24.75,21.56,22.21,42.49,44.99,30.15,31.4,8.0,0.1,0.0,0.0,0
2025-02-21 14:00:00,1238,curing,24.99,25.15,23.79,24.56,21.62,22.32,42.59,45.1,30.29,31.42,8.0,0.1,0.0,0.0,0
2025-02-21 15:00:00,1239,curing,25.16,25.55,23.78,24.43,21.64,22.27,42.8,45.34,30.24,31.41,8.0,0.1,0.0,0.0,0
2025-02-21 16:00:00,1240,curing,25.11,25.69,23.8,24.96,21.54,22.22,42.85,44.97,30.26,31.31,8.0,0.1,0.0,0.0,0
2025-02-21 17:00:00,1241,curing,24.71,25.43,24.04,25.11,21.57,22.34,42.69,45.02,30.18,31.32,8.0,0.1,0.0,0.0,0
2025-02-21 18:00:00,1242,curing,25.18,25.65,23.73,24.74,21.58,22.35,42.62,45.15,30.21,31.35,8.0,0.1,0.0,0.0,0
2025-02-21 19:00:00,1243,curing,24.79,25.34,23.98,24.43,21.61,22.29,42.65,45.28,30.24,31.32,8.0,0.1,0.0,0.0,0
2025-02-21 20:00:00,1244,curing,25.07,25.2,24.04,24.53,21.58,22.31,42.71,45.14,30.2,31.26,8.0,0.1,0.0,0.0,0
2025-02-21 21:00:00,1245,curing,24.9,25.49,23.9,24.76,21.66,22.31,42.54,45.19,30.26,31.42,8.0,0.1,0.0,0.0,0
2025-02-21 22:00:00,1246,curing,24.81,25.15,24.09,24.9,21.53,22.35,42.62,45.1,30.27,31.4,8.0,0.1,0.0,0.0,0
2025-02-21 23:00:00,1247,curing,24.56,25.42,23.86,24.45,21.53,22.31,42.79,45.08,30.4,31.27,8.0,0.1,0.0,0.0,0
2025-02-22 00:00:00,1248,curing,24.77,25.94,24.07,24.71,21.61,22.1,42.4,44.83,30.15,31.18,8.04,0.0,0.0,0.0,1
2025-02-22 01:00:00,1249,curing,24.52,25.36,23.93,24.77,21.62,22.28,42.42,44.76,30.0,31.19,8.0,0.1,0.0,0.0,0
2025-02-22 02:00:00,1250,curing,24.97,25.48,24.29,24.89,21.55,22.23,42.49,44.88,30.21,31.22,8.0,0.1,0.0,0.0,0
2025-02-22 03:00:00,1251,curing,25.07,25.52,23.97,24.67,21.59,22.15,42.51,44.68,30.11,31.12,8.0,0.1,0.0,0.0,0
2025-02-22 04:00:00,1252,curing,24.66,25.7,24.17,24.45,21.6,22.12,42.43,44.9,30.27,31.1,8.0,0.1,0.0,0.0,0
2025-02-22 05:00:00,1253,curing,24.86,25.64,24.09,24.84,21.6,22.2,42.49,44.82,30.23,31.24,8.0,0.1,0.0,0.0,0
2025-02-22 06:00:00,1254,curing,24.67,25.96,23.92,24.93,21.63,22.16,42.54,44.8,30.09,31.08,8.0,0.1,0.0,0.0,0
2025-02-22 07:00:00,1255,curing,24.69,25.88,24.0,24.72,21.59,22.19,42.65,44.67,30.18,31.19,8.0,0.1,0.0,0.0,0
2025-02-22 08:00:00,1256,curing,24.94,25.8,24.35,24.8,21.7,22.21,42.47,44.73,30.08,31.18,8.0,0.1,0.0,0.0,0
2025-02-22 09:00:00,1257,curing,24.79,25.74,24.14,24.65,21.65,22.14,42.48,44.92,30.12,31.19,8.0,0.1,0.0,0.0,0
2025-02-22 10:00:00,1258,curing,25.11,25.78,23.93,24.58,21.58,22.11,42.62,44.8,30.17,31.22,8.0,0.1,0.0,0.0,0
2025-02-22 11:00:00,1259,curing,24.72,25.55,24.16,24.91,21.63,22.19,42.44,44.84,30.21,31.33,8.0,0.1,0.0,0.0,0
2025-02-22 12:00:00,1260,curing,24.98,25.87,24.08,24.8,21.63,22.15,42.37,44.74,30.19,31.08,8.8,0.0,0.0,0.0,1
2025-02-22 13:00:00,1261,curing,24.82,25.51,24.72,24.82,21.69,22.18,42.51,44.82,30.13,31.27,8.08,0.1,0.0,0.0,0
2025-02-22 14:00:00,1262,curing,24.94,25.86,24.16,25.0,21.59,22.1,42.58,44.7,30.31,31.01,8.17,0.1,0.0,0.0,0
2025-02-22 15:00:00,1263,curing,24.72,25.93,24.04,24.54,21.67,22.16,42.52,44.83,30.1,31.31,8.25,0.1,0.0,0.0,0
2025-02-22 16:00:00,1264,curing,24.79,25.75,24.36,24.63,21.63,22.21,42.48,44.85,30.01,31.04,8.33,0.1,0.0,0.0,0
2025-02-22 17:00:00,1265,curing,24.78,25.68,23.78,24.76,21.7,22.21,42.36,44.85,30.02,31.39,8.4,0.1,0.0,0.0,0
2025-02-22 18:00:00,1266,curing,24.65,25.78,24.12,24.63,21.69,22.13,42.48,44.74,30.23,31.17,8.47,0.1,0.0,0.0,0
2025-02-22 19:00:00,1267,curing,24.92,25.19,24.46,24.87,21.64,22.11,42.59,44.79,30.12,31.3,8.54,0.1,0.0,0.0,0
2025-02-22 20:00:00,1268,curing,24.92,25.76,24.08,24.7,21.61,22.17,42.38,44.87,30.14,31.29,8.59,0.1,0.0,0.0,0
2025-02-22 21:00:00,1269,curing,24.91,25.69,23.8,24.55,21.65,22.2,42.46,44.8,30.08,31.17,8.65,0.1,0.0,0.0,0
2025-02-22 22:00:00,1270,curing,25.08,25.7,24.04,24.74,21.62,22.2,42.45,44.79,30.09,31.18,8.69,0.1,0.0,0.0,0
2025-02-22 23:00:00,1271,curing,25.06,25.84,24.36,24.76,21.71,22.15,42.43,44.98,30.07,31.14,8.73,0.1,0.0,0.0,0
2025-02-23 00:00:00,1272,curing,24.67,25.03,23.9,25.19,21.63,22.09,42.32,44.43,30.05,31.1,9.56,0.0,0.0,0.0,1
2025-02-23 01:00:00,1273,curing,24.8,24.84,23.68,25.09,21.61,22.16,42.34,44.6,30.0,31.0,8.78,0.1,0.0,0.0,0
2025-02-23 02:00:00,1274,curing,24.62,25.02,23.71,25.1,21.61,22.09,42.34,44.41,30.04,30.97,8.8,0.1,0.0,0.0,0
2025-02-23 03:00:00,1275,curing,24.74,25.06,23.73,25.08,21.57,21.99,42.22,44.57,30.04,31.08,8.8,0.1,0.0,0.0,0
2025-02-23 04:00:00,1276,curing,24.63,25.07,23.9,24.98,21.66,22.09,42.16,44.57,30.0,30.97,8.8,0.1,0.0,0.0,0
2025-02-23 05:00:00,1277,curing,25.02,25.07,24.07,24.89,21.59,22.19,42.32,44.46,30.0,31.01,8.78,0.1,0.0,0.0,0
2025-02-23 06:00:00,1278,curing,24.8,25.23,24.02,25.07,21.69,22.01,42.26,44.4,30.0,31.04,8.76,0.1,0.0,0.0,0
2025-02-23 07:00:00,1279,curing,24.69,24.85,23.91,24.96,21.56,22.08,42.46,44.34,30.23,30.99,8.73,0.1,0.0,0.0,0
2025-02-23 08:00:00,1280,curing,24.95,25.08,23.6,25.32,21.64,22.06,42.46,44.46,30.12,31.0,8.69,0.1,0.0,0.0,0
2025-02-23 09:00:00,1281,curing,24.35,25.28,23.6,25.26,21.69,22.08,42.47,44.56,30.11,31.16,8.65,0.1,0.0,0.0,0
2025-02-23 10:00:00,1282,curing,24.37,24.73,23.93,25.13,21.52,22.09,42.22,44.41,30.0,31.02,8.59,0.1,0.0,0.0,0
2025-02-23 11:00:00,1283,curing,24.87,25.08,23.59,25.09,21.74,22.14,42.35,44.52,30.01,31.01,8.54,0.1,0.0,0.0,0
2025-02-23 12:00:00,1284,curing,24.74,24.94,23.79,25.0,21.61,22.08,42.38,44.38,30.0,31.02,9.27,0.0,0.0,0.0,1
2025-02-23 13:00:00,1285,curing,24.78,24.98,23.89,24.79,21.64,22.15,42.37,44.49,30.0,31.07,8.4,0.1,0.0,0.0,0
2025-02-23 14:00:00,1286,curing,24.5,24.88,23.63,24.98,21.66,22.07,42.27,44.41,30.0,30.96,8.33,0.1,0.0,0.0,0
2025-02-23 15:00:00,1287,curing,24.73,25.01,23.65,25.04,21.67,22.06,42.41,44.5,30.11,31.07,8.25,0.1,0.0,0.0,0
2025-02-23 16:00:00,1288,curing,25.09,25.38,23.82,25.06,21.65,22.04,42.3,44.47,30.07,31.06,8.17,0.1,0.0,0.0,0
2025-02-23 17:00:00,1289,curing,24.88,24.82,23.92,25.1,21.68,21.98,42.31,44.4,30.0,30.9,8.08,0.1,0.0,0.0,0
2025-02-23 18:00:00,1290,curing,24.76,24.83,24.02,25.18,21.66,22.09,42.17,44.45,30.0,31.18,8.0,0.1,0.0,0.0,0
2025-02-23 19:00:00,1291,curing,24.65,24.81,23.94,24.89,21.72,22.19,42.36,44.43,30.07,31.15,8.0,0.1,0.0,0.0,0
2025-02-23 20:00:00,1292,curing,24.66,25.36,23.85,24.9,21.66,22.1,42.28,44.39,30.0,30.97,8.0,0.1,0.0,0.0,0
2025-02-23 21:00:00,1293,curing,24.35,24.96,23.7,25.28,21.74,22.11,42.34,44.6,30.02,30.95,8.0,0.1,0.0,0.0,0
2025-02-23 22:00:00,1294,curing,24.78,25.04,23.64,25.16,21.68,22.05,42.32,44.48,30.04,31.05,8.0,0.1,0.0,0.0,0
2025-02-23 23:00:00,1295,curing,24.88,24.97,23.74,24.95,21.53,22.06,42.32,44.32,30.04,30.93,8.0,0.1,0.0,0.0,0
2025-02-24 00:00:00,1296,curing,24.25,25.33,24.18,25.46,21.65,22.09,42.11,44.15,30.02,30.97,8.33,0.0,0.0,0.0,1
2025-02-24 01:00:00,1297,curing,24.41,25.45,24.17,25.47,21.48,22.14,42.18,44.28,30.0,30.83,8.0,0.1,0.0,0.0,0
2025-02-24 02:00:00,1298,curing,24.32,25.94,23.74,25.49,21.59,22.11,42.1,44.13,30.0,30.99,8.0,0.1,0.0,0.0,0
2025-02-24 03:00:00,1299,curing,24.36,25.75,23.97,25.57,21.52,22.08,41.99,44.33,30.0,30.8,8.0,0.1,0.0,0.0,0
2025-02-24 04:00:00,1300,curing,24.54,25.34,24.32,25.94,21.57,22.04,42.17,44.12,30.0,30.86,8.0,0.1,0.0,0.0,0
2025-02-24 05:00:00,1301,curing,24.16,25.61,24.12,25.52,21.48,22.05,42.05,44.24,30.0,30.96,8.0,0.1,0.0,0.0,0
2025-02-24 06:00:00,1302,curing,24.64,25.35,23.86,25.6,21.55,21.99,42.0,44.29,30.06,30.84,8.0,0.1,0.0,0.0,0
2025-02-24 07:00:00,1303,curing,24.66,25.17,24.53,25.18,21.5,21.96,42.03,44.24,30.0,30.89,8.0,0.1,0.0,0.0,0
2025-02-24 08:00:00,1304,curing,24.49,25.68,24.1,25.4,21.6,21.97,42.14,44.08,30.02,30.95,8.0,0.1,0.0,0.0,0
2025-02-24 09:00:00,1305,curing,24.09,25.71,24.18,25.7,21.54,22.04,42.11,44.12,30.06,30.82,8.0,0.1,0.0,0.0,0
2025-02-24 10:00:00,1306,curing,24.35,25.69,24.18,25.56,21.56,22.02,41.93,44.3,30.0,30.77,8.0,0.1,0.0,0.0,0
2025-02-24 11:00:00,1307,curing,24.75,25.41,24.04,24.7,21.4,21.96,42.08,44.13,30.0,30.75,8.0,0.1,0.0,0.0,0
2025-02-24 12:00:00,1308,curing,24.03,25.47,23.98,25.6,21.51,22.03,42.22,44.29,30.12,30.91,8.04,0.0,0.0,0.0,1
2025-02-24 13:00:00,1309,curing,24.47,25.63,24.49,25.83,21.54,22.02,42.08,44.16,30.04,30.89,8.0,0.1,0.0,0.0,0
2025-02-24 14:00:00,1310,curing,24.32,25.57,24.29,25.13,21.53,21.97,42.1,44.21,30.0,30.95,8.0,0.1,0.0,0.0,0
2025-02-24 15:00:00,1311,curing,24.67,25.43,24.25,25.75,21.57,22.01,42.21,44.08,30.05,30.84,8.0,0.1,0.0,0.0,0
2025-02-24 16:00:00,1312,curing,24.41,25.2,24.21,24.99,21.49,22.02,42.18,44.15,30.0,30.75,8.0,0.1,0.0,0.0,0
2025-02-24 17:00:00,1313,curing,24.6,25.52,23.93,25.65,21.52,22.0,42.2,44.12,30.05,30.68,8.0,0.1,0.0,0.0,0
2025-02-24 18:00:00,1314,curing,24.63,25.69,24.34,25.48,21.58,22.08,41.88,44.22,30.0,31.09,8.0,0.1,0.0,0.0,0
2025-02-24 19:00:00,1315,curing,24.86,25.28,23.96,25.06,21.39,21.93,42.27,44.21,30.0,30.91,8.0,0.1,0.0,0.0,0
2025-02-24 20:00:00,1316,curing,24.49,25.61,24.16,25.56,21.55,21.93,42.17,44.24,30.0,30.87,8.0,0.1,0.0,0.0,0
2025-02-24 21:00:00,1317,curing,24.6,25.56,23.82,25.69,21.5,22.03,42.33,44.16,30.0,30.89,8.0,0.1,0.0,0.0,0
2025-02-24 22:00:00,1318,curing,24.27,25.63,23.75,25.55,21.47,22.04,42.05,44.12,30.0,30.75,8.0,0.1,0.0,0.0,0
2025-02-24 23:00:00,1319,curing,24.74,25.66,24.16,25.59,21.53,22.06,41.96,44.22,30.0,30.8,8.0,0.1,0.0,0.0,0
2025-02-25 00:00:00,1320,curing,24.31,25.75,23.93,25.06,21.45,21.97,41.91,43.8,30.0,30.83,8.8,0.0,0.0,0.0,1
2025-02-25 01:00:00,1321,curing,24.34,25.58,23.72,24.81,21.44,21.95,41.89,43.98,30.04,30.74,8.08,0.1,0.0,0.0,0
2025-02-25 02:00:00,1322,curing,24.44,25.78,24.17,25.26,21.38,22.0,41.97,43.88,30.01,30.63,8.17,0.1,0.0,0.0,0
2025-02-25 03:00:00,1323,curing,24.16,26.04,24.45,25.45,21.43,21.97,42.0,43.86,30.0,30.6,8.25,0.1,0.0,0.0,0
2025-02-25 04:00:00,1324,curing,24.48,25.78,24.32,25.34,21.43,22.08,41.9,43.93,30.07,30.65,8.33,0.1,0.0,0.0,0
2025-02-25 05:00:00,1325,curing,24.61,25.75,24.03,24.78,21.38,21.98,41.89,43.88,30.0,30.67,8.4,0.1,0.0,0.0,0
2025-02-25 06:00:00,1326,curing,24.49,25.54,24.07,24.87,21.35,22.0,41.96,43.74,30.01,30.85,8.47,0.1,0.0,0.0,0
2025-02-25 07:00:00,1327,curing,24.16,26.19,24.23,24.99,21.35,22.13,41.89,43.79,30.06,30.68,8.54,0.1,0.0,0.0,0
2025-02-25 08:00:00,1328,curing,24.42,26.02,24.27,24.85,21.43,21.99,41.88,43.98,30.02,30.6,8.59,0.1,0.0,0.0,0
2025-02-25 09:00:00,1329,curing,24.57,26.01,24.01,25.15,21.38,22.03,42.0,43.89,30.09,30.69,8.65,0.1,0.0,0.0,0
2025-02-25 10:00:00,1330,curing,24.11,26.05,24.08,25.21,21.33,22.03,42.02,43.74,30.0,30.71,8.69,0.1,0.0,0.0,0
2025-02-25 11:00:00,1331,curing,24.25,25.98,24.13,24.88,21.29,22.04,42.0,43.92,30.08,30.59,8.73,0.1,0.0,0.0,0
2025-02-25 12:00:00,1332,curing,24.6,25.83,24.17,25.28,21.43,22.01,41.9,43.84,30.01,30.72,9.56,0.0,0.0,0.0,1
2025-02-25 13:00:00,1333,curing,24.49,25.84,24.05,25.25,21.36,22.01,41.73,43.81,30.04,30.79,8.78,0.1,0.0,0.0,0
2025-02-25 14:00:00,1334,curing,24.52,25.8,24.05,25.04,21.4,22.0,41.9,43.79,30.03,30.7,8.8,0.1,0.0,0.0,0
2025-02-25 15:00:00,1335,curing,24.77,26.35,24.32,25.11,21.45,21.97,41.85,43.97,30.09,30.63,8.8,0.1,0.0,0.0,0
2025-02-25 16:00:00,1336,curing,24.53,25.98,24.29,24.79,21.31,22.02,41.9,43.71,30.05,30.65,8.8,0.1,0.0,0.0,0
2025-02-25 17:00:00,1337,curing,24.56,25.79,24.16,25.08,21.38,22.11,41.85,43.81,30.0,30.56,8.78,0.1,0.0,0.0,0
2025-02-25 18:00:00,1338,curing,24.93,25.96,24.38,25.14,21.38,22.06,41.91,43.9,30.0,30.68,8.76,0.1,0.0,0.0,0
2025-02-25 19:00:00,1339,curing,24.4,25.69,24.0,25.17,21.4,22.01,41.82,44.02,30.0,30.72,8.73,0.1,0.0,0.0,0
2025-02-25 20:00:00,1340,curing,24.3,26.15,24.36,25.21,21.45,22.04,41.8,43.93,30.0,30.62,8.69,0.1,0.0,0.0,0
2025-02-25 21:00:00,1341,curing,24.52,25.75,24.17,25.18,21.31,21.95,42.02,43.81,30.0,30.84,8.65,0.1,0.0,0.0,0
2025-02-25 22:00:00,1342,curing,24.52,25.97,24.65,25.09,21.41,21.98,41.83,44.02,30.0,30.75,8.59,0.1,0.0,0.0,0
2025-02-25 23:00:00,1343,curing,24.35,26.07,23.86,25.19,21.44,22.05,41.91,43.77,30.0,30.55,8.54,0.1,0.0,0.0,0
2025-02-26 00:00:00,1344,curing,24.13,25.4,23.48,25.25,21.24,22.04,41.71,43.57,30.15,30.38,9.27,0.0,0.0,0.0,1
2025-02-26 01:00:00,1345,curing,24.73,25.35,23.68,25.05,21.25,21.92,41.71,43.59,30.0,30.44,8.4,0.1,0.0,0.0,0
2025-02-26 02:00:00,1346,curing,24.38,25.33,23.68,25.12,21.28,21.94,41.7,43.47,30.14,30.64,8.33,0.1,0.0,0.0,0
2025-02-26 03:00:00,1347,curing,24.19,25.32,23.95,25.03,21.27,22.08,41.66,43.61,30.03,30.59,8.25,0.1,0.0,0.0,0
2025-02-26 04:00:00,1348,curing,24.48,25.22,23.49,24.95,21.29,21.97,41.69,43.51,30.0,30.64,8.17,0.1,0.0,0.0,0
2025-02-26 05:00:00,1349,curing,24.3,25.25,23.77,25.16,21.28,22.06,41.75,43.61,30.0,30.52,8.08,0.1,0.0,0.0,0
2025-02-26 06:00:00,1350,curing,24.27,25.6,23.81,24.97,21.2,21.97,41.67,43.39,30.0,30.5,8.0,0.1,0.0,0.0,0
2025-02-26 07:00:00,1351,curing,24.42,25.31,23.73,25.14,21.31,21.98,41.47,43.58,30.14,30.42,8.0,0.09,0.0,0.0,0
2025-02-26 08:00:00,1352,curing,24.09,25.19,23.43,25.07,21.32,21.95,41.59,43.52,30.12,30.55,8.0,0.1,0.0,0.0,0
2025-02-26 09:00:00,1353,curing,24.38,25.23,23.86,25.01,21.26,22.01,41.69,43.65,30.02,30.5,8.0,0.1,0.0,0.0,0
2025-02-26 10:00:00,1354,curing,24.66,25.53,23.82,25.01,21.17,22.04,41.58,43.55,30.0,30.5,8.0,0.1,0.0,0.0,0
2025-02-26 11:00:00,1355,curing,24.4,25.45,23.71,24.98,21.25,21.91,41.77,43.66,30.0,30.64,8.0,0.1,0.0,0.0,0
2025-02-26 12:00:00,1356,curing,24.25,25.43,23.64,24.77,21.26,21.94,41.63,43.6,30.0,30.51,8.33,0.0,0.0,0.0,1
2025-02-26 13:00:00,1357,curing,24.23,25.28,23.65,25.14,21.19,22.01,41.64,43.54,30.09,30.62,8.0,0.1,0.0,0.0,0
2025-02-26 14:00:00,1358,curing,24.24,25.43,23.59,25.11,21.24,21.96,41.73,43.62,30.12,30.39,8.0,0.1,0.0,0.0,0
2025-02-26 15:00:00,1359,curing,24.27,25.21,23.72,25.22,21.18,21.94,41.62,43.62,30.01,30.73,8.0,0.1,0.0,0.0,0
2025-02-26 16:00:00,1360,curing,24.25,25.28,23.61,24.97,21.29,22.02,41.65,43.59,30.0,30.49,8.0,0.1,0.0,0.0,0
2025-02-26 17:00:00,1361,curing,24.48,25.5,23.45,25.41,21.26,22.02,41.71,43.35,30.11,30.57,8.0,0.1,0.0,0.0,0
2025-02-26 18:00:00,1362,curing,24.01,25.49,23.42,25.0,21.17,21.94,41.51,43.47,30.0,30.59,8.0,0.1,0.0,0.0,0
2025-02-26 19:00:00,1363,curing,24.47,25.15,23.47,24.91,21.27,21.97,41.61,43.67,30.0,30.48,8.0,0.1,0.0,0.0,0
2025-02-26 20:00:00,1364,curing,24.25,25.17,23.64,24.89,21.25,21.9,41.7,43.44,30.03,30.58,8.0,0.1,0.0,0.0,0
2025-02-26 21:00:00,1365,curing,24.38,25.35,23.6,24.76,21.28,21.91,41.64,43.63,30.0,30.59,8.0,0.1,0.0,0.0,0
2025-02-26 22:00:00,1366,curing,24.12,25.64,23.64,25.34,21.23,21.97,41.76,43.61,30.0,30.46,8.0,0.1,0.0,0.0,0
2025-02-26 23:00:00,1367,curing,24.55,24.98,23.69,25.31,21.21,21.96,41.5,43.49,30.0,30.46,8.0,0.1,0.0,0.0,0
2025-02-27 00:00:00,1368,curing,24.33,25.38,23.94,24.76,21.08,21.87,41.21,43.04,30.1,30.35,8.04,0.0,0.0,0.0,1
2025-02-27 01:00:00,1369,curing,24.28,25.08,24.31,24.49,21.1,21.89,41.42,43.17,30.14,30.34,8.0,0.1,0.0,0.0,0
2025-02-27 02:00:00,1370,curing,23.84,25.21,24.01,24.98,21.13,21.87,41.43,43.4,30.01,30.45,8.0,0.09,0.0,0.0,0
2025-02-27 03:00:00,1371,curing,24.26,25.26,23.98,24.59,21.13,21.95,41.34,43.14,30.0,30.4,8.0,0.09,0.0,0.0,0
2025-02-27 04:00:00,1372,curing,24.18,25.25,24.14,24.6,21.11,21.82,41.39,43.15,30.0,30.34,8.0,0.09,0.0,0.0,0
2025-02-27 05:00:00,1373,curing,23.82,25.23,23.73,24.91,21.1,21.87,41.42,43.13,30.0,30.39,8.0,0.1,0.0,0.0,0
2025-02-27 06:00:00,1374,curing,24.11,25.33,23.91,24.77,21.11,21.83,41.28,43.32,30.0,30.19,8.0,0.1,0.0,0.0,0
2025-02-27 07:00:00,1375,curing,24.17,25.23,24.23,25.05,21.26,21.95,41.29,43.2,30.0,30.3,8.0,0.09,0.0,0.0,0
2025-02-27 08:00:00,1376,curing,24.21,25.06,23.75,24.7,21.08,21.83,41.37,43.16,30.03,30.37,8.0,0.09,0.0,0.0,0
2025-02-27 09:00:00,1377,curing,24.14,25.47,24.25,24.58,21.09,21.93,41.43,43.34,30.0,30.43,8.0,0.1,0.0,0.0,0
2025-02-27 10:00:00,1378,curing,24.16,25.47,24.32,24.54,21.3,22.01,41.25,43.27,30.0,30.36,8.0,0.1,0.0,0.0,0
2025-02-27 11:00:00,1379,curing,24.37,25.48,23.99,24.32,21.15,22.02,41.34,43.14,30.0,30.46,8.0,0.09,0.0,0.0,0
2025-02-27 12:00:00,1380,curing,24.33,25.05,24.11,24.6,21.05,21.83,41.33,43.11,30.0,30.41,8.8,0.0,0.0,0.0,1
2025-02-27 13:00:00,1381,curing,23.6,25.38,24.25,24.86,21.17,21.94,41.39,43.32,30.0,30.31,8.08,0.1,0.0,0.0,0
2025-02-27 14:00:00,1382,curing,24.05,25.45,23.97,24.76,21.08,21.87,41.35,43.22,30.06,30.33,8.17,0.1,0.0,0.0,0
2025-02-27 15:00:00,1383,curing,24.08,25.14,24.21,24.66,21.17,21.86,41.31,43.08,30.0,30.38,8.25,0.09,0.0,0.0,0
2025-02-27 16:00:00,1384,curing,23.8,25.33,23.93,24.48,21.11,21.92,41.46,43.06,30.12,30.31,8.33,0.1,0.0,0.0,0
2025-02-27 17:00:00,1385,curing,24.13,25.31,23.97,24.69,21.1,21.99,41.31,43.12,30.01,30.46,8.4,0.09,0.0,0.0,0
2025-02-27 18:00:00,1386,curing,24.33,25.66,23.91,24.83,21.21,21.96,41.33,43.11,30.05,30.26,8.47,0.1,0.0,0.0,0
2025-02-27 19:00:00,1387,curing,23.92,25.68,24.11,24.73,21.15,21.89,41.22,43.04,30.05,30.37,8.54,0.1,0.0,0.0,0
2025-02-27 20:00:00,1388,curing,24.17,25.03,24.26,24.68,21.18,21.96,41.29,43.12,30.0,30.4,8.59,0.1,0.0,0.0,0
2025-02-27 21:00:00,1389,curing,23.95,25.78,24.02,24.51,21.15,21.81,41.4,43.14,30.0,30.32,8.65,0.1,0.0,0.0,0
2025-02-27 22:00:00,1390,curing,23.99,25.16,23.83,24.81,21.1,21.89,41.38,43.18,30.0,30.3,8.69,0.1,0.0,0.0,0
2025-02-27 23:00:00,1391,curing,24.37,25.51,23.86,24.09,21.16,21.88,41.41,43.37,30.0,30.34,8.73,0.09,0.0,0.0,0
2025-02-28 00:00:00,1392,curing,24.39,25.7,23.66,25.04,21.06,21.89,41.12,42.86,30.05,30.24,9.56,0.0,0.0,0.0,1
2025-02-28 01:00:00,1393,curing,24.57,25.34,23.92,25.43,21.0,21.88,41.25,42.87,30.0,30.13,8.78,0.09,0.0,0.0,0
2025-02-28 02:00:00,1394,curing,24.16,25.61,23.66,24.7,21.09,21.88,41.01,42.93,30.04,30.09,8.8,0.09,0.0,0.0,0
2025-02-28 03:00:00,1395,curing,24.82,25.5,23.53,24.93,21.04,21.88,40.94,42.86,30.0,30.26,8.8,0.09,0.0,0.0,0
2025-02-28 04:00:00,1396,curing,24.6,25.62,23.73,24.97,21.01,21.89,40.98,42.92,30.0,30.2,8.8,0.09,0.0,0.0,0
2025-02-28 05:00:00,1397,curing,24.46,25.56,23.55,24.89,21.01,21.92,41.01,42.91,30.09,30.25,8.78,0.09,0.0,0.0,0
2025-02-28 06:00:00,1398,curing,24.59,25.74,23.53,25.16,21.0,21.9,40.99,42.89,30.0,30.23,8.76,0.09,0.0,0.0,0
2025-02-28 07:00:00,1399,curing,24.24,25.54,23.42,25.06,20.93,21.87,41.08,43.13,30.0,30.34,8.73,0.09,0.0,0.0,0
2025-02-28 08:00:00,1400,curing,24.7,25.49,23.84,25.0,20.99,21.91,41.18,42.96,30.0,30.26,8.69,0.09,0.0,0.0,0
2025-02-28 09:00:00,1401,curing,24.43,25.72,23.14,25.11,21.01,21.93,41.21,42.79,30.0,30.12,8.65,0.09,0.0,0.0,0
2025-02-28 10:00:00,1402,curing,24.45,25.63,23.74,24.98,20.97,21.86,41.12,42.92,30.0,30.21,8.59,0.1,0.0,0.0,0
2025-02-28 11:00:00,1403,curing,24.4,25.66,23.51,25.54,21.01,21.89,41.26,42.81,30.08,30.13,8.54,0.09,0.0,0.0,0
2025-02-28 12:00:00,1404,curing,24.39,25.4,23.52,25.0,21.0,21.95,41.04,42.92,30.0,30.14,9.27,0.0,0.0,0.0,1
2025-02-28 13:00:00,1405,curing,24.61,25.33,23.89,25.01,21.04,21.83,40.93,42.76,30.0,30.06,8.4,0.09,0.0,0.0,0
2025-02-28 14:00:00,1406,curing,24.54,25.42,23.47,24.67,21.03,21.99,41.17,42.79,30.0,30.15,8.33,0.09,0.0,0.0,0
2025-02-28 15:00:00,1407,curing,24.61,25.41,23.47,24.88,21.0,21.82,40.92,42.91,30.0,30.22,8.25,0.09,0.0,0.0,0
2025-02-28 16:00:00,1408,curing,24.49,25.67,23.57,25.18,20.92,21.87,41.01,42.97,30.09,30.17,8.17,0.09,0.0,0.0,0
2025-02-28 17:00:00,1409,curing,24.58,25.7,23.67,24.73,21.09,21.84,41.12,42.93,30.05,30.09,8.08,0.09,0.0,0.0,0
2025-02-28 18:00:00,1410,curing,24.42,25.49,23.52,24.59,20.99,22.01,41.07,42.96,30.0,30.05,8.0,0.09,0.0,0.0,0
2025-02-28 19:00:00,1411,curing,24.89,25.78,23.31,24.98,20.99,21.86,41.06,42.92,30.0,30.34,8.0,0.09,0.0,0.0,0
2025-02-28 20:00:00,1412,curing,24.21,25.77,23.44,25.22,20.98,21.86,40.97,42.9,30.0,30.2,8.0,0.09,0.0,0.0,0
2025-02-28 21:00:00,1413,curing,24.71,25.57,23.82,24.98,20.97,21.87,41.07,42.84,30.0,30.11,8.0,0.09,0.0,0.0,0
2025-02-28 22:00:00,1414,curing,24.73,25.37,23.61,24.91,21.08,21.9,41.16,42.95,30.0,30.21,8.0,0.09,0.0,0.0,0
2025-02-28 23:00:00,1415,curing,24.34,25.81,23.67,24.64,21.07,21.87,41.08,42.97,30.0,30.34,8.0,0.09,0.0,0.0,0
2025-03-01 00:00:00,1416,curing,25.04,25.59,24.07,24.41,20.89,21.85,40.73,42.54,30.04,30.05,8.33,0.0,0.0,0.0,1
2025-03-01 01:00:00,1417,curing,24.82,25.62,24.0,24.44,20.86,21.66,40.69,42.54,30.04,30.0,8.0,0.09,0.0,0.0,0
2025-03-01 02:00:00,1418,curing,24.81,25.53,24.41,24.01,20.9,21.86,40.73,42.69,30.06,30.21,8.0,0.09,0.0,0.0,0
2025-03-01 03:00:00,1419,curing,24.65,25.43,24.08,24.53,20.87,21.86,40.83,42.55,30.0,30.0,8.0,0.09,0.0,0.0,0
2025-03-01 04:00:00,1420,curing,24.6,25.33,24.04,24.46,20.85,21.91,40.83,42.56,30.0,30.0,8.0,0.09,0.0,0.0,0
2025-03-01 05:00:00,1421,curing,24.6,25.71,24.31,24.53,20.88,21.92,40.73,42.59,30.0,30.0,8.0,0.09,0.0,0.0,0
2025-03-01 06:00:00,1422,curing,24.71,25.45,23.99,24.43,20.84,21.84,40.61,42.54,30.0,30.0,8.0,0.09,0.0,0.0,0
2025-03-01 07:00:00,1423,curing,24.89,26.15,24.01,24.44,20.88,21.9,40.83,42.48,30.0,30.02,8.0,0.09,0.0,0.0,0
2025-03-01 08:00:00,1424,curing,24.67,25.4,24.12,24.42,20.88,21.8,40.72,42.58,30.0,30.0,8.0,0.09,0.0,0.0,0
2025-03-01 09:00:00,1425,curing,24.48,25.37,24.11,24.48,20.9,21.9,40.86,42.55,30.0,30.0,8.0,0.09,0.0,0.0,0
2025-03-01 10:00:00,1426,curing,24.79,25.69,24.16,24.0,20.83,21.82,40.73,42.71,30.09,30.09,8.0,0.09,0.0,0.0,0
2025-03-01 11:00:00,1427,curing,24.8,25.87,24.49,24.06,20.9,21.79,40.71,42.62,30.02,30.0,8.0,0.09,0.0,0.0,0
2025-03-01 12:00:00,1428,curing,24.76,25.61,24.17,24.19,20.82,21.84,40.81,42.5,30.0,30.0,8.04,0.0,0.0,0.0,1
2025-03-01 13:00:00,1429,curing,24.77,25.7,23.69,24.3,20.83,21.93,41.0,42.61,30.03,30.0,8.0,0.09,0.0,0.0,0
2025-03-01 14:00:00,1430,curing,24.59,25.26,24.17,24.39,20.84,21.86,40.86,42.58,30.0,30.0,8.0,0.09,0.0,0.0,0
2025-03-01 15:00:00,1431,curing,24.47,25.47,24.12,24.38,20.81,21.93,40.81,42.66,30.0,30.0,8.0,0.09,0.0,0.0,0
2025-03-01 16:00:00,1432,curing,24.49,25.4,24.12,24.53,20.92,21.81,40.83,42.5,30.0,30.0,8.0,0.09,0.0,0.0,0
2025-03-01 17:00:00,1433,curing,24.35,25.25,24.16,24.53,20.81,21.91,40.65,42.57,30.04,30.04,8.0,0.09,0.0,0.0,0
2025-03-01 18:00:00,1434,curing,24.68,25.62,24.11,24.17,20.83,21.82,40.7,42.54,30.0,30.05,8.0,0.09,0.0,0.0,0
2025-03-01 19:00:00,1435,curing,24.63,25.19,24.11,24.37,20.93,21.87,40.58,42.55,30.0,30.0,8.0,0.09,0.0,0.0,0
2025-03-01 20:00:00,1436,curing,24.56,25.36,24.22,24.17,20.83,21.87,40.94,42.47,30.08,30.0,8.0,0.09,0.0,0.0,0
2025-03-01 21:00:00,1437,curing,24.11,25.5,24.02,24.29,20.85,21.89,40.93,42.6,30.0,30.01,8.0,0.09,0.0,0.0,0
2025-03-01 22:00:00,1438,curing,24.42,25.45,23.95,24.38,20.81,21.87,40.83,42.59,30.0,30.0,8.0,0.09,0.0,0.0,0
2025-03-01 23:00:00,1439,curing,24.84,25.67,24.65,23.72,20.91,21.81,40.81,42.66,30.05,30.01,8.0,0.09,0.0,0.0,0
